"record_fiscal_year","record_date","parent_id","classification_id","classification_desc","current_month_net_outly_amt"
"2015","2015-04-30","13224526","13224592","Family Housing:","null"
"2015","2015-04-30","13226071","13226072","Total On-Budget","138518811347.47"
"2015","2015-04-30","13225861","13225863","Aeronautics","46834531.38"
"2015","2015-05-31","13833319","13833332","Other","4527038.07"
"2015","2015-04-30","null","13224777","Department of Health and Human Services:","null"
"2015","2015-06-30","14447040","14447050","District of Columbia:","null"
"2015","2015-04-30","13225764","13225766","Military Retirement:","null"
"2015","2015-04-30","13224928","13225008","Government National Mortgage Association:","null"
"2015","2015-04-30","13225688","13225692","Medical Services","4230916883.13"
"2015","2015-03-31","null","12662776","Department of Defense--Military Programs:","null"
"2015","2015-03-31","12662910","12662918","Department of the Navy","'-22557969.03"
"2015","2015-04-30","13225054","13225132","Fish and Wildlife and Parks:","null"
"2015","2015-05-31","13834398","13834414","Advances to the Unemployment Trust Fund and Other Funds","null"
"2015","2015-05-31","null","13834679","General Services Administration:","null"
"2015","2015-06-30","14445729","14445831","Proprietary Receipts from the Public:","null"
"2015","2015-04-30","13225353","13225446","Occupational Safety and Health Administration","44424459.22"
"2015","2015-06-30","14445897","14445909","Other","'-554255.87"
"2015","2015-06-30","14445859","14445913","Institute of Education Sciences","65536238.95"
"2015","2015-04-30","13225353","13225448","Mine Safety and Health Administration","27079368.97"
"2015","2015-04-30","13225839","13225843","Operating Expenses","97620973.16"
"2015","2015-05-31","13834791","13834794","General and Special Payments","14435021.41"
"2015","2015-06-30","14446591","14446660","Interest on the Public Debt:","null"
"2015","2015-07-31","null","14973853","Department of Education:","null"
"2015","2015-03-31","12662910","12662922","Department of the Air Force","'-39064476.97"
"2015","2015-03-31","12664251","12664252","Federal Hospital Insurance Trust Fund:","null"
"2015","2015-06-30","14446548","14446584","Other","44635922.34"
"2015","2015-05-31","13834543","13834548","Other","79215879.04"
"2015","2015-07-31","14973855","14973863","State Fiscal Stabilization Fund, Recovery Act","100546582.03"
"2015","2015-03-31","12663508","12663510","Employment and Training Administration:","null"
"2015","2015-04-30","13225353","13225450","Bureau of Labor Statistics","40671046.02"
"2015","2015-06-30","14445490","14445575","Natural Resources Conservation Service:","null"
"2015","2015-07-31","14975095","14975097","Civil Service Retirement and Disability Fund:","null"
"2015","2015-03-31","12664249","12664256","Department of State:","null"
"2015","2015-04-30","null","13225925","Independent Agencies:","null"
"2015","2015-05-31","13834648","13834655","Educational Benefits","31695444.80"
"2015","2015-06-30","14446548","14446561","Federal Highway Administration:","null"
"2015","2015-07-31","14975170","14975172","Other","'-134086.37"
"2015","2015-04-30","13225359","13225408","Unemployment Trust Fund:","null"
"2015","2015-05-31","13834786","13834796","Equal Employment Opportunity Commission","25659507.27"
"2015","2015-09-30","15697840","15697969","Rural Utilities Service:","null"
"2015","2015-03-31","12663722","12663728","Financial Agent Services","39166327.28"
"2015","2015-04-30","13224502","13224516","Other","4789686.92"
"2015","2015-06-30","14446824","14446830","General Activities","'-19065233.36"
"2015","2015-04-30","13224502","13224518","Proprietary Receipts from the Public","'-1469531.17"
"2015","2015-04-30","13225684","13225734","Proprietary Receipts from the Public:","null"
"2015","2015-07-31","14973855","14973865","Other","36713358.41"
"2015","2015-03-31","12662910","12662926","Defense Agencies","'-209851255.36"
"2015","2015-03-31","null","12664247","Undistributed Offsetting Receipts:","null"
"2015","2015-06-30","14446824","14446832","Proprietary Receipts from the Public","'-32975512.12"
"2015","2015-09-30","15698165","15698166","National Nuclear Security Administration:","null"
"2015","2015-03-31","12662930","12662934","Department of the Army","'-4743964.31"
"2015","2015-04-30","null","13225871","National Science Foundation:","null"
"2015","2015-09-30","15698200","15698206","Federal Hospital Insurance Trust Fund:","null"
"2015","2015-03-31","12662776","12662858","Revolving and Management Funds:","null"
"2015","2015-04-30","13225353","13225452","Departmental Management","60394177.66"
"2015","2015-07-31","14973855","14973867","Total--Office of Elementary and Secondary Education","1634960039.06"
"2015","2015-04-30","13224502","13224520","Intrabudgetary Transactions","'-4646032.84"
"2015","2015-06-30","14446035","14446042","Payments to States for Child Support Enforcement and Family Support Programs","279412034.27"
"2015","2015-09-30","15698417","15698419","Land and Minerals Management:","null"
"2015","2015-03-31","12663722","12663730","Interest Paid to Credit Financing Accounts","null"
"2015","2015-06-30","14446035","14446044","Low Income Home Energy Assistance","186305475.59"
"2015","2015-04-30","13224502","13224522","Offsetting Governmental Receipts","'-1986180.99"
"2015","2015-05-31","13834216","13834316","Office of the Special Trustee for American Indians","24322889.55"
"2015","2015-07-31","14973853","14973869","Office of Innovation and Improvement","145404294.32"
"2015","2015-03-31","12662930","12662938","Department of the Navy","238587.93"
"2015","2015-06-30","14446035","14446046","Refugee and Entrant Assistance","110261301.81"
"2015","2015-03-31","12663722","12663736","Total--Financial Management Service","324235663.62"
"2015","2015-04-30","13224502","13224524","Total--Department of Commerce","633790674.18"
"2015","2015-06-30","14446035","14446048","Child Care Entitlement to States","227236201.84"
"2015","2015-05-31","13834216","13834320","Department-Wide Programs","136292540.73"
"2015","2015-06-30","14446824","14446834","Intrabudgetary Transactions","1479083.10"
"2015","2015-03-31","12663720","12663738","Bureau of the Public Debt","327034809.95"
"2015","2015-05-31","13834216","13834324","Other","17831458.57"
"2015","2015-06-30","14446035","14446050","Payments to States for the Child Care and Development Block Grant","171735907.75"
"2015","2015-03-31","12663720","12663740","Total--Bureau of the Fiscal Service","651270473.57"
"2015","2015-05-31","13834786","13834797","Export-Import Bank of the United States","'-38112970.09"
"2015","2015-06-30","14446824","14446836","Total--General Services Administration","'-41363572.90"
"2015","2015-09-30","15698267","15698273","Payments for Tax and Other Credits:","null"
"2015","2015-03-31","12662930","12662942","Department of the Air Force","'-27304469.16"
"2015","2015-04-30","13224528","13224530","Department of the Army","4539531574.99"
"2015","2015-05-31","13834786","13834798","Federal Communications Commission:","null"
"2015","2015-06-30","null","14446742","Corps of Engineers:","null"
"2015","2015-05-31","13834798","13834799","Universal Service Fund","721141570.35"
"2015","2015-06-30","14446838","14446840","Millennium Challenge Corporation","71047004.49"
"2015","2015-04-30","13224528","13224532","Department of the Navy","3507579199.36"
"2015","2015-04-30","13225353","13225454","Other","24562746.57"
"2015","2015-09-30","15698523","15698525","Employment and Training Administration:","null"
"2015","2015-03-31","12662930","12662946","Defense Agencies","'-111959672.65"
"2015","2015-03-31","12663706","12663742","Federal Financing Bank","'-347766395.15"
"2015","2015-06-30","14446035","14446052","Social Services Block Grant","124689835.11"
"2015","2015-03-31","12662950","12662954","Department of the Army","'-100886.48"
"2015","2015-03-31","12663706","12663744","Alcohol and Tobacco Tax and Trade Bureau:","null"
"2015","2015-04-30","13225998","13226067","Total--Undistributed Offsetting Receipts","'-10861913511.46"
"2015","2015-04-30","13224528","13224534","Department of the Air Force","2588861552.94"
"2015","2015-04-30","null","13226068","Total Outlays","315087162351.27"
"2015","2015-08-31","15336212","15336219","Other","37782813.25"
"2015","2015-03-31","12663744","12663746","Salaries and Expenses","10637113.41"
"2015","2015-04-30","13225353","13225456","Proprietary Receipts from the Public","'-515465.30"
"2015","2015-05-31","13834798","13834800","Spectrum Auction Program Account","23937.67"
"2015","2015-06-30","14446842","14446850","Other","136778420.35"
"2015","2015-08-31","15336270","15336346","Revolving and Management Funds:","null"
"2015","2015-05-31","null","13834754","Small Business Administration:","null"
"2015","2015-06-30","14446035","14446054","Children and Families Services Programs","856798324.84"
"2015","2015-08-31","15336466","15336488","Energy Programs:","null"
"2015","2015-03-31","12663744","12663748","Internal Revenue Collections for Puerto Rico","20935555.56"
"2015","2015-06-30","14446842","14446854","Total--International Security Assistance","644257651.24"
"2015","2015-03-31","12663706","12663750","Bureau of Engraving and Printing","15824612.10"
"2015","2015-04-30","13224528","13224536","Defense Agencies","null"
"2015","2015-05-31","13834798","13834801","Other","32494993.46"
"2015","2015-06-30","14446035","14446056","Payments to States for Foster Care and Adoption Assistance","592305598.67"
"2015","2015-08-31","15336610","15336616","Payments for Tax and Other Credits:","null"
"2015","2015-04-30","13224528","13224538","Total--Military Personnel","10635972327.29"
"2015","2015-06-30","14446035","14446058","Other","47655446.88"
"2015","2015-06-30","14446856","14446858","Contribution to the International Development Association","null"
"2015","2015-03-31","12663706","12663752","United States Mint","'-86831187.33"
"2015","2015-05-31","13834802","13834807","Deposit Insurance Fund","'-553371909.42"
"2015","2015-06-30","14446866","14446868","Development Assistance Program","185892564.20"
"2015","2015-08-31","15336816","15336827","Other","8615581.01"
"2015","2015-03-31","12663706","12663754","Internal Revenue Service:","null"
"2015","2015-05-31","13834802","13834808","FSLIC Resolution Fund","252694.12"
"2015","2015-06-30","14446866","14446870","Assistance for Europe, Eurasia and Central Asia","10751076.86"
"2015","2015-03-31","12663754","12663756","Taxpayer Services","290881770.71"
"2015","2015-07-31","14973853","14973871","Office of English Language Acquisition","54088922.75"
"2015","2015-08-31","15337110","15337112","Airport and Airway Trust Fund:","null"
"2015","2015-06-30","14446866","14446872","International Disaster Assistance","151806360.99"
"2015","2015-03-31","12663754","12663758","Enforcement","571275758.11"
"2015","2015-04-30","13224540","13224542","Department of the Army","6670517671.87"
"2015","2015-06-30","14446035","14446060","Total--Administration for Children and Families","4272793378.17"
"2015","2015-03-31","12663754","12663760","Operations Support","437581331.23"
"2015","2015-04-30","13224540","13224544","Department of the Navy","4493335746.19"
"2015","2015-05-31","13834802","13834810","Total--Federal Deposit Insurance Corporation","'-553119215.30"
"2015","2015-03-31","12662776","12662962","Total--Department of Defense--Military Programs","46531618813.40"
"2015","2015-04-30","13226068","13226069","Total On-Budget","251492429443.05"
"2015","2015-06-30","14445979","14446066","Other","119930565.98"
"2015","2015-04-30","13225353","13225458","Intrabudgetary Transactions","'-26196778.34"
"2015","2015-06-30","14446866","14446874","Operating Expenses","27858618.05"
"2015","2015-03-31","12662966","12662970","Office of Elementary and Secondary Education:","null"
"2015","2015-04-30","13225353","13225460","Total--Department of Labor","4527421484.70"
"2015","2015-03-31","12662970","12662974","Accelerating Achievement and Ensuring Equity","1443688815.63"
"2015","2015-04-30","null","13225462","Department of State:","null"
"2015","2015-05-31","13834786","13834813","Institute of Museum and Library Services","16231087.94"
"2015","2015-06-30","14446866","14446876","Other","484539114.41"
"2015","2015-08-31","15337485","15337494","Department of Labor:","null"
"2015","2015-03-31","12662970","12662978","Impact Aid","114653427.03"
"2015","2015-04-30","13225462","13225464","Administration of Foreign Affairs:","null"
"2015","2015-06-30","14445979","14446068","Proprietary Receipts from the Public","'-7192274881.13"
"2015","2015-07-31","14973873","14973875","Special Education","1011151068.53"
"2015","2015-03-31","12662970","12662982","Education Improvement Programs","410519349.93"
"2015","2015-04-30","13224540","13224546","Department of the Air Force","4335890865.36"
"2015","2015-04-30","13226068","13226070","Total Off-Budget","63594732908.22"
"2015","2015-06-30","14446072","14446074","Federal Supplementary Medical Insurance Trust Fund","'-20860368968.63"
"2015","2015-07-31","14973873","14973877","Rehabilitation Services and Disability Research","261549971.79"
"2015","2015-04-30","13224540","13224548","Defense Agencies","6094465144.37"
"2015","2015-04-30","null","13226071","Total Surplus (+) or Deficit (-)","156714078439.25"
"2015","2015-06-30","14446076","14446078","Federal Hospital Insurance Trust Fund","'-3685515286.67"
"2015","2015-06-30","14446866","14446878","Proprietary Receipts from the Public","'-598171.84"
"2015","2015-09-30","15699181","15699200","Intrabudgetary Transactions:","null"
"2015","2015-03-31","12663754","12663762","Build America Bond Payments, Recovery Act","139234342.34"
"2015","2015-05-31","13834786","13834814","Intelligence Community Management Account","21001583.12"
"2015","2015-06-30","14446866","14446880","Intrabudgetary Transactions","5169473.02"
"2015","2015-04-30","13226071","13226073","Total Off-Budget","18195267091.78"
"2015","2015-05-31","13834216","13834328","Proprietary Receipts from the Public","'-423151407.69"
"2015","2015-07-31","14973873","14973879","Special Institutions for Persons with Disabilities","24060396.50"
"2015","2015-05-31","13834216","13834332","Intrabudgetary Transactions","'-43611178.48"
"2015","2015-05-31","13834786","13834815","Legal Services Corporation","32100000.00"
"2015","2015-03-31","12662970","12662986","State Fiscal Stabilization Fund, Recovery Act","57272717.86"
"2015","2015-04-30","13225464","13225466","Diplomatic and Consular Programs","1418881906.83"
"2015","2015-05-31","13834786","13834816","National Archives and Records Administration","27212950.84"
"2015","2015-07-31","14973853","14973881","Office of Vocational and Adult Education","124359240.50"
"2015","2015-04-30","13225464","13225468","Educational and Cultural Exchange Programs","54716105.55"
"2015","2015-07-31","14973853","14973883","Office of Postsecondary Education:","null"
"2015","2015-07-31","14973883","14973885","Higher Education","173463361.91"
"2015","2015-06-30","14446084","14446086","Departmental Management and Operations","105705799.81"
"2015","2015-04-30","13225464","13225470","Embassy Security, Construction, and Maintenance","'-113856218.28"
"2015","2015-06-30","14446084","14446088","Citizenship and Immigration Services","258976761.16"
"2015","2015-03-31","12662970","12662990","Other","32861238.68"
"2015","2015-05-31","13833081","13833083","Senate","67746366.27"
"2015","2015-05-31","13834786","13834817","National Credit Union Administration","'-36557496.38"
"2015","2015-06-30","14446866","14446882","Total--Agency for International Development","865419035.69"
"2015","2015-05-31","13834216","13834336","Total--Department of the Interior","820628056.32"
"2015","2015-06-30","14446084","14446090","United States Secret Service","145839680.08"
"2015","2015-03-31","12663754","12663764","Refundable Premium Tax Credits and Cost Sharing Reductions","2644823477.80"
"2015","2015-05-31","13833081","13833090","House of Representatives","97122496.63"
"2015","2015-06-30","14446838","14446884","Overseas Private Investment Corporation:","null"
"2015","2015-07-31","14973883","14973887","Other","84848555.91"
"2015","2015-04-30","13224540","13224550","Total--Operation and Maintenance","21594209427.79"
"2015","2015-04-30","13225464","13225472","Payment to Foreign Service Retirement and Disability Fund","null"
"2015","2015-05-31","13833081","13833092","Joint Items","1330972.08"
"2015","2015-06-30","14446084","14446092","Transportation Security Administration","220471503.90"
"2015","2015-03-31","12663754","12663766","Payment Where Earned Income Credit Exceeds Liability for Tax","14947624368.53"
"2015","2015-04-30","13224556","13224558","Department of the Army","1321969552.37"
"2015","2015-05-31","13834340","13834344","General Administration","94488136.98"
"2015","2015-03-31","12662970","12662994","Total--Office of Elementary and Secondary Education","2058995549.13"
"2015","2015-04-30","13224556","13224560","Department of the Navy","3241149176.86"
"2015","2015-05-31","13833081","13833101","Capitol Police","25557679.23"
"2015","2015-05-31","13834348","13834352","General Legal Activities","60909562.61"
"2015","2015-03-31","12662966","12662997","Office of Innovation and Improvement","110442715.25"
"2015","2015-04-30","13224556","13224562","Department of the Air Force","1985459089.80"
"2015","2015-03-31","12663754","12663768","Payment Where Child Tax Credit Exceeds Liability for Tax","3116004597.02"
"2015","2015-06-30","14446084","14446094","Immigration and Customs Enforcement","456677885.89"
"2015","2015-03-31","12663754","12663770","Payment Where American Opportunity Tax Credit Exceeds Liability for Tax","863531623.10"
"2015","2015-06-30","14446084","14446096","U.S. Customs and Border Protection","977340006.78"
"2015","2015-04-30","13224556","13224564","Defense Agencies","502357187.87"
"2015","2015-06-30","14446884","14446886","Overseas Private Investment Corporation Accounts","'-2088793.83"
"2015","2015-03-31","12663754","12663774","Refunding Internal Revenue Collections, Interest","115053555.69"
"2015","2015-05-31","13833081","13833107","Congressional Budget Office","3221870.33"
"2015","2015-07-31","14973883","14973889","Total--Office of Postsecondary Education","258311917.82"
"2015","2015-05-31","13833081","13833113","Architect of the Capitol","40447517.34"
"2015","2015-06-30","14446084","14446098","United States Coast Guard","899450551.88"
"2015","2015-05-31","13834348","13834356","United States Attorneys","151859257.13"
"2015","2015-07-31","14973891","14973893","Student Financial Assistance","896752254.01"
"2015","2015-03-31","12662966","12663001","Office of English Language Acquisition","86844625.58"
"2015","2015-05-31","13833081","13833118","Library of Congress","41985252.55"
"2015","2015-05-31","13834348","13834360","United States Marshals Service","87212281.62"
"2015","2015-06-30","14446884","14446888","Proprietary Receipts from the Public","'-18088725.81"
"2015","2015-03-31","12663754","12663776","Other","65353167.72"
"2015","2015-04-30","13224556","13224566","Total--Procurement","7050935006.90"
"2015","2015-04-30","13225464","13225474","Foreign Service Retirement and Disability Fund","77446034.85"
"2015","2015-06-30","14446884","14446892","Total--Overseas Private Investment Corporation","'-20177519.64"
"2015","2015-04-30","13224526","13224568","Research, Development, Test, and Evaluation:","null"
"2015","2015-05-31","13833081","13833122","Government Printing Office","'-3115176.18"
"2015","2015-05-31","13834348","13834364","Assets Forfeiture Fund","222564162.29"
"2015","2015-06-30","14446084","14446100","National Protection and Programs Directorate","163813321.66"
"2015","2015-07-31","14973891","14973895","Student Aid Administration","120744200.60"
"2015","2015-05-31","13834348","13834366","Other","151797216.42"
"2015","2015-04-30","13225464","13225476","Other","'-703448303.34"
"2015","2015-07-31","14973891","14973897","Federal Student Loan Reserve Fund","null"
"2015","2015-05-31","13833081","13833126","Government Accountability Office","38266412.60"
"2015","2015-05-31","13834786","13834819","National Endowment for the Humanities","11329211.31"
"2015","2015-04-30","13224568","13224570","Department of the Army","618715627.53"
"2015","2015-05-31","13834340","13834368","Federal Bureau of Investigation","647653195.50"
"2015","2015-06-30","14446838","14446896","International Monetary Programs","'-108159428.87"
"2015","2015-04-30","13224568","13224572","Department of the Navy","1354523001.73"
"2015","2015-05-31","13833081","13833130","United States Tax Court","4167850.75"
"2015","2015-05-31","13834786","13834820","National Labor Relations Board","20550354.35"
"2015","2015-03-31","12662966","12663005","Office of Special Education and Rehabilitative Services:","null"
"2015","2015-05-31","13834786","13834821","Nuclear Regulatory Commission","'-29265047.55"
"2015","2015-07-31","14973891","14973899","Federal Direct Student Loans","9307219909.00"
"2015","2015-03-31","12663005","12663007","Special Education","1410313860.24"
"2015","2015-04-30","13224568","13224574","Department of the Air Force","2165945916.50"
"2015","2015-05-31","13833081","13833133","Other Legislative Branch Agencies","4613439.56"
"2015","2015-03-31","12663005","12663009","Rehabilitation Services and Disability Research","276845419.06"
"2015","2015-05-31","13834340","13834370","Drug Enforcement Administration","179371363.13"
"2015","2015-05-31","13834822","13834823","Off-Budget:","null"
"2015","2015-06-30","14446898","14446900","Foreign Military Sales Trust Fund","3446325151.73"
"2015","2015-04-30","13224568","13224576","Defense Agencies","1437488376.32"
"2015","2015-05-31","13834340","13834372","Bureau of Alcohol, Tobacco, Firearms, and Explosives","85781892.78"
"2015","2015-06-30","14446102","14446104","State and Local Programs","198712835.14"
"2015","2015-03-31","12663754","12663778","Total--Internal Revenue Service","23191363992.25"
"2015","2015-04-30","13225464","13225478","Total--Administration of Foreign Affairs","733739525.61"
"2015","2015-05-31","13834340","13834374","Federal Prison System","548425231.73"
"2015","2015-05-31","13834340","13834376","Office of Justice Programs:","null"
"2015","2015-06-30","14446898","14446902","Other","3548656.24"
"2015","2015-04-30","13225462","13225480","International Organizations and Conferences","84483045.95"
"2015","2015-04-30","13225462","13225482","Global Health and Child Survival","495432253.88"
"2015","2015-04-30","13225462","13225484","Migration and Refugee Assistance","247374693.50"
"2015","2015-05-31","13834823","13834824","Public Enterprise Funds","'-1550434095.81"
"2015","2015-07-31","14973891","14973901","Federal Family Education Loans","'-23872398.04"
"2015","2015-03-31","12663706","12663780","Comptroller of the Currency","'-458727162.13"
"2015","2015-05-31","13834823","13834825","Other","3234.56"
"2015","2015-03-31","12663005","12663011","Special Institutions for Persons with Disabilities","14892153.83"
"2015","2015-05-31","13834822","13834826","Other","null"
"2015","2015-07-31","14973891","14973903","Other","7967.00"
"2015","2015-03-31","12663784","12663794","Total--Interest on the Public Debt","13888686828.36"
"2015","2015-05-31","13834376","13834378","State and Local Law Enforcement Assistance","53145603.89"
"2015","2015-06-30","14446102","14446106","Firefighter Assistance Grants","64732165.66"
"2015","2015-03-31","12662966","12663013","Office of Vocational and Adult Education","142897845.06"
"2015","2015-05-31","13833081","13833139","Proprietary Receipts from the Public","'-842330.14"
"2015","2015-06-30","14446898","14446904","Proprietary Receipts from the Public","'-3670562635.71"
"2015","2015-03-31","12663706","12663796","Other","9531463.30"
"2015","2015-05-31","13833081","13833144","Intrabudgetary Transactions","'-145679.29"
"2015","2015-06-30","14446838","14446906","Other","8097096.60"
"2015","2015-03-31","12662966","12663015","Office of Postsecondary Education:","null"
"2015","2015-04-30","13224568","13224578","Total--Research, Development, Test, and Evaluation","5576672922.08"
"2015","2015-05-31","13833081","13833149","Offsetting Governmental Receipts","null"
"2015","2015-05-31","13834827","13834829","Federal Payments to the Railroad Retirement Accounts","365209.76"
"2015","2015-06-30","14446102","14446108","Disaster Relief","422426813.88"
"2015","2015-03-31","12663015","12663017","Higher Education","154607570.42"
"2015","2015-03-31","12663706","12663798","Proprietary Receipts from the Public","'-4433696670.53"
"2015","2015-05-31","13834376","13834380","Community Oriented Policing Services","20668378.92"
"2015","2015-05-31","13834827","13834830","Railroad Unemployment Insurance Trust Fund:","null"
"2015","2015-03-31","12663015","12663019","Other","'-1110422.70"
"2015","2015-04-30","13224526","13224580","Military Construction:","null"
"2015","2015-05-31","13833081","13833154","Total--Legislative Branch","320356671.73"
"2015","2015-06-30","14446838","14446908","Total--International Assistance Programs","1261496459.82"
"2015","2015-03-31","12663706","12663800","Intrabudgetary Transactions","'-362187820.88"
"2015","2015-03-31","12663015","12663021","Total--Office of Postsecondary Education","153497147.72"
"2015","2015-05-31","13833160","13833166","Supreme Court of the United States","6883970.02"
"2015","2015-03-31","12662966","12663023","Office of Federal Student Aid:","null"
"2015","2015-04-30","13225462","13225486","International Narcotics Control and Law Enforcement","108159358.68"
"2015","2015-05-31","13834376","13834382","Crime Victims Fund","52490793.84"
"2015","2015-07-31","14973891","14973905","Total--Office of Federal Student Aid","10300851932.57"
"2015","2015-04-30","13225462","13225490","Other","43683307.00"
"2015","2015-05-31","13833160","13833172","Courts of Appeals, District Courts, and Other Judicial Services","546621424.04"
"2015","2015-06-30","14446102","14446110","National Flood Insurance Fund","'-139014669.71"
"2015","2015-07-31","14973853","14973907","Institute of Education Sciences","46427572.60"
"2015","2015-03-31","12663706","12663804","Total--Department of the Treasury","32586123406.81"
"2015","2015-06-30","14446910","14446912","Science","475087693.14"
"2015","2015-03-31","12663023","12663025","Student Financial Assistance","2416829861.28"
"2015","2015-03-31","null","12663806","Department of Veterans Affairs:","null"
"2015","2015-04-30","13225462","13225492","Proprietary Receipts from the Public","'-17092657.83"
"2015","2015-05-31","13833160","13833178","Other","26112883.24"
"2015","2015-06-30","14446910","14446914","Aeronautics","51557635.93"
"2015","2015-04-30","13224580","13224582","Department of the Army","215334163.68"
"2015","2015-06-30","14446910","14446916","Exploration","568462928.82"
"2015","2015-03-31","12663023","12663027","Student Aid Administration","109659165.97"
"2015","2015-05-31","13833160","13833184","Proprietary Receipts from the Public","'-19259203.21"
"2015","2015-06-30","14446102","14446112","Other","209233532.30"
"2015","2015-06-30","14446910","14446918","Cross Agency Support","258244467.32"
"2015","2015-03-31","12663806","12663808","Joint DOD-VA Medical Facility Demonstration Fund","33337987.66"
"2015","2015-05-31","null","13833202","Department of Agriculture:","null"
"2015","2015-03-31","12663806","12663810","Veterans Health Administration:","null"
"2015","2015-05-31","13834376","13834384","Other","89464241.98"
"2015","2015-05-31","13834830","13834831","Benefit Payments","5377568.01"
"2015","2015-04-30","13225462","13225494","Intrabudgetary Transactions","49200161.98"
"2015","2015-05-31","13834340","13834386","Other","64808008.62"
"2015","2015-07-31","14973853","14973909","Departmental Management","47223976.72"
"2015","2015-03-31","12663810","12663812","Veterans Choice Fund, Veterans Health Administration","9270948.10"
"2015","2015-05-31","13833202","13833208","Agricultural Research Service","86683619.04"
"2015","2015-05-31","13834830","13834832","Transfer To Administrative Funds","297130.00"
"2015","2015-05-31","13834827","13834834","Rail Industry Pension Fund:","null"
"2015","2015-06-30","14446910","14446920","Space Operations","486605527.48"
"2015","2015-07-31","14973853","14973911","Other","null"
"2015","2015-03-31","12663023","12663029","Federal Student Loan Reserve Fund","16066226.00"
"2015","2015-05-31","13833202","13833214","National Institute of Food and Agriculture:","null"
"2015","2015-05-31","13834834","13834835","Benefit Payments","429269697.46"
"2015","2015-06-30","14446102","14446114","Total--Federal Emergency Management Agency","756090677.27"
"2015","2015-04-30","13224580","13224584","Department of the Navy","134868431.38"
"2015","2015-05-31","13833214","13833227","Extension Activities","39156581.83"
"2015","2015-05-31","13834834","13834836","Advances from FOASDI Fund","null"
"2015","2015-06-30","14446910","14446922","Other","97168293.15"
"2015","2015-04-30","13225508","13225512","Facilities and Equipment","206439793.57"
"2015","2015-06-30","14446084","14446118","Science and Technology","72432122.21"
"2015","2015-07-31","14973853","14973913","Proprietary Receipts from the Public","'-140138361.92"
"2015","2015-03-31","12663023","12663033","Federal Family Education Loans","'-42955262.35"
"2015","2015-05-31","13833214","13833233","Other","7241525.83"
"2015","2015-03-31","12663023","12663035","Other","'-115027.77"
"2015","2015-04-30","13225508","13225514","Research, Engineering, and Development","11480200.15"
"2015","2015-05-31","13834340","13834388","Proprietary Receipts from the Public","'-34686995.85"
"2015","2015-04-30","13225504","13225522","Total--Federal Aviation Administration","1162797290.52"
"2015","2015-06-30","14446910","14446924","Proprietary Receipts from the Public","'-4936.71"
"2015","2015-07-31","14973853","14973915","Intrabudgetary Transactions","'-52133726.79"
"2015","2015-04-30","13225524","13225526","Highway Trust Fund:","null"
"2015","2015-05-31","13834340","13834390","Intrabudgetary Transactions","'-34712313.43"
"2015","2015-03-31","12663023","12663037","Total--Office of Federal Student Aid","2499484963.13"
"2015","2015-05-31","13834340","13834392","Offsetting Governmental Receipts","'-46264280.98"
"2015","2015-06-30","14446910","14446926","Intrabudgetary Transactions","'-9981.82"
"2015","2015-03-31","12663810","12663814","Medical Services","4443032459.46"
"2015","2015-06-30","14446930","14446932","Research and Related Activities","492103255.86"
"2015","2015-03-31","12663810","12663816","Medical Support and Compliance","504353062.72"
"2015","2015-04-30","13225526","13225528","Federal-Aid Highways","2339153510.41"
"2015","2015-06-30","14446084","14446122","Domestic Nuclear Detection Office","26460754.18"
"2015","2015-03-31","12662966","12663039","Institute of Education Sciences","77408890.60"
"2015","2015-06-30","14446930","14446934","Education and Human Resources","74375154.09"
"2015","2015-04-30","13224580","13224586","Department of the Air Force","82225617.91"
"2015","2015-04-30","13225526","13225530","Other","1246487.44"
"2015","2015-07-31","14973921","14973923","Naval Reactors","80476187.06"
"2015","2015-06-30","14446084","14446126","Other","48505235.94"
"2015","2015-05-31","13834340","13834394","Total--Department of Justice","2394975737.18"
"2015","2015-04-30","13225524","13225532","Highway Infrastructure Investment, Recovery Act","2389264.22"
"2015","2015-05-31","13834834","13834837","OASDI Certifications","'-1708788.19"
"2015","2015-03-31","12662966","12663041","Departmental Management","56692463.63"
"2015","2015-04-30","13225524","13225534","Other Programs","79049684.53"
"2015","2015-05-31","13834396","13834398","Employment and Training Administration:","null"
"2015","2015-06-30","14446930","14446936","Other","50149455.96"
"2015","2015-03-31","12662966","12663043","Other","68583.36"
"2015","2015-03-31","12663810","12663818","Medical Facilities","439616158.70"
"2015","2015-05-31","13834398","13834400","Training and Employment Services","254389739.76"
"2015","2015-06-30","14446930","14446939","Proprietary Receipts from the Public","'-4079493.79"
"2015","2015-03-31","12662966","12663045","Proprietary Receipts from the Public","'-648221592.50"
"2015","2015-05-31","13833202","13833239","Animal and Plant Health Inspection Service","139817601.31"
"2015","2015-06-30","14446084","14446130","Proprietary Receipts from the Public","'-116833015.08"
"2015","2015-07-31","14973921","14973925","Weapons Activities","642830604.21"
"2015","2015-03-31","12663822","12663830","Compensation and Pensions","984093066.93"
"2015","2015-04-30","13225524","13225536","Total--Federal Highway Administration","2421838946.60"
"2015","2015-03-31","12663822","12663832","Readjustment Benefits","672517020.44"
"2015","2015-04-30","13225498","13225538","Federal Motor Carrier Safety Administration","45860075.37"
"2015","2015-07-31","14973921","14973927","Defense Nuclear Nonproliferation","146057065.27"
"2015","2015-03-31","12662966","12663047","Intrabudgetary Transactions","685225110.29"
"2015","2015-05-31","13833202","13833245","Food Safety and Inspection Service","67287275.82"
"2015","2015-03-31","12663822","12663834","Veterans Housing Benefit Program Fund","532695205.79"
"2015","2015-06-30","14446930","14446944","Total--National Science Foundation","612548372.12"
"2015","2015-03-31","12663836","12663838","National Service Life","103140902.54"
"2015","2015-07-31","14973921","14973929","Other","26051909.60"
"2015","2015-05-31","13833202","13833251","Agricultural Marketing Service","63774475.22"
"2015","2015-07-31","14973919","14973931","Environmental and Other Defense Activities:","null"
"2015","2015-07-31","14973931","14973933","Defense Environmental Cleanup","413660393.59"
"2015","2015-03-31","12663836","12663840","Veterans Special Life","17747991.09"
"2015","2015-06-30","14446084","14446134","Intrabudgetary Transactions","'-6529370.77"
"2015","2015-07-31","14973931","14973935","Other Defense Activities","75693835.56"
"2015","2015-05-31","13833256","13833262","Administrative and Operating Expenses","8462789.60"
"2015","2015-05-31","13834834","13834838","Transfer to Administrative Funds","4964457.27"
"2015","2015-03-31","12663822","12663842","Other","11355181.55"
"2015","2015-04-30","13224580","13224588","Defense Agencies","262467227.77"
"2015","2015-05-31","13833256","13833269","Federal Crop Insurance Corporation Fund","147451480.13"
"2015","2015-07-31","14973931","14973937","Defense Nuclear Waste Disposal","203833.61"
"2015","2015-04-30","13224580","13224590","Total--Military Construction","694895440.74"
"2015","2015-05-31","13834834","13834839","Other","'-50927.09"
"2015","2015-04-30","13224592","13224594","Department of the Army","51070392.04"
"2015","2015-05-31","13833277","13833285","Salaries and Expenses","30600250.34"
"2015","2015-05-31","13834398","13834402","Office of Job Corps","159314349.71"
"2015","2015-07-31","14973941","14973943","Science","454134338.74"
"2015","2015-03-31","12663822","12663844","Total--Benefits Programs","2326636779.20"
"2015","2015-05-31","13833277","13833295","Agricultural Disaster Relief Fund","14197.34"
"2015","2015-05-31","13834827","13834840","National Railroad Retirement Investment Trust:","null"
"2015","2015-07-31","14973941","14973945","Energy Supply","135278204.60"
"2015","2015-03-31","12663806","12663846","Departmental Administration:","null"
"2015","2015-04-30","13225498","13225540","National Highway Traffic Safety Administration","66108902.59"
"2015","2015-05-31","13834840","13834842","Administrative Expenses","6245573.34"
"2015","2015-06-30","14446084","14446138","Offsetting Governmental Receipts","'-548480367.52"
"2015","2015-04-30","13224592","13224596","Department of the Navy","28265149.68"
"2015","2015-03-31","12662966","12663049","Total--Department of Education","6925387734.38"
"2015","2015-06-30","14446084","14446142","Total--Department of Homeland Security","3459921547.39"
"2015","2015-07-31","14973941","14973947","Energy Efficiency and Renewable Energy","193192728.12"
"2015","2015-03-31","12663051","12663053","National Nuclear Security Administration:","null"
"2015","2015-04-30","13225542","13225544","Operating Subsidy Grants to the National Railroad Passenger Corporation","62500000.00"
"2015","2015-03-31","12663053","12663055","Naval Reactors","75239578.83"
"2015","2015-03-31","12663053","12663058","Weapons Activities","750212381.23"
"2015","2015-05-31","13834398","13834404","Community Service Employment for Older Americans","31841925.64"
"2015","2015-03-31","12663846","12663848","Construction","134005499.58"
"2015","2015-04-30","13224592","13224598","Department of the Air Force","34689736.54"
"2015","2015-05-31","13834398","13834406","Federal Unemployment Benefits and Allowances","36074449.39"
"2015","2015-06-30","14446150","14446154","Tenant Based Rental Assistance","1540021664.00"
"2015","2015-07-31","14973941","14973949","Fossil Energy Research and Development","54600575.69"
"2015","2015-03-31","12663846","12663850","Information Technology Systems","351437330.09"
"2015","2015-05-31","13834398","13834408","Federal Additional Unemployment Compensation Program-Recovery Act","'-1164077.06"
"2015","2015-06-30","14446946","14446948","Government Payment for Annuitants, Employees Health and Life Insurance Benefits","988436395.24"
"2015","2015-05-31","13834840","13834843","Transfers to the Railroad Retirement Trust Funds from the National Railroad Retirement Investment Trust","null"
"2015","2015-04-30","13225542","13225546","Capital and Debt Service Grants to the National Railroad Passenger Corporation","67882001.65"
"2015","2015-06-30","14446150","14446158","Housing Certificate Fund","22686568.82"
"2015","2015-06-30","14446946","14446954","Civil Service Retirement and Disability Fund","5505744115.50"
"2015","2015-04-30","13224592","13224600","Defense Agencies","3424327.54"
"2015","2015-05-31","13834827","13834844","Railroad Social Security Equivalent Benefit Account:","null"
"2015","2015-06-30","14446150","14446162","Project-Based Rental Assistance","863195265.39"
"2015","2015-04-30","13225542","13225548","Capital Assistance for High Speed Rail Corridors and Intercity Passenger Rail Service","30026221.10"
"2015","2015-03-31","12663846","12663852","General Operating Expenses","'-35346944.69"
"2015","2015-05-31","13834398","13834410","State Unemployment Insurance and Employment Service Operations","'-45020347.79"
"2015","2015-04-30","13224602","13224606","Department of the Navy","20062845.58"
"2015","2015-05-31","13834398","13834412","Payments to the Unemployment Trust Fund","null"
"2015","2015-07-31","14973941","14973951","Uranium Enrichment Decontamination and Decommissioning Fund","59004816.28"
"2015","2015-04-30","13224602","13224610","Defense Agencies:","null"
"2015","2015-04-30","13225542","13225552","Total--Federal Railroad Administration","190407232.98"
"2015","2015-06-30","14446150","14446166","Public Housing Capital Fund","272358106.02"
"2015","2015-03-31","12663053","12663061","Defense Nuclear Nonproliferation","239600301.67"
"2015","2015-03-31","12663846","12663854","Other","70670758.00"
"2015","2015-03-31","12663806","12663856","Proprietary Receipts from the Public:","null"
"2015","2015-05-31","13834398","13834416","Program Administration","17765328.32"
"2015","2015-03-31","12663053","12663063","Other","33440700.30"
"2015","2015-05-31","13834418","13834420","Federal-State Unemployment Insurance:","null"
"2015","2015-05-31","13834844","13834845","Benefit Payments","584918777.38"
"2015","2015-06-30","14446946","14446956","Employees Life Insurance Fund","6053400.21"
"2015","2015-03-31","12663856","12663858","National Service Life","'-14183182.04"
"2015","2015-05-31","13834844","13834846","Transfer To Administrative Funds","2878412.73"
"2015","2015-06-30","14446150","14446170","Public Housing Operating Fund","371142153.74"
"2015","2015-03-31","12663065","12663067","Defense Environmental Cleanup","409384040.72"
"2015","2015-05-31","13834844","13834847","Other","'-127988.21"
"2015","2015-07-31","14973941","14973953","Advanced Technology Vehicles Manufacturing Loan Program","436100.26"
"2015","2015-03-31","12663065","12663069","Other Defense Activities","84720777.54"
"2015","2015-04-30","13225554","13225556","Formula Grants","2599476.00"
"2015","2015-06-30","14446150","14446174","Revitalization of Severely Distressed Public Housing (Hope VI)","9405239.39"
"2015","2015-07-31","14973941","14973956","Title 17 Innovative Technology Loan Guarantee Program","3101586.99"
"2015","2015-06-30","14446150","14446178","Native American Housing Block Grant","51197097.15"
"2015","2015-07-31","14973941","14973958","Other","182569363.52"
"2015","2015-03-31","12663856","12663860","Other","'-576065460.70"
"2015","2015-05-31","13834420","13834422","State Unemployment Benefits","2497284326.58"
"2015","2015-05-31","13834418","13834424","State Administrative Expenses","361000000.00"
"2015","2015-04-30","13225554","13225558","Capital Investment Grants","253932952.86"
"2015","2015-05-31","13834418","13834426","Federal Administrative Expenses","18450138.59"
"2015","2015-06-30","14446150","14446182","Other","11080572.23"
"2015","2015-03-31","12663806","12663862","Intrabudgetary Transactions","10039493.51"
"2015","2015-07-31","14973941","14973960","Total--Energy Programs","1082317714.20"
"2015","2015-03-31","12663806","12663864","Total--Department of Veterans Affairs","7754964950.28"
"2015","2015-04-30","13224610","13224612","Working Capital Fund","'-229352101.43"
"2015","2015-06-30","14446946","14446958","Employees and Retired Employees Health Benefits Fund","251148429.40"
"2015","2015-03-31","12663866","12663868","Construction","175339136.48"
"2015","2015-04-30","13225554","13225560","Transit Formula Grants","654983131.46"
"2015","2015-05-31","13834418","13834430","Other","26198754.16"
"2015","2015-07-31","14973919","14973962","Power Marketing Administration","1781993.62"
"2015","2015-04-30","13225554","13225562","Transit Capital Assistance, Recovery Act","11869808.68"
"2015","2015-06-30","14446150","14446186","Total--Public and Indian Housing Programs","3141086666.74"
"2015","2015-07-31","14973919","14973964","Departmental Administration","13496529.89"
"2015","2015-04-30","13225554","13225564","Other","57818867.32"
"2015","2015-06-30","14446146","14446190","Community Planning and Development:","null"
"2015","2015-04-30","13224610","13224614","Other","62491225.42"
"2015","2015-05-31","13834418","13834432","Total--Unemployment Trust Fund","2902933219.33"
"2015","2015-06-30","14446190","14446194","Housing Opportunities for Persons with AIDS","22128357.08"
"2015","2015-05-31","13834398","13834434","Other","62466270.20"
"2015","2015-06-30","14446190","14446198","Community Development Fund","515699696.92"
"2015","2015-07-31","14973919","14973966","Proprietary Receipts from the Public","'-47605569.27"
"2015","2015-04-30","13224526","13224616","Allowances","1688677.93"
"2015","2015-04-30","13225554","13225566","Total--Federal Transit Administration","981204236.32"
"2015","2015-05-31","13834398","13834436","Total--Employment and Training Administration","3418600857.50"
"2015","2015-06-30","14446190","14446202","Home Investment Partnership Program","126110234.01"
"2015","2015-06-30","14446946","14446960","Other","9692554.88"
"2015","2015-03-31","12663065","12663071","Defense Nuclear Waste Disposal","176457.32"
"2015","2015-03-31","12663051","12663075","Energy Programs:","null"
"2015","2015-05-31","13833277","13833299","Commodity Credit Corporation","'-215700083.46"
"2015","2015-05-31","13834827","13834848","Proprietary Receipts from the Public","'-412418161.70"
"2015","2015-03-31","12663866","12663870","Operation and Maintenance","263228750.14"
"2015","2015-05-31","13833277","13833303","Tobacco Trust Fund","278171.76"
"2015","2015-03-31","12663866","12663872","Flood Control and Coastal Emergencies","62850951.52"
"2015","2015-05-31","13834827","13834849","Intrabudgetary Transactions:","null"
"2015","2015-06-30","14446190","14446206","Neighborhood Stabilization Program","5083110.03"
"2015","2015-05-31","13834849","13834852","Other","'-363821.92"
"2015","2015-06-30","14446190","14446210","Homeless Assistance Grants","164691526.44"
"2015","2015-04-30","13224618","13224620","Department of the Army","410868.58"
"2015","2015-04-30","13225498","13225568","Maritime Administration","47545309.15"
"2015","2015-07-31","14973919","14973968","Intrabudgetary Transactions","'-125698947.90"
"2015","2015-07-31","14973919","14973972","Total--Department of Energy","2309265549.44"
"2015","2015-05-31","13833277","13833307","Agricultural Credit Insurance Fund","216673783.28"
"2015","2015-07-31","null","14973974","Department of Health and Human Services:","null"
"2015","2015-03-31","12663866","12663876","Rivers and Harbors Contributed Funds","38480458.45"
"2015","2015-04-30","13225498","13225570","Other","20360089.56"
"2015","2015-06-30","14446946","14446962","Proprietary Receipts from the Public","'-623762.71"
"2015","2015-03-31","12663075","12663077","Science","387778814.70"
"2015","2015-06-30","14446946","14446964","Intrabudgetary Transactions:","null"
"2015","2015-07-31","14973974","14973980","Indian Health Service","273044252.17"
"2015","2015-03-31","12663866","12663878","Other","60754051.50"
"2015","2015-05-31","13834396","13834438","Pension Benefit Guaranty Corporation","'-64059711.48"
"2015","2015-03-31","12663075","12663079","Energy Supply","122300213.61"
"2015","2015-04-30","13225498","13225580","Offsetting Governmental Receipts","'-74179393.87"
"2015","2015-07-31","14973974","14973982","Centers for Disease Control and Prevention","681800041.47"
"2015","2015-03-31","12663075","12663081","Energy Efficiency and Renewable Energy","164084722.41"
"2015","2015-04-30","13224618","13224622","Department of the Navy","2247964.41"
"2015","2015-04-30","13225498","13225582","Total--Department of Transportation","4942565627.30"
"2015","2015-04-30","13225584","13225586","Departmental Offices:","null"
"2015","2015-07-31","14973974","14973984","National Institutes of Health","2652276690.87"
"2015","2015-04-30","13224618","13224624","Department of the Air Force","1950782.54"
"2015","2015-07-31","14973974","14973988","Agency for Healthcare Research and Quality","15644147.94"
"2015","2015-04-30","13224618","13224626","Defense Agencies","9226296.36"
"2015","2015-05-31","13833277","13833315","Total--Farm Service Agency","54782456.62"
"2015","2015-06-30","14446964","14446966","Postal Service Contributions","'-760242363.95"
"2015","2015-05-31","13833319","13833324","Conservation Operations","57377311.26"
"2015","2015-07-31","14973990","14973994","Payments to Health Care Trust Funds","27395358457.74"
"2015","2015-05-31","13834396","13834440","Employment Standards Administration","73128.26"
"2015","2015-07-31","14973990","14973996","Children's Health Insurance Fund","863588976.12"
"2015","2015-05-31","13833319","13833328","Farm Security and Rural Investment Programs","133828385.04"
"2015","2015-05-31","13834827","13834853","Total--Railroad Retirement Board","622175524.35"
"2015","2015-04-30","13224638","13224640","Department of the Army","'-22663798.92"
"2015","2015-05-31","13834786","13834854","Securities and Exchange Commission","115379164.24"
"2015","2015-04-30","13224638","13224642","Department of the Navy","'-7520169.00"
"2015","2015-05-31","13833202","13833335","Rural Development","47746728.82"
"2015","2015-06-30","14446976","14446978","Salaries and Expenses","46813905.08"
"2015","2015-05-31","13834442","13834444","Special Benefits","71924331.69"
"2015","2015-06-30","14446976","14446980","Business Loans Program","3821459.37"
"2015","2015-03-31","12663075","12663083","Fossil Energy Research and Development","83319270.08"
"2015","2015-04-30","13224638","13224644","Department of the Air Force","'-13502037.26"
"2015","2015-07-31","14973990","14973998","State Grants and Demonstrations","61094437.56"
"2015","2015-03-31","12663866","12663880","Proprietary Receipts from the Public","'-27476778.36"
"2015","2015-04-30","13225586","13225588","Exchange Stabilization Fund","'-22933976.16"
"2015","2015-06-30","14446976","14446982","Disaster Loans Program","1186030.38"
"2015","2015-03-31","12663075","12663085","Uranium Enrichment Decontamination and Decommissioning Fund","58286073.39"
"2015","2015-06-30","14446190","14446215","Other","6006473.40"
"2015","2015-07-31","14974002","14974004","Benefit Payments","33099260251.35"
"2015","2015-04-30","13224638","13224646","Defense Agencies","94023801.58"
"2015","2015-04-30","13224526","13224648","Offsetting Governmental Receipts:","null"
"2015","2015-03-31","12663866","12663882","Intrabudgetary Transactions","725976.76"
"2015","2015-03-31","12663866","12663884","Total--Corps of Engineers","573902546.49"
"2015","2015-05-31","13833339","13833341","Rural Housing Insurance Fund","'-35803509.97"
"2015","2015-06-30","14446976","14446984","Other","26763695.62"
"2015","2015-07-31","14974002","14974006","Administrative Expenses","934538291.81"
"2015","2015-05-31","13834442","13834446","Energy Employees Occupational Illness Compensation Fund","76197478.56"
"2015","2015-05-31","13834786","13834855","Smithsonian Institution","73827473.63"
"2015","2015-07-31","14974002","14974008","Total--Federal Hospital Insurance Trust Fund","34033798543.16"
"2015","2015-03-31","12663075","12663087","Advanced Technology Vehicles Manufacturing Loan Program","15015083.30"
"2015","2015-05-31","13833339","13833343","Rental Assistance Program","96044826.01"
"2015","2015-06-30","14446190","14446219","Total--Community Planning and Development","839719397.88"
"2015","2015-06-30","14446146","14446223","Housing Programs:","null"
"2015","2015-05-31","13834786","13834857","Other","134235580.28"
"2015","2015-06-30","14446223","14446227","Credit Accounts:","null"
"2015","2015-06-30","14446976","14446986","Proprietary Receipts from the Public","148707.60"
"2015","2015-05-31","13833339","13833345","Other","10135184.40"
"2015","2015-06-30","14446227","14446231","FHA-Mutual Mortgage Insurance Fund, Program Account","8571289.43"
"2015","2015-07-31","14973990","14974010","Health Care Fraud and Abuse Control","113642347.78"
"2015","2015-03-31","12663075","12663089","Title 17 Innovative Technology Loan Guarantee Program","42498087.72"
"2015","2015-05-31","13833202","13833347","Rural Utilities Service:","null"
"2015","2015-05-31","13834442","13834448","Special Benefits for Disabled Coal Miners","9224507.76"
"2015","2015-03-31","12663075","12663091","Other","80986501.00"
"2015","2015-06-30","14446227","14446235","FHA-Mutual Mortgage Insurance Capital Reserve Account","'-1740587328.10"
"2015","2015-03-31","null","12663886","Other Defense Civil Programs:","null"
"2015","2015-07-31","14973990","14974012","Federal Supplementary Medical Insurance Trust Fund:","null"
"2015","2015-03-31","12663886","12663888","Military Retirement:","null"
"2015","2015-04-30","13225586","13225590","Grants for Specified Energy Property in Lieu of Tax Credit","114238321.00"
"2015","2015-04-30","13224658","13224666","State Fiscal Stabilization Fund, Recovery Act","72441766.65"
"2015","2015-06-30","14446976","14446988","Intrabudgetary Transactions","'-209306.60"
"2015","2015-07-31","14974018","14974020","Benefit Payments","12818949359.38"
"2015","2015-05-31","13834786","13834858","Total--Independent Agencies","'-114708732.00"
"2015","2015-07-31","14974018","14974022","Administrative Expenses","45262756.03"
"2015","2015-04-30","13225586","13225592","Housing and Economic Recovery Programs","140783.00"
"2015","2015-05-31","null","13834859","Undistributed Offsetting Receipts:","null"
"2015","2015-06-30","14446227","14446247","FHA-General and Special Risk Fund, Liquidating Account","'-23543790.19"
"2015","2015-03-31","12663888","12663890","Payment to Military Retirement Fund","null"
"2015","2015-04-30","13224658","13224668","Other","34902451.80"
"2015","2015-05-31","13834859","13834860","Other Interest","'-303.73"
"2015","2015-05-31","13834859","13834861","Employer Share, Employee Retirement:","null"
"2015","2015-07-31","14974012","14974024","Total--Federal Supplementary Medical Insurance Trust Fund","47334192385.62"
"2015","2015-03-31","12663075","12663093","Total--Energy Programs","954268766.21"
"2015","2015-07-31","14973990","14974026","Other","614470932.50"
"2015","2015-04-30","13224658","13224670","Total--Office of Elementary and Secondary Education","1738054927.21"
"2015","2015-05-31","13834442","13834450","Black Lung Disability Trust Fund","19584402.96"
"2015","2015-06-30","14446976","14446990","Total--Small Business Administration","78524491.45"
"2015","2015-05-31","13834861","13834863","Department of Health and Human Services:","null"
"2015","2015-06-30","14446992","14446994","Payments to Social Security Trust Funds","124906496.00"
"2015","2015-04-30","13225586","13225594","Troubled Asset Relief Program","207824831.03"
"2015","2015-07-31","14973990","14974028","Total--Centers for Medicare and Medicaid Services","145676823094.05"
"2015","2015-04-30","13224656","13224672","Office of Innovation and Improvement","119167724.41"
"2015","2015-05-31","13834863","13834864","Federal Hospital Insurance Trust Fund:","null"
"2015","2015-04-30","13224656","13224674","Office of English Language Acquisition","45996846.05"
"2015","2015-04-30","13225586","13225596","Other","171556392.59"
"2015","2015-06-30","14446227","14446251","Housing for the Elderly or Handicapped Fund, Liquidating Account","'-42687718.39"
"2015","2015-03-31","12663888","12663892","Military Retirement Fund","399259747.87"
"2015","2015-05-31","13834864","13834865","Federal Employer Contributions","'-286000000.00"
"2015","2015-03-31","12663894","12663896","Payment to Department of Defense Medicare-Eligible Retiree Health Care Fund","null"
"2015","2015-04-30","13224656","13224676","Office of Special Education and Rehabilitative Services:","null"
"2015","2015-04-30","13225598","13225600","Financial Management Service:","null"
"2015","2015-06-30","14446223","14446259","Housing for the Elderly","69139205.42"
"2015","2015-04-30","13224676","13224678","Special Education","1148381365.00"
"2015","2015-05-31","13834864","13834866","Postal Service Employer Contributions","'-52000000.00"
"2015","2015-03-31","12663894","12663898","Department of Defense Medicare-Eligible Retiree Health Care Fund","816139836.14"
"2015","2015-05-31","13834442","13834452","Other","28980685.11"
"2015","2015-06-30","14446223","14446263","Housing for Persons with Disabilities","15000914.00"
"2015","2015-05-31","13834396","13834454","Wage and Hour Division","28760265.36"
"2015","2015-06-30","14446223","14446267","Other Assisted Housing Programs","19841195.03"
"2015","2015-03-31","12663051","12663095","Power Marketing Administration","'-11615478.52"
"2015","2015-04-30","13225600","13225614","Total--Financial Management Service","979154357.49"
"2015","2015-07-31","14974030","14974032","Temporary Assistance for Needy Families","1337695618.43"
"2015","2015-03-31","12663051","12663097","Departmental Administration","'-22429824.56"
"2015","2015-05-31","13834868","13834869","Foreign Service Retirement and Disability Fund","'-25935187.72"
"2015","2015-05-31","13833347","13833349","Rural Electrification and Telecommunications Fund","'-42694564.86"
"2015","2015-06-30","14446223","14446271","Other","586274.92"
"2015","2015-05-31","13833347","13833353","Other","84752185.01"
"2015","2015-05-31","13834871","13834872","Military Retirement Fund","'-1721171402.34"
"2015","2015-04-30","13225584","13225620","Federal Financing Bank","'-51105876.45"
"2015","2015-05-31","13834871","13834873","Department of Defense Medicare-Eligible Retiree Health Care Fund","null"
"2015","2015-07-31","14974030","14974034","Contingency Fund","30637270.01"
"2015","2015-03-31","12663051","12663099","Proprietary Receipts from the Public","'-197625544.42"
"2015","2015-04-30","13225584","13225622","Alcohol and Tobacco Tax and Trade Bureau:","null"
"2015","2015-05-31","13834396","13834456","Occupational Safety and Health Administration","45549639.66"
"2015","2015-06-30","14446992","14446996","Supplemental Security Income Program","4817420505.38"
"2015","2015-04-30","13225622","13225624","Salaries and Expenses","7669438.64"
"2015","2015-05-31","13833202","13833355","Foreign Agricultural Service","97609999.41"
"2015","2015-05-31","13834861","13834874","Office of Personnel Management:","null"
"2015","2015-06-30","14446992","14446998","Federal Old-Age and Survivors Insurance Trust Fund (Off-Budget):","null"
"2015","2015-03-31","12663886","12663900","Educational Benefits","35857623.18"
"2015","2015-04-30","13224676","13224680","Rehabilitation Services and Disability Research","261861506.29"
"2015","2015-05-31","13833202","13833357","Food and Nutrition Service:","null"
"2015","2015-05-31","13834396","13834458","Mine Safety and Health Administration","34932847.44"
"2015","2015-03-31","12663886","12663902","Other","21688058.30"
"2015","2015-04-30","13225584","13225630","United States Mint","'-117449054.27"
"2015","2015-05-31","13834396","13834460","Bureau of Labor Statistics","49113193.13"
"2015","2015-06-30","14446223","14446274","Total--Housing Programs","'-1693208338.59"
"2015","2015-03-31","12663051","12663101","Intrabudgetary Transactions","'-107167908.10"
"2015","2015-05-31","13833357","13833359","Supplemental Nutrition Assistance Program","6268584668.06"
"2015","2015-06-30","14446998","14447000","Benefit Payments","61767201882.67"
"2015","2015-05-31","13833357","13833361","Child Nutrition Programs","2043007963.49"
"2015","2015-06-30","14446998","14447002","Administrative Expenses","279155221.91"
"2015","2015-05-31","13834396","13834462","Departmental Management","16293565.84"
"2015","2015-05-31","13834874","13834876","Civil Service Retirement and Disability Fund","'-2133432251.58"
"2015","2015-04-30","13224676","13224682","Special Institutions for Persons with Disabilities","25831156.12"
"2015","2015-06-30","14446998","14447004","Payment to Railroad Retirement Account","4258015000.00"
"2015","2015-04-30","13225632","13225634","Taxpayer Services","197540756.69"
"2015","2015-05-31","13833357","13833363","Special Supplemental Nutrition Program for Women, Infants, and Children (WIC)","467597316.61"
"2015","2015-06-30","14446998","14447008","Total--Federal Old-Age and Survivors Insurance Trust Fund (Off-Budget)","66304372104.58"
"2015","2015-03-31","12663051","12663105","Total--Department of Energy","2208204248.22"
"2015","2015-05-31","13834396","13834464","Other","29910595.39"
"2015","2015-05-31","13834861","13834877","Social Security Administration:","null"
"2015","2015-05-31","13834877","13834878","Federal Old-Age and Survivors Insurance Trust Fund:","null"
"2015","2015-07-31","14974030","14974036","Payments to States for Child Support Enforcement and Family Support Programs","267677846.57"
"2015","2015-03-31","12663107","12663109","Food and Drug Administration","262624349.16"
"2015","2015-04-30","13224656","13224684","Office of Vocational and Adult Education","123289219.40"
"2015","2015-05-31","13834877","13834881","Federal Disability Insurance Trust Fund:","null"
"2015","2015-06-30","14447010","14447012","Benefit Payments","11922968456.11"
"2015","2015-06-30","14447010","14447014","Administrative Expenses","227444414.80"
"2015","2015-04-30","13225632","13225636","Enforcement","368927036.34"
"2015","2015-05-31","13834881","13834882","Federal Employer Contributions","'-200000000.00"
"2015","2015-07-31","14974030","14974038","Low Income Home Energy Assistance","189248291.34"
"2015","2015-03-31","12663910","12663930","Total--Environmental Protection Agency","608796813.37"
"2015","2015-06-30","14446278","14446282","Guarantees of Mortgage-Backed Securities","3886092.73"
"2015","2015-03-31","null","12663932","Executive Office of the President:","null"
"2015","2015-05-31","13833202","13833383","Other","47127647.05"
"2015","2015-05-31","13834396","13834466","Proprietary Receipts from the Public","'-407578.89"
"2015","2015-03-31","12663932","12663934","The White House","4953026.14"
"2015","2015-05-31","13834889","13834890","Judicial Survivors Annuity Fund","873188.33"
"2015","2015-04-30","13224686","13224688","Higher Education","174000310.98"
"2015","2015-05-31","13834888","13834891","Department of Health and Human Services:","null"
"2015","2015-06-30","14446146","14446286","Management and Administration","136974103.78"
"2015","2015-03-31","12663932","12663936","Office of Management and Budget","7129830.58"
"2015","2015-04-30","13225632","13225638","Operations Support","315794097.86"
"2015","2015-05-31","13833202","13833385","Proprietary Receipts from the Public","'-486614825.54"
"2015","2015-05-31","13834396","13834468","Intrabudgetary Transactions","'-64407625.83"
"2015","2015-06-30","14446146","14446290","Other","15967018.18"
"2015","2015-03-31","12663107","12663111","Health Resources and Services Administration","880085263.68"
"2015","2015-06-30","14446146","14446294","Proprietary Receipts from the Public:","null"
"2015","2015-06-30","14446294","14446302","FHA-General and Special Risk Fund","'-73217115.93"
"2015","2015-04-30","13224686","13224690","Other","53399871.52"
"2015","2015-03-31","12663107","12663113","Indian Health Service","217865109.38"
"2015","2015-04-30","13225632","13225640","Build America Bond Payments, Recovery Act","1142676924.58"
"2015","2015-05-31","13834396","13834470","Total--Department of Labor","3700270582.46"
"2015","2015-03-31","12663932","12663938","Unanticipated Needs","977693.02"
"2015","2015-05-31","13834472","13834474","Administration of Foreign Affairs:","null"
"2015","2015-06-30","14446294","14446306","Other","'-1188499.21"
"2015","2015-07-31","14974030","14974040","Refugee and Entrant Assistance","118831848.49"
"2015","2015-03-31","12663107","12663115","Centers for Disease Control and Prevention","512128154.45"
"2015","2015-04-30","13224686","13224692","Total--Office of Postsecondary Education","227400182.50"
"2015","2015-06-30","14446146","14446310","Intrabudgetary Transactions","'-206655601.77"
"2015","2015-07-31","14974030","14974042","Child Care Entitlement to States","231791210.87"
"2015","2015-04-30","13224656","13224694","Office of Federal Student Aid:","null"
"2015","2015-05-31","13833202","13833389","Total--Department of Agriculture","10118104039.66"
"2015","2015-06-30","14447010","14447016","Payment to Railroad Retirement Account","418568000.00"
"2015","2015-03-31","12663932","12663940","Other","22267335.42"
"2015","2015-05-31","null","13833391","Department of Commerce:","null"
"2015","2015-05-31","13834891","13834892","Federal Hospital Insurance Trust Fund","'-25041209.68"
"2015","2015-06-30","14447010","14447020","Total--Federal Disability Insurance Trust Fund (Off-Budget)","12568980870.91"
"2015","2015-04-30","13224694","13224696","Student Financial Assistance","1442693753.79"
"2015","2015-06-30","14446992","14447022","Other","18748295.82"
"2015","2015-04-30","13224694","13224699","Student Aid Administration","106345142.42"
"2015","2015-05-31","13834474","13834476","Diplomatic and Consular Programs","650742864.86"
"2015","2015-06-30","14446146","14446318","Total--Department of Housing and Urban Development","2162427323.81"
"2015","2015-07-31","14974030","14974044","Payments to States for the Child Care and Development Block Grant","318032090.80"
"2015","2015-03-31","12663107","12663117","National Institutes of Health","2394824580.28"
"2015","2015-04-30","13224694","13224701","Federal Student Loan Reserve Fund","null"
"2015","2015-06-30","14446322","14446326","Land and Minerals Management:","null"
"2015","2015-06-30","14447024","14447026","On-Budget","'-256496338.20"
"2015","2015-03-31","12663932","12663942","Proprietary Receipts from the Public","'-21602.80"
"2015","2015-06-30","14447024","14447028","Off-Budget","'-4112091.78"
"2015","2015-05-31","13834474","13834482","Payment to Foreign Service Retirement and Disability Fund","null"
"2015","2015-05-31","13834686","13834695","Multilateral Assistance:","null"
"2015","2015-06-30","14446330","14446334","Management of Lands and Resources","78978523.49"
"2015","2015-06-30","14447030","14447036","Off-Budget","'-124310572.71"
"2015","2015-03-31","12663932","12663944","Intrabudgetary Transactions","4.62"
"2015","2015-04-30","13224694","13224703","Federal Direct Student Loans","null"
"2015","2015-07-31","14974030","14974046","Social Services Block Grant","125933327.07"
"2015","2015-04-30","13224694","13224705","Federal Family Education Loans","'-42798840.22"
"2015","2015-05-31","13833391","13833393","Economic Development Administration","26596873.20"
"2015","2015-06-30","14446992","14447038","Total--Social Security Administration","83449509270.00"
"2015","2015-05-31","13833391","13833395","Bureau of the Census","83660839.05"
"2015","2015-06-30","14447040","14447042","Broadcasting Board of Governors","53535510.61"
"2015","2015-05-31","13833391","13833397","International Trade Administration","43638514.51"
"2015","2015-06-30","14447040","14447044","Bureau of Consumer Financial Protection","39008218.86"
"2015","2015-05-31","13834474","13834484","Foreign Service Retirement and Disability Fund","77273179.86"
"2015","2015-03-31","12663107","12663119","Substance Abuse and Mental Health Services Administration","297992653.46"
"2015","2015-06-30","14447040","14447046","Corporation for National and Community Service","72054838.69"
"2015","2015-04-30","13224694","13224707","Other","'-697199.01"
"2015","2015-05-31","13833391","13833399","National Oceanic and Atmospheric Administration","436045701.08"
"2015","2015-04-30","13224694","13224709","Total--Office of Federal Student Aid","1505542856.98"
"2015","2015-05-31","13833391","13833401","National Institute of Standards and Technology","63567352.24"
"2015","2015-06-30","14446330","14446338","Other","14080713.57"
"2015","2015-07-31","14974030","14974048","Children and Families Services Programs","729960592.75"
"2015","2015-05-31","13834474","13834486","Other","'-439908125.11"
"2015","2015-05-31","13834891","13834893","Federal Supplementary Medical Insurance Trust Fund","'-20313413.09"
"2015","2015-06-30","14447040","14447048","Corporation for Public Broadcasting","null"
"2015","2015-05-31","13834474","13834488","Total--Administration of Foreign Affairs","199972803.59"
"2015","2015-06-30","14447050","14447054","Courts","26442943.16"
"2015","2015-05-31","13834894","13834895","Oil Spill Liability Trust Fund","'-12027429.12"
"2015","2015-05-31","13834897","13834898","Unemployment Trust Fund","'-6273830.57"
"2015","2015-04-30","13224656","13224711","Institute of Education Sciences","43641184.83"
"2015","2015-04-30","13224656","13224715","Other","8755.48"
"2015","2015-05-31","13834472","13834490","International Organizations and Conferences","49263080.81"
"2015","2015-07-31","14974030","14974050","Payments to States for Foster Care and Adoption Assistance","655492125.17"
"2015","2015-04-30","13224656","13224717","Proprietary Receipts from the Public","'-26566001.37"
"2015","2015-05-31","13834472","13834492","Global Health and Child Survival","562956733.96"
"2015","2015-07-31","14974030","14974052","Other","59367350.02"
"2015","2015-03-31","12663932","12663946","Total--Executive Office of the President","35306286.98"
"2015","2015-05-31","13834472","13834494","Migration and Refugee Assistance","333633306.58"
"2015","2015-04-30","13225632","13225642","Refundable Premium Tax Credits and Cost Sharing Reductions","1821617924.03"
"2015","2015-05-31","13834472","13834496","International Narcotics Control and Law Enforcement","99010955.99"
"2015","2015-05-31","13834888","13834899","Department of State:","null"
"2015","2015-07-31","14974030","14974054","Total--Administration for Children and Families","4064667571.52"
"2015","2015-03-31","null","12663948","General Services Administration:","null"
"2015","2015-05-31","13834899","13834900","Foreign Service Retirement and Disability Fund","'-275721.80"
"2015","2015-03-31","12663107","12663121","Agency for Healthcare Research and Quality","15838003.81"
"2015","2015-04-30","13224656","13224719","Intrabudgetary Transactions","'-98288345.32"
"2015","2015-07-31","14973974","14974056","Administration for Community Living","141430019.07"
"2015","2015-03-31","12663107","12663123","Centers for Medicare and Medicaid Services:","null"
"2015","2015-05-31","13834472","13834498","Andean Counterdrug Programs","324164.06"
"2015","2015-07-31","14973974","14974058","Departmental Management","291625140.73"
"2015","2015-04-30","13224656","13224721","Total--Department of Education","5159019349.69"
"2015","2015-04-30","13224723","13224725","National Nuclear Security Administration:","null"
"2015","2015-05-31","13834472","13834500","Other","35142910.01"
"2015","2015-03-31","12663948","12663950","Real Property Activities","'-49688091.64"
"2015","2015-05-31","13834472","13834502","Proprietary Receipts from the Public","'-3972927.01"
"2015","2015-04-30","13225632","13225644","Payment Where Earned Income Credit Exceeds Liability for Tax","6133896624.38"
"2015","2015-05-31","13834888","13834901","Department of Transportation:","null"
"2015","2015-03-31","12663948","12663952","Supply and Technology Activities","155402099.72"
"2015","2015-04-30","13224725","13224727","Naval Reactors","94045027.57"
"2015","2015-05-31","13834472","13834504","Intrabudgetary Transactions","44863688.72"
"2015","2015-05-31","13834901","13834902","Airport and Airway Trust Fund","'-7291884.20"
"2015","2015-03-31","12663123","12663125","Grants to States for Medicaid","31755731540.94"
"2015","2015-06-30","14447050","14447056","General and Special Payments","35081853.31"
"2015","2015-04-30","13224725","13224729","Weapons Activities","864201147.49"
"2015","2015-03-31","12663948","12663954","General Activities","27284803.30"
"2015","2015-05-31","13834903","13834904","National Service Life Insurance Fund","'-1172276.79"
"2015","2015-03-31","12663948","12663956","Proprietary Receipts from the Public","'-1603190.10"
"2015","2015-06-30","14446326","14446342","Bureau of Ocean Energy Management","'-4160886.48"
"2015","2015-07-31","14973974","14974060","Other","92262311.90"
"2015","2015-05-31","13834472","13834506","Total--Department of State","1321194716.71"
"2015","2015-06-30","14446326","14446346","Office of Surface Mining Reclamation and Enforcement","46424881.34"
"2015","2015-05-31","null","13834508","Department of Transportation:","null"
"2015","2015-03-31","12663948","12663958","Intrabudgetary Transactions","1532052.87"
"2015","2015-05-31","13834514","13834516","Operations","345650393.02"
"2015","2015-06-30","14446326","14446350","Total--Land and Minerals Management","135323231.92"
"2015","2015-05-31","13834518","13834520","Grants-In-Aid for Airports","218218931.67"
"2015","2015-05-31","13834903","13834905","United States Government Life Insurance Fund","'-2989.38"
"2015","2015-05-31","13834888","13834907","Other Defense Civil Programs:","null"
"2015","2015-06-30","14446322","14446354","Water and Science:","null"
"2015","2015-05-31","13833391","13833403","National Telecommunications and Information Administration","17787365.37"
"2015","2015-05-31","13834907","13834908","Military Retirement Fund","'-3275142906.99"
"2015","2015-06-30","14446354","14446358","Bureau of Reclamation:","null"
"2015","2015-03-31","12663123","12663127","Payments to Health Care Trust Funds","17232472423.15"
"2015","2015-05-31","13834518","13834522","Facilities and Equipment","214308993.21"
"2015","2015-05-31","13834518","13834523","Research, Engineering, and Development","11608759.57"
"2015","2015-03-31","12663123","12663129","Children's Health Insurance Fund","1154520521.88"
"2015","2015-04-30","13224725","13224731","Defense Nuclear Nonproliferation","136860531.79"
"2015","2015-05-31","13834518","13834524","Trust Fund Share of FAA Operations","400000000.00"
"2015","2015-07-31","14973974","14974062","Proprietary Receipts from the Public","'-7729811770.04"
"2015","2015-03-31","12663123","12663131","State Grants and Demonstrations","49560990.60"
"2015","2015-04-30","13224725","13224733","Other","38489716.44"
"2015","2015-05-31","13834907","13834909","Educational Benefits Fund","'-13834795.03"
"2015","2015-06-30","14446358","14446362","Water and Related Resources","67159725.65"
"2015","2015-04-30","13225632","13225646","Payment Where Child Tax Credit Exceeds Liability for Tax","1942403787.49"
"2015","2015-06-30","14446358","14446366","Other","'-1733278.56"
"2015","2015-07-31","14974066","14974068","Federal Supplementary Medical Insurance Trust Fund","'-27375083546.50"
"2015","2015-05-31","13833391","13833405","Other","33668622.57"
"2015","2015-05-31","13833391","13833407","Proprietary Receipts from the Public","'-14405211.44"
"2015","2015-07-31","14974078","14974086","Transportation Security Administration","236102653.99"
"2015","2015-03-31","12663123","12663135","Federal Hospital Insurance Trust Fund:","null"
"2015","2015-03-31","12663948","12663960","Total--General Services Administration","132927674.15"
"2015","2015-04-30","13224723","13224735","Environmental and Other Defense Activities:","null"
"2015","2015-06-30","14446354","14446370","Central Utah Project","782983.90"
"2015","2015-04-30","13225632","13225648","Payment Where American Opportunity Tax Credit Exceeds Liability for Tax","718203593.98"
"2015","2015-03-31","12663962","12663964","Millennium Challenge Corporation","52280387.05"
"2015","2015-05-31","13833391","13833409","Intrabudgetary Transactions","3879245.47"
"2015","2015-05-31","13834907","13834910","Armed Forces Retirement Home","'-1072970.47"
"2015","2015-06-30","14447040","14447060","Equal Employment Opportunity Commission","29046799.29"
"2015","2015-04-30","13224745","13224751","Energy Efficiency and Renewable Energy","148143781.06"
"2015","2015-05-31","13834888","13834911","Environmental Protection Agency","'-15792.59"
"2015","2015-07-31","14974078","14974088","Immigration and Customs Enforcement","452463235.04"
"2015","2015-05-31","13834888","13834912","Office of Personnel Management:","null"
"2015","2015-06-30","14446354","14446374","United States Geological Survey","92389965.61"
"2015","2015-06-30","14447040","14447062","Export-Import Bank of the United States","239441551.03"
"2015","2015-04-30","13224745","13224753","Fossil Energy Research and Development","60419521.06"
"2015","2015-06-30","14447040","14447064","Federal Communications Commission:","null"
"2015","2015-03-31","12663962","12663966","International Security Assistance:","null"
"2015","2015-05-31","13834912","13834913","Civil Service Retirement and Disability Fund","null"
"2015","2015-06-30","14447064","14447066","Universal Service Fund","699895650.72"
"2015","2015-03-31","12663966","12663968","Pakistan Counterinsurgency Capability Fund","null"
"2015","2015-06-30","14446354","14446382","Total--Water and Science","158599396.60"
"2015","2015-04-30","13225632","13225652","Refunding Internal Revenue Collections, Interest","82287827.79"
"2015","2015-06-30","14447064","14447068","Spectrum Auction Program Account","5664.78"
"2015","2015-04-30","13224745","13224755","Uranium Enrichment Decontamination and Decommissioning Fund","60098205.12"
"2015","2015-06-30","14446322","14446387","Fish and Wildlife and Parks:","null"
"2015","2015-05-31","13834888","13834914","Social Security Administration:","null"
"2015","2015-04-30","13225632","13225654","Other","233121394.84"
"2015","2015-06-30","14447064","14447070","Other","30098631.94"
"2015","2015-04-30","13224745","13224757","Advanced Technology Vehicles Manufacturing Loan Program","320309.07"
"2015","2015-05-31","13833391","13833411","Offsetting Governmental Receipts","'-144350.73"
"2015","2015-06-30","14446387","14446391","United States Fish and Wildlife Service","234004049.43"
"2015","2015-06-30","14447040","14447072","Federal Deposit Insurance Corporation:","null"
"2015","2015-03-31","12663135","12663139","Administrative Expenses","417608801.67"
"2015","2015-07-31","14974078","14974094","National Protection and Programs Directorate","88381321.41"
"2015","2015-03-31","12663966","12663970","Foreign Military Financing Program","698862687.76"
"2015","2015-05-31","13833391","13833413","Total--Department of Commerce","694294951.32"
"2015","2015-07-31","14974096","14974098","State and Local Programs","207310548.03"
"2015","2015-04-30","13225632","13225656","Total--Internal Revenue Service","12956469967.98"
"2015","2015-04-30","13224745","13224759","Title 17 Innovative Technology Loan Guarantee Program","24254426.32"
"2015","2015-05-31","13833417","13833419","Department of the Army","4782726271.05"
"2015","2015-03-31","12663966","12663972","Economic Support Fund","414454164.88"
"2015","2015-04-30","13224745","13224763","Total--Energy Programs","949252395.97"
"2015","2015-05-31","13834518","13834525","Total--Airport and Airway Trust Fund","844136684.45"
"2015","2015-06-30","14447072","14447082","Deposit Insurance Fund","'-2201811558.51"
"2015","2015-05-31","13833417","13833421","Department of the Navy","3544750738.25"
"2015","2015-07-31","14974096","14974100","Firefighter Assistance Grants","62947430.25"
"2015","2015-03-31","12663966","12663974","Other","114851107.29"
"2015","2015-04-30","13224723","13224765","Power Marketing Administration","'-40293625.91"
"2015","2015-04-30","13224723","13224767","Departmental Administration","23590406.69"
"2015","2015-05-31","13834914","13834915","Federal Old-Age and Survivors Insurance Trust Fund","'-49800765.37"
"2015","2015-07-31","14974096","14974102","Disaster Relief","370271555.77"
"2015","2015-04-30","13224723","13224769","Proprietary Receipts from the Public","'-135880410.21"
"2015","2015-04-30","13225584","13225658","Comptroller of the Currency","77994760.02"
"2015","2015-05-31","13834914","13834916","Federal Disability Insurance Trust Fund","'-24541240.72"
"2015","2015-06-30","14447072","14447084","FSLIC Resolution Fund","203613.28"
"2015","2015-04-30","13225664","13225666","Public Issues (Accrual Basis)","24203949609.99"
"2015","2015-05-31","13834917","13834919","Railroad Retirement Board","'-5245165.18"
"2015","2015-03-31","12663510","12663530","Unemployment Trust Fund:","null"
"2015","2015-04-30","13224723","13224771","Intrabudgetary Transactions","'-129423809.90"
"2015","2015-05-31","13834917","13834920","Other","'-1924209.22"
"2015","2015-07-31","14974096","14974104","National Flood Insurance Fund","'-51925626.35"
"2015","2015-03-31","12663966","12663978","Total--International Security Assistance","1228167959.93"
"2015","2015-06-30","14446387","14446395","National Park Service","242606429.45"
"2015","2015-07-31","14974096","14974106","Other","124606322.49"
"2015","2015-04-30","13224723","13224775","Total--Department of Energy","2322768057.68"
"2015","2015-05-31","13834514","13834526","Other","41449682.69"
"2015","2015-05-31","13834888","13834921","Other","7250429.50"
"2015","2015-04-30","13225664","13225668","Special Issues (Cash Basis)","7578208952.33"
"2015","2015-05-31","13834888","13834922","Total--Interest Received by Trust Funds","'-3452436245.91"
"2015","2015-05-31","13833417","13833423","Department of the Air Force","2703995899.29"
"2015","2015-06-30","14446387","14446399","Total--Fish and Wildlife and Parks","476610478.88"
"2015","2015-07-31","14974096","14974108","Total--Federal Emergency Management Agency","713210230.19"
"2015","2015-05-31","13834514","13834527","Total--Federal Aviation Administration","1231236760.16"
"2015","2015-06-30","14446322","14446403","Bureau of Indian Affairs and Bureau of Indian Education","96248517.50"
"2015","2015-03-31","12663980","12663982","Contribution to the International Development Association","null"
"2015","2015-04-30","13225664","13225670","Total--Interest on Treasury Debt Securities (Gross)","31782158562.32"
"2015","2015-05-31","13834508","13834528","Federal Highway Administration:","null"
"2015","2015-05-31","13834528","13834529","Highway Trust Fund:","null"
"2015","2015-05-31","13833417","13833427","Total--Military Personnel","11031472908.59"
"2015","2015-06-30","14446407","14446411","Mineral Leasing and Associated Payments","96848326.60"
"2015","2015-03-31","12663980","12663984","Other","344066713.16"
"2015","2015-07-31","14974078","14974110","Science and Technology","99275292.20"
"2015","2015-04-30","13225662","13225672","Total--Interest on the Public Debt","31782158562.32"
"2015","2015-05-31","13834529","13834530","Federal-Aid Highways","3222445618.45"
"2015","2015-07-31","14974078","14974112","Domestic Nuclear Detection Office","20686904.75"
"2015","2015-04-30","13225584","13225674","Other","7933939.95"
"2015","2015-05-31","13834859","13834924","Rents and Royalties on the Outer Continental Shelf Lands","'-81571982.69"
"2015","2015-04-30","13224777","13224779","Food and Drug Administration","228181959.19"
"2015","2015-05-31","13833415","13833429","Operation and Maintenance:","null"
"2015","2015-06-30","14446407","14446415","Other","124584645.81"
"2015","2015-07-31","14974078","14974114","Other","16754706.45"
"2015","2015-03-31","12663980","12663988","Total--Multilateral Assistance","344066713.16"
"2015","2015-05-31","13834859","13834928","Total--Undistributed Offsetting Receipts","'-9131543430.70"
"2015","2015-07-31","14974078","14974116","Proprietary Receipts from the Public","'-85726202.28"
"2015","2015-03-31","12663135","12663141","Total--Federal Hospital Insurance Trust Fund","17429294253.19"
"2015","2015-05-31","null","13834929","Total Outlays","294771105836.73"
"2015","2015-03-31","12663123","12663143","Health Care Fraud and Abuse Control","133780186.81"
"2015","2015-05-31","13834529","13834531","Other","384801.06"
"2015","2015-05-31","13834932","13834934","Total Off-Budget","'-10102056808.88"
"2015","2015-07-31","14974078","14974118","Intrabudgetary Transactions","73723937.37"
"2015","2015-04-30","13225584","13225676","Proprietary Receipts from the Public","'-40247159.32"
"2015","2015-06-30","14445371","14445375","Senate","68339348.41"
"2015","2015-03-31","12663962","12663990","Agency for International Development:","null"
"2015","2015-06-30","14445371","14445382","House of Representatives","107817786.65"
"2015","2015-06-30","14446322","14446419","Insular Affairs","21099258.48"
"2015","2015-05-31","13833429","13833431","Department of the Army","6033551122.13"
"2015","2015-03-31","12663990","12663996","International Disaster Assistance","194536613.15"
"2015","2015-04-30","13225584","13225678","Intrabudgetary Transactions","'-115232197.70"
"2015","2015-03-31","12663123","12663145","Federal Supplementary Medical Insurance Trust Fund:","null"
"2015","2015-04-30","13225584","13225682","Total--Department of the Treasury","46038454955.04"
"2015","2015-07-31","14974078","14974120","Offsetting Governmental Receipts","'-616328203.51"
"2015","2015-05-31","13834528","13834532","Highway Infrastructure Investment, Recovery Act","10289872.36"
"2015","2015-04-30","null","13225684","Department of Veterans Affairs:","null"
"2015","2015-05-31","13833429","13833437","Defense Agencies","6176176553.61"
"2015","2015-07-31","14974078","14974122","Total--Department of Homeland Security","3569320454.46"
"2015","2015-04-30","13225684","13225686","Joint DOD-VA Medical Facility Demonstration Fund","30446089.49"
"2015","2015-06-30","14445371","14445385","Joint Items","1774927.05"
"2015","2015-04-30","13225684","13225688","Veterans Health Administration:","null"
"2015","2015-06-30","14445371","14445392","Capitol Police","25653962.02"
"2015","2015-04-30","13224777","13224781","Health Resources and Services Administration","796824643.71"
"2015","2015-05-31","13834528","13834533","Other Programs","46755881.27"
"2015","2015-06-30","14447072","14447088","Total--Federal Deposit Insurance Corporation","'-2201607945.23"
"2015","2015-03-31","12663990","12663998","Operating Expenses","116012615.40"
"2015","2015-04-30","13225688","13225690","Veterans Choice Fund, Veterans Health Administration","31122375.78"
"2015","2015-06-30","14445371","14445395","Congressional Budget Office","3242255.32"
"2015","2015-03-31","12663145","12663147","Benefit Payments","14747805556.57"
"2015","2015-05-31","13833429","13833439","Total--Operation and Maintenance","20562785947.03"
"2015","2015-07-31","14974126","14974129","Tenant Based Rental Assistance","1601300418.00"
"2015","2015-05-31","13833415","13833441","International Reconstruction and Other Assistance:","null"
"2015","2015-06-30","14445371","14445402","Architect of the Capitol","40014930.68"
"2015","2015-07-31","14974126","14974133","Housing Certificate Fund","19566720.65"
"2015","2015-03-31","12663145","12663149","Administrative Expenses","437428772.18"
"2015","2015-05-31","13833441","13833443","Department of the Army","null"
"2015","2015-03-31","12663151","12663153","Benefit Payments","139478545.51"
"2015","2015-04-30","13224777","13224783","Indian Health Service","297058594.31"
"2015","2015-06-30","14445371","14445404","Library of Congress","45711262.15"
"2015","2015-03-31","12663107","12663163","Administration for Children and Families:","null"
"2015","2015-03-31","12663990","12664000","Other","60920923.67"
"2015","2015-05-31","13833445","13833447","Department of the Army","1203511939.00"
"2015","2015-06-30","14446322","14446423","Office of the Special Trustee for American Indians","16573801.57"
"2015","2015-05-31","13833445","13833449","Department of the Navy","3143844192.99"
"2015","2015-05-31","13834528","13834534","Total--Federal Highway Administration","3279876173.14"
"2015","2015-06-30","14447040","14447102","National Credit Union Administration","'-142075900.90"
"2015","2015-05-31","13834508","13834535","Federal Motor Carrier Safety Administration","36271127.58"
"2015","2015-06-30","14446322","14446427","Department-Wide Programs","466884471.34"
"2015","2015-07-31","14974126","14974137","Project-Based Rental Assistance","872004280.61"
"2015","2015-05-31","13834508","13834536","National Highway Traffic Safety Administration","77729275.78"
"2015","2015-04-30","13225688","13225694","Medical Support and Compliance","459615062.15"
"2015","2015-04-30","13224777","13224785","Centers for Disease Control and Prevention","552601882.49"
"2015","2015-05-31","13833445","13833451","Department of the Air Force","4713379275.66"
"2015","2015-03-31","12663990","12664002","Proprietary Receipts from the Public","'-451873.60"
"2015","2015-05-31","13833445","13833453","Defense Agencies","428257579.36"
"2015","2015-06-30","14445371","14445412","Government Printing Office","'-3769846.83"
"2015","2015-03-31","12663163","12663165","Temporary Assistance for Needy Families","1373654769.55"
"2015","2015-05-31","13834537","13834538","Operating Subsidy Grants to the National Railroad Passenger Corporation","null"
"2015","2015-03-31","12663163","12663167","Contingency Fund","218184381.28"
"2015","2015-04-30","13224777","13224787","National Institutes of Health","2472152371.13"
"2015","2015-05-31","13833445","13833455","Total--Procurement","9488992987.01"
"2015","2015-05-31","13834537","13834539","Capital and Debt Service Grants to the National Railroad Passenger Corporation","79228869.58"
"2015","2015-07-31","14974126","14974141","Public Housing Capital Fund","164139843.11"
"2015","2015-03-31","12663990","12664004","Intrabudgetary Transactions","'-1754042.58"
"2015","2015-05-31","13833415","13833457","Research, Development, Test, and Evaluation:","null"
"2015","2015-06-30","14445371","14445414","Government Accountability Office","42159132.64"
"2015","2015-05-31","13833457","13833459","Department of the Army","752951722.29"
"2015","2015-05-31","13833457","13833461","Department of the Navy","1425131111.27"
"2015","2015-06-30","14445371","14445424","United States Tax Court","3873705.38"
"2015","2015-04-30","13225688","13225696","Medical Facilities","398686380.81"
"2015","2015-06-30","14445371","14445427","Other Legislative Branch Agencies","4912951.98"
"2015","2015-03-31","12663990","12664006","Total--Agency for International Development","574351284.92"
"2015","2015-04-30","13224777","13224789","Substance Abuse and Mental Health Services Administration","274305384.12"
"2015","2015-06-30","14445371","14445437","Proprietary Receipts from the Public","'-2253622.98"
"2015","2015-07-31","14974126","14974145","Public Housing Operating Fund","375794043.33"
"2015","2015-03-31","12664008","12664010","Overseas Private Investment Corporation Accounts","'-292059.24"
"2015","2015-06-30","14445371","14445441","Intrabudgetary Transactions","'-1105.66"
"2015","2015-06-30","14446322","14446431","Other","17604448.04"
"2015","2015-03-31","12664008","12664012","Proprietary Receipts from the Public","'-14894906.40"
"2015","2015-06-30","14445371","14445450","Offsetting Governmental Receipts","null"
"2015","2015-03-31","12663163","12663169","Payments to States for Child Support Enforcement and Family Support Programs","269321968.66"
"2015","2015-06-30","14445371","14445454","Total--Legislative Branch","337475686.81"
"2015","2015-06-30","14446322","14446440","Total--Department of the Interior","1319156534.26"
"2015","2015-07-31","14974126","14974149","Revitalization of Severely Distressed Public Housing (Hope VI)","6959814.98"
"2015","2015-03-31","12663163","12663171","Low Income Home Energy Assistance","349618669.20"
"2015","2015-04-30","13225688","13225698","Other","51443178.05"
"2015","2015-06-30","14446442","14446444","General Administration","'-7834856.51"
"2015","2015-04-30","13225714","13225716","National Service Life","96985027.90"
"2015","2015-04-30","13224777","13224791","Agency for Healthcare Research and Quality","33515612.37"
"2015","2015-04-30","13224793","13224801","State Grants and Demonstrations","40296195.24"
"2015","2015-06-30","14447040","14447104","National Endowment for the Arts","9994324.48"
"2015","2015-03-31","12663163","12663173","Refugee and Entrant Assistance","118226544.43"
"2015","2015-04-30","13224793","13224805","Federal Hospital Insurance Trust Fund:","null"
"2015","2015-06-30","14446446","14446450","United States Attorneys","169454704.99"
"2015","2015-03-31","12664008","12664016","Total--Overseas Private Investment Corporation","'-15186965.64"
"2015","2015-05-31","13833457","13833463","Department of the Air Force","1247652053.11"
"2015","2015-06-30","14447040","14447106","National Endowment for the Humanities","13300861.45"
"2015","2015-03-31","12663962","12664018","Peace Corps","45907272.78"
"2015","2015-04-30","13225714","13225718","Veterans Special Life","15283974.51"
"2015","2015-05-31","13833457","13833465","Defense Agencies","1441413083.49"
"2015","2015-06-30","14445462","14445466","Supreme Court of the United States","7722448.26"
"2015","2015-03-31","12663163","12663175","Child Care Entitlement to States","209449540.51"
"2015","2015-06-30","14446446","14446452","United States Marshals Service","132046326.62"
"2015","2015-06-30","14447040","14447108","National Labor Relations Board","20656752.06"
"2015","2015-04-30","13224805","13224807","Benefit Payments","23794866073.67"
"2015","2015-05-31","13834537","13834540","Capital Assistance for High Speed Rail Corridors and Intercity Passenger Rail Service","69395989.36"
"2015","2015-06-30","14447040","14447110","Nuclear Regulatory Commission","72127249.09"
"2015","2015-03-31","12663962","12664020","International Monetary Programs","254210587.28"
"2015","2015-05-31","13833457","13833467","Total--Research, Development, Test, and Evaluation","4867147970.16"
"2015","2015-06-30","14447040","14447112","Postal Service:","null"
"2015","2015-03-31","12663163","12663177","Payments to States for the Child Care and Development Block Grant","226336023.48"
"2015","2015-05-31","13833415","13833469","Military Construction:","null"
"2015","2015-03-31","12663163","12663183","Payments to States for Foster Care and Adoption Assistance","795733050.34"
"2015","2015-04-30","13224805","13224809","Administrative Expenses","367763857.01"
"2015","2015-04-30","13225700","13225720","Other","6830843.42"
"2015","2015-06-30","14447114","14447116","Public Enterprise Funds","'-442178211.83"
"2015","2015-03-31","12664022","12664024","Foreign Military Sales Trust Fund","2407686262.40"
"2015","2015-04-30","13225700","13225722","Total--Benefits Programs","7629676721.74"
"2015","2015-06-30","14445462","14445470","Courts of Appeals, District Courts, and Other Judicial Services","575329756.38"
"2015","2015-03-31","12664022","12664026","Other","7284947.94"
"2015","2015-04-30","13225724","13225726","Construction","121065984.37"
"2015","2015-06-30","14445462","14445474","Other","19712602.77"
"2015","2015-06-30","14447112","14447120","Other","null"
"2015","2015-05-31","13834537","13834541","Other","40667352.98"
"2015","2015-06-30","14445462","14445478","Proprietary Receipts from the Public","'-3050896.63"
"2015","2015-03-31","12663163","12663187","Total--Administration for Children and Families","4640958082.18"
"2015","2015-05-31","13833469","13833471","Department of the Army","136680161.24"
"2015","2015-06-30","14447040","14447122","Railroad Retirement Board:","null"
"2015","2015-06-30","14447122","14447124","Federal Windfall Subsidy","2506818.84"
"2015","2015-05-31","13833469","13833473","Department of the Navy","124825085.79"
"2015","2015-06-30","14446446","14446454","Assets Forfeiture Fund","114751886.82"
"2015","2015-04-30","13224805","13224811","Total--Federal Hospital Insurance Trust Fund","24162629930.68"
"2015","2015-05-31","13833469","13833475","Department of the Air Force","100040332.20"
"2015","2015-07-31","14974126","14974153","Native American Housing Block Grant","69838205.04"
"2015","2015-05-31","13833469","13833477","Defense Agencies","306595014.59"
"2015","2015-06-30","14446446","14446456","Other","180827286.87"
"2015","2015-07-31","14974126","14974157","Other","11733095.49"
"2015","2015-03-31","12663107","12663195","Proprietary Receipts from the Public","'-7438767763.68"
"2015","2015-05-31","13834537","13834542","Total--Federal Railroad Administration","189292211.92"
"2015","2015-06-30","14445462","14445482","Intrabudgetary Transactions","'-15059826.01"
"2015","2015-07-31","14974126","14974161","Total--Public and Indian Housing Programs","3121336421.21"
"2015","2015-05-31","13833469","13833479","Total--Military Construction","668140593.82"
"2015","2015-07-31","14974165","14974169","Housing Opportunities for Persons with AIDS","17402711.76"
"2015","2015-06-30","14447122","14447126","Federal Payments to the Railroad Retirement Accounts","1732816.65"
"2015","2015-04-30","13225724","13225728","Information Technology Systems","398181977.60"
"2015","2015-06-30","14447128","14447130","Benefit Payments","5175084.25"
"2015","2015-03-31","12663107","12663197","Intrabudgetary Transactions:","null"
"2015","2015-03-31","12663197","12663199","Payments for Health Insurance for the Aged:","null"
"2015","2015-04-30","13224793","13224813","Health Care Fraud and Abuse Control","165690130.09"
"2015","2015-07-31","14974165","14974173","Community Development Fund","520993194.05"
"2015","2015-05-31","13834508","13834543","Federal Transit Administration:","null"
"2015","2015-03-31","12664022","12664028","Proprietary Receipts from the Public","'-2452805223.71"
"2015","2015-05-31","13834543","13834544","Formula Grants","3649349.60"
"2015","2015-06-30","14447128","14447132","Transfer To Administrative Funds","1901133.00"
"2015","2015-06-30","14447122","14447136","Rail Industry Pension Fund:","null"
"2015","2015-05-31","13833481","13833485","Department of the Navy","24008551.17"
"2015","2015-06-30","14446442","14446458","Federal Bureau of Investigation","696070091.12"
"2015","2015-07-31","14974165","14974177","Home Investment Partnership Program","92972217.31"
"2015","2015-03-31","12663962","12664030","Other","10996517.01"
"2015","2015-04-30","13225724","13225730","General Operating Expenses","244259171.62"
"2015","2015-06-30","14446442","14446460","Drug Enforcement Administration","193958688.13"
"2015","2015-04-30","13224815","13224827","Total--Federal Supplementary Medical Insurance Trust Fund","30688053047.14"
"2015","2015-06-30","14445462","14445486","Total--Judicial Branch","584654084.77"
"2015","2015-06-30","14447136","14447140","Advances from FOASDI Fund","null"
"2015","2015-07-31","14974165","14974181","Neighborhood Stabilization Program","4484009.77"
"2015","2015-04-30","13225724","13225732","Other","77340408.31"
"2015","2015-06-30","14446442","14446462","Bureau of Alcohol, Tobacco, Firearms, and Explosives","104180267.40"
"2015","2015-06-30","14447136","14447142","OASDI Certifications","'-1877822.72"
"2015","2015-03-31","12663962","12664032","Total--International Assistance Programs","2456959743.12"
"2015","2015-05-31","13834543","13834545","Capital Investment Grants","320920726.03"
"2015","2015-06-30","14446442","14446464","Federal Prison System","563177991.26"
"2015","2015-07-31","14974201","14974205","FHA-Mutual Mortgage Insurance Fund, Program Account","10596022.55"
"2015","2015-05-31","13834543","13834546","Transit Formula Grants","597257186.57"
"2015","2015-06-30","14446442","14446466","Office of Justice Programs:","null"
"2015","2015-06-30","14447136","14447144","Transfer to Administrative Funds","6028144.73"
"2015","2015-05-31","13834543","13834547","Transit Capital Assistance, Recovery Act","7719705.90"
"2015","2015-06-30","14446466","14446468","State and Local Law Enforcement Assistance","73175754.70"
"2015","2015-03-31","12664034","12664036","Science","399474259.02"
"2015","2015-05-31","13833481","13833487","Department of the Air Force","25555931.64"
"2015","2015-06-30","14445490","14445495","Agricultural Research Service","91733901.39"
"2015","2015-05-31","13833491","13833499","Defense Agencies:","null"
"2015","2015-06-30","14445490","14445498","National Institute of Food and Agriculture:","null"
"2015","2015-06-30","14447136","14447146","Other","492135.38"
"2015","2015-03-31","12663199","12663201","Federal Supplementary Medical Insurance Trust Fund","'-16912697821.03"
"2015","2015-06-30","14447148","14447152","Administrative Expenses","2085510.45"
"2015","2015-03-31","12664034","12664038","Aeronautics","49825744.64"
"2015","2015-04-30","13224793","13224829","Other","167737180.50"
"2015","2015-06-30","14445498","14445503","Research and Education Activities","84522195.94"
"2015","2015-07-31","14974201","14974209","FHA-Mutual Mortgage Insurance Capital Reserve Account","'-1415301194.74"
"2015","2015-06-30","14445498","14445505","Extension Activities","61854594.66"
"2015","2015-03-31","12664034","12664040","Exploration","423628873.23"
"2015","2015-04-30","13225734","13225736","National Service Life","'-1599120.85"
"2015","2015-05-31","13833499","13833501","Working Capital Fund","'-934567762.46"
"2015","2015-06-30","14445498","14445511","Other","7184279.33"
"2015","2015-03-31","12663203","12663205","Federal Hospital Insurance Trust Fund","'-335615895.98"
"2015","2015-04-30","13225734","13225738","Other","'-328947403.86"
"2015","2015-06-30","14447148","14447154","Transfers to the Railroad Retirement Trust Funds from the National Railroad Retirement Investment Trust","143000000.00"
"2015","2015-03-31","12663197","12663207","Other","'-36766073.93"
"2015","2015-04-30","13224793","13224831","Total--Centers for Medicare and Medicaid Services","117529837562.36"
"2015","2015-06-30","14445490","14445521","Agricultural Marketing Service","63035563.32"
"2015","2015-06-30","14447122","14447164","Proprietary Receipts from the Public","'-117900827.26"
"2015","2015-03-31","12664034","12664042","Cross Agency Support","251941115.43"
"2015","2015-04-30","13225684","13225740","Intrabudgetary Transactions","9362543.21"
"2015","2015-05-31","13834543","13834549","Total--Federal Transit Administration","1008762847.14"
"2015","2015-06-30","14447166","14447168","Payments from Other Funds to the Railroad Retirement Trust Funds","'-4676583000.00"
"2015","2015-04-30","13224777","13224833","Administration for Children and Families:","null"
"2015","2015-05-31","13834508","13834550","Maritime Administration","47758585.72"
"2015","2015-06-30","14447166","14447172","Other","'-144731487.77"
"2015","2015-04-30","13225684","13225742","Total--Department of Veterans Affairs","13351570251.55"
"2015","2015-05-31","13834508","13834551","Other","39703302.70"
"2015","2015-07-31","14974201","14974217","FHA-General and Special Risk Fund, Program Account","null"
"2015","2015-03-31","12664034","12664044","Space Operations","319996828.77"
"2015","2015-05-31","13833499","13833503","Other","'-34879263.43"
"2015","2015-05-31","13834508","13834552","Proprietary Receipts from the Public","'-17292540.22"
"2015","2015-06-30","14446466","14446470","Community Oriented Policing Services","12474613.66"
"2015","2015-03-31","12664034","12664046","Other","98331161.94"
"2015","2015-04-30","13224833","13224835","Temporary Assistance for Needy Families","1028105634.15"
"2015","2015-05-31","13833415","13833505","Allowances","'-894367.70"
"2015","2015-05-31","13834508","13834553","Intrabudgetary Transactions:","null"
"2015","2015-06-30","14447122","14447174","Total--Railroad Retirement Board","'-3655757602.93"
"2015","2015-04-30","13224833","13224838","Contingency Fund","49780392.02"
"2015","2015-06-30","14445527","14445529","Administrative and Operating Expenses","6581930.02"
"2015","2015-04-30","13224833","13224844","Refugee and Entrant Assistance","112471050.75"
"2015","2015-06-30","14447040","14447176","Securities and Exchange Commission","127152391.21"
"2015","2015-03-31","12664034","12664048","Proprietary Receipts from the Public","'-278953.22"
"2015","2015-05-31","13833415","13833507","Trust Funds:","null"
"2015","2015-03-31","12664034","12664050","Intrabudgetary Transactions","'-4841.99"
"2015","2015-06-30","14446466","14446472","Crime Victims Fund","75740982.17"
"2015","2015-07-31","14974201","14974221","FHA-General and Special Risk Fund, Liquidating Account","'-6757237.97"
"2015","2015-04-30","13224833","13224846","Child Care Entitlement to States","381036697.36"
"2015","2015-06-30","14447040","14447178","Smithsonian Institution","84134944.76"
"2015","2015-04-30","13225744","13225746","Construction","152925106.94"
"2015","2015-07-31","14974201","14974225","Housing for the Elderly or Handicapped Fund, Liquidating Account","'-43561500.53"
"2015","2015-07-31","14974197","14974241","Other Assisted Housing Programs","17362922.09"
"2015","2015-04-30","13225744","13225748","Operation and Maintenance","'-370434985.88"
"2015","2015-06-30","14447040","14447180","Tennessee Valley Authority","142321175.44"
"2015","2015-05-31","13833507","13833509","Department of the Army","650136.22"
"2015","2015-06-30","14445527","14445535","Federal Crop Insurance Corporation Fund","95014829.06"
"2015","2015-03-31","12663211","12663227","U.S. Customs and Border Protection","1367722996.45"
"2015","2015-05-31","13834553","13834554","Payment from the General Fund, Highway Trust Fund","null"
"2015","2015-06-30","14447040","14447182","Other","160173328.64"
"2015","2015-07-31","14974197","14974245","Other","'-417138.46"
"2015","2015-05-31","13833507","13833511","Department of the Navy","2233621.29"
"2015","2015-07-31","14974197","14974249","Total--Housing Programs","'-1365435809.00"
"2015","2015-05-31","13834553","13834555","Other","'-14114.30"
"2015","2015-03-31","12664034","12664052","Total--National Aeronautics and Space Administration","1542914187.82"
"2015","2015-04-30","13225744","13225750","Flood Control and Coastal Emergencies","63899121.41"
"2015","2015-05-31","13834508","13834556","Offsetting Governmental Receipts","'-45723926.33"
"2015","2015-06-30","14446466","14446474","Other","36783747.45"
"2015","2015-07-31","14974253","14974257","Guarantees of Mortgage-Backed Securities","'-3591891.77"
"2015","2015-05-31","13834559","13834561","Grants for Specified Energy Property in Lieu of Tax Credit","391473669.00"
"2015","2015-06-30","14446442","14446476","Other","19962244.15"
"2015","2015-04-30","13224833","13224848","Payments to States for the Child Care and Development Block Grant","35793666.25"
"2015","2015-06-30","14446442","14446478","Proprietary Receipts from the Public","'-130475634.75"
"2015","2015-05-31","13834786","13834802","Federal Deposit Insurance Corporation:","null"
"2015","2015-04-30","13225744","13225752","Harbor Maintenance Trust Fund","645989166.70"
"2015","2015-05-31","13833507","13833513","Department of the Air Force","4046871.50"
"2015","2015-03-31","12663211","12663233","National Protection and Programs Directorate","130339348.00"
"2015","2015-04-30","13224833","13224850","Social Services Block Grant","158156102.32"
"2015","2015-06-30","14445537","14445545","USDA Supplemental Assistance","1504656.95"
"2015","2015-03-31","12663237","12663239","State and Local Programs","131999071.89"
"2015","2015-05-31","13833517","13833525","Defense Agencies","'-121888821.80"
"2015","2015-07-31","14974124","14974261","Management and Administration","137505248.46"
"2015","2015-05-31","13833527","13833529","Department of the Army","59206811.99"
"2015","2015-05-31","13834559","13834562","Housing and Economic Recovery Programs","175529627.16"
"2015","2015-07-31","14974124","14974265","Other","38440336.08"
"2015","2015-03-31","12664054","12664056","Research and Related Activities","423473080.35"
"2015","2015-05-31","13834559","13834563","Troubled Asset Relief Program","334802926.52"
"2015","2015-06-30","14446442","14446480","Intrabudgetary Transactions","'-398319058.81"
"2015","2015-07-31","14974124","14974270","Proprietary Receipts from the Public:","null"
"2015","2015-05-31","13834558","13834565","Bureau of the Fiscal Service:","null"
"2015","2015-06-30","14446442","14446482","Offsetting Governmental Receipts","'-47640287.26"
"2015","2015-06-30","14447040","14447184","Total--Independent Agencies","'-4411626609.38"
"2015","2015-03-31","12664054","12664058","Education and Human Resources","70647606.13"
"2015","2015-05-31","13834565","13834566","Financial Management Service:","null"
"2015","2015-06-30","14446442","14446484","Total--Department of Justice","1882067563.65"
"2015","2015-06-30","14446486","14446488","Employment and Training Administration:","null"
"2015","2015-06-30","null","14447186","Undistributed Offsetting Receipts:","null"
"2015","2015-03-31","12663237","12663243","Firefighter Assistance Grants","56288903.09"
"2015","2015-04-30","13225744","13225754","Rivers and Harbors Contributed Funds","28387309.26"
"2015","2015-06-30","14447186","14447188","Other Interest","'-3100.10"
"2015","2015-04-30","13225744","13225756","Other","219128220.61"
"2015","2015-06-30","14446488","14446501","Advances to the Unemployment Trust Fund and Other Funds","null"
"2015","2015-03-31","12663237","12663245","Disaster Relief","574985142.21"
"2015","2015-03-31","12664054","12664060","Other","44320868.57"
"2015","2015-05-31","13833527","13833531","Department of the Navy","7456756.36"
"2015","2015-05-31","13834566","13834568","Payment to the Resolution Funding Corporation","null"
"2015","2015-06-30","14446488","14446502","Program Administration","7335246.00"
"2015","2015-03-31","12664054","12664062","Proprietary Receipts from the Public","'-105572.24"
"2015","2015-05-31","13833527","13833533","Department of the Air Force","21367084.58"
"2015","2015-06-30","14446488","14446503","Unemployment Trust Fund:","null"
"2015","2015-03-31","12663237","12663249","National Flood Insurance Fund","'-32139997.42"
"2015","2015-04-30","13225744","13225758","Proprietary Receipts from the Public","'-56445918.67"
"2015","2015-05-31","13834566","13834570","Interest Paid to Credit Financing Accounts","null"
"2015","2015-03-31","12663237","12663251","Other","95553139.19"
"2015","2015-04-30","13224833","13224852","Children and Families Services Programs","894695291.01"
"2015","2015-05-31","13834566","13834571","Claims, Judgments, and Relief Acts","167994580.09"
"2015","2015-06-30","14447186","14447190","Employer Share, Employee Retirement:","null"
"2015","2015-05-31","13834566","13834572","Other","17665482.76"
"2015","2015-06-30","14447190","14447194","Department of Health and Human Services:","null"
"2015","2015-03-31","12664054","12664066","Total--National Science Foundation","538335982.81"
"2015","2015-06-30","14445537","14445551","Agricultural Disaster Relief Fund","117026.68"
"2015","2015-07-31","14974270","14974279","FHA-General and Special Risk Fund","'-32772278.31"
"2015","2015-03-31","12664068","12664070","Government Payment for Annuitants, Employees Health and Life Insurance Benefits","966911563.50"
"2015","2015-06-30","14445537","14445553","Commodity Credit Corporation","'-287380383.83"
"2015","2015-03-31","12664086","12664088","Postal Service Contributions","null"
"2015","2015-03-31","12664086","12664090","Civil Service Retirement and Disability Fund:","null"
"2015","2015-06-30","14445537","14445559","Tobacco Trust Fund","5404880.83"
"2015","2015-05-31","13833527","13833535","Defense Agencies","'-69192595.76"
"2015","2015-06-30","14446503","14446504","Federal-State Unemployment Insurance:","null"
"2015","2015-03-31","12664090","12664094","Other","'-4864689.84"
"2015","2015-04-30","13225744","13225760","Intrabudgetary Transactions","'-108297283.25"
"2015","2015-06-30","14445537","14445561","Agricultural Credit Insurance Fund","7785147.53"
"2015","2015-03-31","12664068","12664096","Total--Office of Personnel Management","7462127917.98"
"2015","2015-05-31","13833415","13833537","Offsetting Governmental Receipts:","null"
"2015","2015-05-31","13833537","13833539","Department of the Army","null"
"2015","2015-07-31","14974270","14974283","Other","4614640.81"
"2015","2015-04-30","13224833","13224854","Payments to States for Foster Care and Adoption Assistance","609888120.53"
"2015","2015-04-30","13225744","13225762","Total--Corps of Engineers","575150737.12"
"2015","2015-04-30","13224833","13224856","Other","54371343.80"
"2015","2015-04-30","null","13225764","Other Defense Civil Programs:","null"
"2015","2015-05-31","13834566","13834573","Total--Financial Management Service","253843779.93"
"2015","2015-06-30","14447194","14447196","Federal Hospital Insurance Trust Fund:","null"
"2015","2015-03-31","12664098","12664100","Salaries and Expenses","61382080.23"
"2015","2015-04-30","13225766","13225768","Payment to Military Retirement Fund","null"
"2015","2015-04-30","13224833","13224858","Total--Administration for Children and Families","3905097826.10"
"2015","2015-05-31","13834565","13834574","Bureau of the Public Debt","10762959.88"
"2015","2015-07-31","14974124","14974287","Intrabudgetary Transactions","204568590.21"
"2015","2015-03-31","12664098","12664102","Business Loans Program","5120551.79"
"2015","2015-04-30","13225766","13225770","Military Retirement Fund","4783370815.84"
"2015","2015-06-30","14446504","14446505","State Unemployment Benefits","2509432148.47"
"2015","2015-07-31","14974124","14974290","Offsetting Governmental Receipts","'-957400.00"
"2015","2015-04-30","13224777","13224860","Administration for Community Living","140482025.30"
"2015","2015-06-30","14446503","14446506","State Administrative Expenses","285000000.00"
"2015","2015-05-31","13834565","13834575","Total--Bureau of the Fiscal Service","264606739.81"
"2015","2015-05-31","13834558","13834576","Federal Financing Bank","'-15049760.90"
"2015","2015-06-30","14446503","14446507","Federal Administrative Expenses","17683372.59"
"2015","2015-04-30","13225764","13225778","Educational Benefits","35156674.19"
"2015","2015-06-30","14446503","14446509","Other","72442650.39"
"2015","2015-06-30","14447196","14447198","Federal Employer Contributions","'-286000000.00"
"2015","2015-03-31","12663237","12663255","Total--Federal Emergency Management Agency","826686258.96"
"2015","2015-06-30","14445537","14445569","Total--Farm Service Agency","'-148494273.88"
"2015","2015-04-30","13225764","13225780","Other","23033390.90"
"2015","2015-05-31","13834558","13834577","Alcohol and Tobacco Tax and Trade Bureau:","null"
"2015","2015-06-30","14446503","14446510","Total--Unemployment Trust Fund","2884558171.45"
"2015","2015-03-31","12664098","12664108","Proprietary Receipts from the Public","'-1313570.88"
"2015","2015-06-30","14445575","14445581","Conservation Operations","66092478.80"
"2015","2015-06-30","14447196","14447200","Postal Service Employer Contributions","'-51000000.00"
"2015","2015-04-30","13224777","13224862","Departmental Management","254115644.50"
"2015","2015-04-30","null","13225788","Environmental Protection Agency:","null"
"2015","2015-03-31","12664098","12664112","Total--Small Business Administration","85415605.95"
"2015","2015-04-30","13225788","13225790","Science and Technology","52424895.37"
"2015","2015-05-31","13834577","13834578","Salaries and Expenses","7640060.86"
"2015","2015-06-30","14447190","14447204","Department of State:","null"
"2015","2015-07-31","14974124","14974294","Total--Department of Housing and Urban Development","2892041128.75"
"2015","2015-04-30","13224777","13224864","Other","'-2201647.84"
"2015","2015-05-31","13833415","13833543","Total--Department of Defense--Military Programs","45632435236.10"
"2015","2015-06-30","14446488","14446512","Total--Employment and Training Administration","3467470451.65"
"2015","2015-03-31","12663211","12663257","Science and Technology","69313464.60"
"2015","2015-04-30","13225788","13225792","Environmental Programs and Management","176707832.08"
"2015","2015-05-31","null","13833545","Department of Education:","null"
"2015","2015-06-30","14446515","14446516","Special Benefits","270809867.95"
"2015","2015-05-31","13833545","13833547","Office of Elementary and Secondary Education:","null"
"2015","2015-06-30","14445575","14445587","Farm Security and Rural Investment Programs","165566169.25"
"2015","2015-03-31","12664114","12664116","Payments to Social Security Trust Funds","99736756.45"
"2015","2015-05-31","13834577","13834579","Internal Revenue Collections for Puerto Rico","27480531.27"
"2015","2015-06-30","14447204","14447206","Foreign Service Retirement and Disability Fund","'-25901026.61"
"2015","2015-04-30","13224777","13224866","Proprietary Receipts from the Public","'-10271452333.61"
"2015","2015-07-31","14974298","14974302","Land and Minerals Management:","null"
"2015","2015-03-31","12664114","12664118","Supplemental Security Income Program","618258684.56"
"2015","2015-05-31","13833547","13833549","Accelerating Achievement and Ensuring Equity","1684930616.94"
"2015","2015-06-30","14445575","14445593","Other","10203525.50"
"2015","2015-03-31","12663211","12663261","Domestic Nuclear Detection Office","25650527.06"
"2015","2015-04-30","13224777","13224868","Intrabudgetary Transactions:","null"
"2015","2015-06-30","14445490","14445599","Rural Development","57108487.10"
"2015","2015-03-31","12664120","12664122","Benefit Payments","61404648007.19"
"2015","2015-04-30","13224868","13224870","Payments for Health Insurance for the Aged:","null"
"2015","2015-06-30","14447210","14447212","Military Retirement Fund","'-1579999272.52"
"2015","2015-07-31","14974302","14974306","Bureau of Land Management:","null"
"2015","2015-06-30","14447210","14447214","Department of Defense Medicare-Eligible Retiree Health Care Fund","null"
"2015","2015-03-31","12663211","12663263","Other","30173413.61"
"2015","2015-05-31","13833547","13833551","Impact Aid","29475733.58"
"2015","2015-06-30","14447190","14447216","Office of Personnel Management:","null"
"2015","2015-07-31","14974306","14974310","Management of Lands and Resources","78416329.23"
"2015","2015-05-31","13833547","13833553","Education Improvement Programs","319981610.66"
"2015","2015-05-31","13834558","13834580","Bureau of Engraving and Printing","'-11388711.56"
"2015","2015-07-31","14974306","14974314","Other","15489257.51"
"2015","2015-03-31","12664132","12664134","Benefit Payments","11982027623.85"
"2015","2015-06-30","14445605","14445611","Rural Housing Insurance Fund","'-34794292.23"
"2015","2015-03-31","12663211","12663267","Proprietary Receipts from the Public","'-39672838.95"
"2015","2015-06-30","14445605","14445617","Rental Assistance Program","98252497.88"
"2015","2015-06-30","14445490","14445627","Rural Utilities Service:","null"
"2015","2015-04-30","13224870","13224872","Federal Supplementary Medical Insurance Trust Fund","'-22106230112.76"
"2015","2015-05-31","13834558","13834581","United States Mint","'-62054912.02"
"2015","2015-07-31","14974302","14974318","Bureau of Ocean Energy Management","'-5873818.14"
"2015","2015-03-31","12663211","12663269","Intrabudgetary Transactions","2571850.05"
"2015","2015-05-31","13834582","13834583","Taxpayer Services","183267979.57"
"2015","2015-07-31","14974302","14974322","Office of Surface Mining Reclamation and Enforcement","44302861.74"
"2015","2015-04-30","13224868","13224874","Payments for Tax and Other Credits:","null"
"2015","2015-06-30","14446515","14446517","Energy Employees Occupational Illness Compensation Fund","71353046.68"
"2015","2015-05-31","13833547","13833555","State Fiscal Stabilization Fund, Recovery Act","89061391.83"
"2015","2015-06-30","14447216","14447220","Civil Service Retirement and Disability Fund","'-2131970825.00"
"2015","2015-03-31","12664146","12664150","Off-Budget","'-16181159.55"
"2015","2015-04-30","13225788","13225794","State and Tribal Assistance Grants","275908496.63"
"2015","2015-06-30","14447190","14447222","Social Security Administration:","null"
"2015","2015-03-31","12664114","12664152","Intrabudgetary Transactions:","null"
"2015","2015-04-30","13224874","13224876","Federal Hospital Insurance Trust Fund","'-10548365100.51"
"2015","2015-05-31","13834582","13834592","Refunding Internal Revenue Collections, Interest","71395573.06"
"2015","2015-06-30","14447222","14447224","Federal Old-Age and Survivors Insurance Trust Fund:","null"
"2015","2015-07-31","14974302","14974326","Total--Land and Minerals Management","132334630.34"
"2015","2015-03-31","12663211","12663273","Offsetting Governmental Receipts","'-858026098.13"
"2015","2015-03-31","12664152","12664158","Off-Budget","'-99173296.67"
"2015","2015-04-30","13224868","13224878","Other","'-40560167.32"
"2015","2015-05-31","13833545","13833573","Office of Vocational and Adult Education","140375452.85"
"2015","2015-06-30","14447222","14447227","Federal Disability Insurance Trust Fund:","null"
"2015","2015-05-31","13833545","13833576","Office of Postsecondary Education:","null"
"2015","2015-03-31","12663211","12663275","Total--Department of Homeland Security","4270374548.56"
"2015","2015-04-30","13224777","13224880","Total--Department of Health and Human Services","83515364143.54"
"2015","2015-06-30","14446515","14446518","Special Benefits for Disabled Coal Miners","10177639.64"
"2015","2015-04-30","null","13224882","Department of Homeland Security:","null"
"2015","2015-04-30","13225788","13225796","Payment to the Hazardous Substance Superfund","null"
"2015","2015-07-31","14974334","14974338","Water and Related Resources","66464245.81"
"2015","2015-04-30","13224882","13224884","Departmental Management and Operations","'-135232453.46"
"2015","2015-05-31","13834582","13834593","Other","101678253.97"
"2015","2015-06-30","14446515","14446519","Black Lung Disability Trust Fund","18625065.22"
"2015","2015-05-31","13833576","13833578","Higher Education","177763856.00"
"2015","2015-06-30","14446515","14446520","Other","23958890.03"
"2015","2015-06-30","14446486","14446521","Wage and Hour Division","17884286.57"
"2015","2015-07-31","14974334","14974342","Other","33491269.70"
"2015","2015-03-31","null","12663279","Department of Housing and Urban Development:","null"
"2015","2015-03-31","12663279","12663281","Public and Indian Housing Programs:","null"
"2015","2015-04-30","13224882","13224886","Citizenship and Immigration Services","269148122.06"
"2015","2015-06-30","14446486","14446522","Occupational Safety and Health Administration","40245524.82"
"2015","2015-03-31","12663281","12663285","Tenant Based Rental Assistance","1566142722.00"
"2015","2015-03-31","12664114","12664160","Total--Social Security Administration","74291567932.75"
"2015","2015-05-31","13833576","13833581","Other","'-2879767.09"
"2015","2015-07-31","14974330","14974346","Central Utah Project","776330.08"
"2015","2015-04-30","13225788","13225798","Hazardous Substance Superfund","'-140824142.36"
"2015","2015-06-30","14447227","14447228","Federal Employer Contributions","'-201000000.00"
"2015","2015-03-31","12664162","12664164","Broadcasting Board of Governors","63620064.27"
"2015","2015-04-30","13224882","13224888","United States Secret Service","175419717.14"
"2015","2015-04-30","13225788","13225800","Other","23533051.37"
"2015","2015-04-30","13224882","13224890","Transportation Security Administration","284385966.37"
"2015","2015-06-30","14445627","14445630","Rural Electrification and Telecommunications Fund","56271491.58"
"2015","2015-05-31","13834582","13834594","Total--Internal Revenue Service","5076403225.85"
"2015","2015-06-30","14447190","14447232","Other","'-368231.69"
"2015","2015-03-31","12663281","12663287","Housing Certificate Fund","21436811.84"
"2015","2015-04-30","13224882","13224892","Immigration and Customs Enforcement","455588443.58"
"2015","2015-05-31","13834558","13834595","Comptroller of the Currency","71818619.08"
"2015","2015-03-31","12664162","12664166","Bureau of Consumer Financial Protection","48254196.67"
"2015","2015-05-31","13834558","13834597","Interest on the Public Debt:","null"
"2015","2015-04-30","13224882","13224894","U.S. Customs and Border Protection","973668497.55"
"2015","2015-06-30","14445627","14445639","Other","88484894.91"
"2015","2015-04-30","13224882","13224896","United States Coast Guard","876606516.99"
"2015","2015-04-30","13225788","13225802","Proprietary Receipts from the Public","'-36797468.57"
"2015","2015-06-30","14447190","14447233","Total--Employer Share, Employee Retirement","'-5456239355.82"
"2015","2015-03-31","12664162","12664168","Corporation for National and Community Service","83333074.61"
"2015","2015-05-31","13833576","13833583","Total--Office of Postsecondary Education","174884088.91"
"2015","2015-06-30","14447186","14447234","Interest Received by Trust Funds:","null"
"2015","2015-05-31","13833545","13833585","Office of Federal Student Aid:","null"
"2015","2015-07-31","14974330","14974350","United States Geological Survey","58175055.33"
"2015","2015-04-30","13224882","13224898","National Protection and Programs Directorate","126384125.06"
"2015","2015-05-31","13833585","13833587","Student Financial Assistance","841891276.17"
"2015","2015-06-30","14446486","14446524","Bureau of Labor Statistics","40613549.16"
"2015","2015-06-30","14447235","14447236","Judicial Survivors Annuity Fund","827923.01"
"2015","2015-05-31","13833585","13833589","Student Aid Administration","138501966.98"
"2015","2015-05-31","13833585","13833591","Federal Student Loan Reserve Fund","null"
"2015","2015-06-30","14446486","14446525","Departmental Management","74749051.20"
"2015","2015-06-30","14447237","14447238","Federal Hospital Insurance Trust Fund","'-4142376950.44"
"2015","2015-03-31","12663281","12663291","Project-Based Rental Assistance","860801952.64"
"2015","2015-05-31","13833585","13833593","Federal Direct Student Loans","null"
"2015","2015-06-30","14446486","14446526","Other","22413178.24"
"2015","2015-04-30","13224900","13224906","Disaster Relief","351506313.92"
"2015","2015-05-31","13834598","13834599","Public Issues (Accrual Basis)","26805314699.71"
"2015","2015-04-30","13225788","13225804","Intrabudgetary Transactions","29685942.59"
"2015","2015-05-31","13834598","13834600","Special Issues (Cash Basis)","5887532471.13"
"2015","2015-07-31","14974330","14974361","Total--Water and Science","158906900.92"
"2015","2015-04-30","13225788","13225806","Offsetting Governmental Receipts","'-3487786.97"
"2015","2015-06-30","14445490","14445644","Foreign Agricultural Service","62626792.58"
"2015","2015-03-31","12664162","12664184","Export-Import Bank of the United States","'-239044781.57"
"2015","2015-04-30","13225788","13225808","Total--Environmental Protection Agency","377150820.14"
"2015","2015-06-30","14445490","14445648","Food and Nutrition Service:","null"
"2015","2015-07-31","14974298","14974367","Fish and Wildlife and Parks:","null"
"2015","2015-03-31","12664186","12664189","Other","46949810.39"
"2015","2015-06-30","14445648","14445652","Supplemental Nutrition Assistance Program","6390748255.43"
"2015","2015-04-30","13224900","13224908","National Flood Insurance Fund","'-227187652.02"
"2015","2015-04-30","null","13225810","Executive Office of the President:","null"
"2015","2015-07-31","14974367","14974373","United States Fish and Wildlife Service","244308925.89"
"2015","2015-03-31","12664162","12664190","Federal Deposit Insurance Corporation:","null"
"2015","2015-04-30","13225810","13225811","The White House","4243704.91"
"2015","2015-04-30","13224900","13224910","Other","101862457.52"
"2015","2015-04-30","13225810","13225812","Office of Management and Budget","7182442.15"
"2015","2015-06-30","14446486","14446527","Proprietary Receipts from the Public","'-497709.95"
"2015","2015-06-30","14445648","14445664","Other","44115003.22"
"2015","2015-06-30","14445490","14445672","Forest Service:","null"
"2015","2015-07-31","14974397","14974403","Mineral Leasing and Associated Payments","136297185.27"
"2015","2015-03-31","12664190","12664195","Deposit Insurance Fund","'-1208877203.60"
"2015","2015-04-30","13225810","13225813","Unanticipated Needs","1039632.93"
"2015","2015-07-31","14974397","14974409","Other","108667923.26"
"2015","2015-03-31","12664190","12664196","FSLIC Resolution Fund","180483.88"
"2015","2015-04-30","13225810","13225814","Other","21754007.81"
"2015","2015-07-31","14974298","14974415","Insular Affairs","16101495.60"
"2015","2015-03-31","12664190","12664198","Total--Federal Deposit Insurance Corporation","'-1208696719.72"
"2015","2015-04-30","13225810","13225815","Proprietary Receipts from the Public","'-2825.04"
"2015","2015-05-31","13833585","13833597","Other","'-904623.23"
"2015","2015-06-30","14446486","14446528","Intrabudgetary Transactions","'-133442128.23"
"2015","2015-06-30","14445672","14445676","National Forest System","124076008.43"
"2015","2015-03-31","12663281","12663293","Public Housing Capital Fund","146422195.36"
"2015","2015-04-30","13225810","13225816","Intrabudgetary Transactions","'-1.05"
"2015","2015-05-31","13834598","13834601","Total--Interest on Treasury Debt Securities (Gross)","32692847170.84"
"2015","2015-07-31","14974298","14974421","Office of the Special Trustee for American Indians","48722873.18"
"2015","2015-03-31","12663281","12663297","Public Housing Operating Fund","347150884.97"
"2015","2015-05-31","13833585","13833599","Total--Office of Federal Student Aid","942727837.73"
"2015","2015-03-31","12663281","12663299","Revitalization of Severely Distressed Public Housing (Hope VI)","6780361.55"
"2015","2015-05-31","13833545","13833601","Institute of Education Sciences","46589071.29"
"2015","2015-06-30","14447237","14447239","Federal Supplementary Medical Insurance Trust Fund","'-997692369.45"
"2015","2015-03-31","12663281","12663303","Native American Housing Block Grant","104368727.84"
"2015","2015-05-31","13833545","13833607","Proprietary Receipts from the Public","'-92149977.30"
"2015","2015-05-31","13834597","13834602","Total--Interest on the Public Debt","32692847170.84"
"2015","2015-05-31","13834558","13834603","Other","7850869.72"
"2015","2015-06-30","14446486","14446529","Total--Department of Labor","3847844972.22"
"2015","2015-06-30","14447240","14447241","Oil Spill Liability Trust Fund","'-657275.59"
"2015","2015-03-31","12663281","12663305","Other","6224850.23"
"2015","2015-05-31","13833545","13833609","Intrabudgetary Transactions","102232758.76"
"2015","2015-06-30","14446531","14446532","Diplomatic and Consular Programs","360561683.65"
"2015","2015-05-31","13833545","13833611","Total--Department of Education","5088694888.60"
"2015","2015-06-30","14445672","14445680","Capital Improvement and Maintenance","28527108.37"
"2015","2015-06-30","14447240","14447242","Other","'-2185362.26"
"2015","2015-06-30","14447234","14447243","Department of Labor:","null"
"2015","2015-05-31","13833615","13833619","Weapons Activities","502132070.73"
"2015","2015-04-30","13225810","13225817","Total--Executive Office of the President","34216961.71"
"2015","2015-06-30","14445672","14445684","Wildland Fire Management","193232525.41"
"2015","2015-06-30","14446531","14446533","Educational and Cultural Exchange Programs","53377795.75"
"2015","2015-07-31","14974298","14974427","Department-Wide Programs","40628725.74"
"2015","2015-03-31","12664162","12664199","Federal Drug Control Programs","18917552.55"
"2015","2015-05-31","13833615","13833621","Defense Nuclear Nonproliferation","138247693.00"
"2015","2015-06-30","14445490","14445701","Intrabudgetary Transactions","'-187829745.55"
"2015","2015-07-31","14974298","14974433","Other","24382194.69"
"2015","2015-04-30","13225818","13225819","Real Property Activities","'-248873253.22"
"2015","2015-06-30","14446531","14446534","Embassy Security, Construction, and Maintenance","198665473.19"
"2015","2015-05-31","13833625","13833627","Defense Environmental Cleanup","821257024.21"
"2015","2015-03-31","12663281","12663309","Total--Public and Indian Housing Programs","3059328506.43"
"2015","2015-06-30","14447243","14447244","Unemployment Trust Fund","'-421444236.84"
"2015","2015-07-31","14974298","14974439","Proprietary Receipts from the Public","'-429029052.65"
"2015","2015-04-30","13224900","13224912","Total--Federal Emergency Management Agency","436045675.72"
"2015","2015-06-30","14447245","14447246","Foreign Service Retirement and Disability Fund","'-314284680.53"
"2015","2015-04-30","13225818","13225820","Supply and Technology Activities","'-131472969.35"
"2015","2015-06-30","14445490","14445703","Total--Department of Agriculture","10564863629.05"
"2015","2015-03-31","12664162","12664200","Federal Housing Finance Agency","27326194.62"
"2015","2015-03-31","12663311","12663315","Housing Opportunities for Persons with AIDS","25711547.11"
"2015","2015-04-30","13224882","13224914","Science and Technology","54192246.04"
"2015","2015-06-30","14446531","14446535","Payment to Foreign Service Retirement and Disability Fund","79450000.00"
"2015","2015-05-31","13833625","13833629","Other Defense Activities","74925162.54"
"2015","2015-06-30","14446531","14446536","Foreign Service Retirement and Disability Fund","77053797.54"
"2015","2015-06-30","14447234","14447247","Department of Transportation:","null"
"2015","2015-07-31","14974298","14974445","Intrabudgetary Transactions","'-37779656.02"
"2015","2015-04-30","13224882","13224922","Intrabudgetary Transactions","6203442.08"
"2015","2015-05-31","13834558","13834604","Proprietary Receipts from the Public","182619338.50"
"2015","2015-06-30","14446531","14446537","Other","101719349.89"
"2015","2015-03-31","12664162","12664201","Institute of Museum and Library Services","13361125.67"
"2015","2015-04-30","13225818","13225821","General Activities","9590067.45"
"2015","2015-05-31","13833625","13833631","Defense Nuclear Waste Disposal","163093.46"
"2015","2015-04-30","13225818","13225822","Proprietary Receipts from the Public","'-10517270.41"
"2015","2015-05-31","13834558","13834605","Intrabudgetary Transactions","'-98991038.37"
"2015","2015-06-30","14446531","14446538","Total--Administration of Foreign Affairs","870828100.02"
"2015","2015-03-31","12663311","12663317","Community Development Fund","598078807.20"
"2015","2015-04-30","13224882","13224924","Offsetting Governmental Receipts","'-882022490.59"
"2015","2015-05-31","13833635","13833637","Science","388556753.41"
"2015","2015-06-30","14447247","14447248","Airport and Airway Trust Fund","'-117206660.77"
"2015","2015-05-31","13833635","13833639","Energy Supply","115659813.37"
"2015","2015-06-30","14446530","14446539","International Organizations and Conferences","88417932.57"
"2015","2015-06-30","14447234","14447249","Department of Veterans Affairs:","null"
"2015","2015-04-30","13225818","13225823","Intrabudgetary Transactions","'-2511367.61"
"2015","2015-06-30","14447249","14447250","National Service Life Insurance Fund","'-104342378.26"
"2015","2015-03-31","12664162","12664202","Intelligence Community Management Account","48393058.11"
"2015","2015-05-31","13833635","13833641","Energy Efficiency and Renewable Energy","160608371.28"
"2015","2015-07-31","14974298","14974451","Total--Department of the Interior","1003974407.72"
"2015","2015-05-31","13834558","13834607","Total--Department of the Treasury","39144196603.00"
"2015","2015-04-30","13225818","13225824","Total--General Services Administration","'-383784793.14"
"2015","2015-06-30","14447249","14447251","United States Government Life Insurance Fund","'-99482.80"
"2015","2015-03-31","12664162","12664203","Legal Services Corporation","30200000.00"
"2015","2015-04-30","13225825","13225826","Millennium Challenge Corporation","49455955.89"
"2015","2015-06-30","14447234","14447253","Other Defense Civil Programs:","null"
"2015","2015-04-30","13225825","13225827","International Security Assistance:","null"
"2015","2015-06-30","14445705","14445707","Economic Development Administration","27308657.47"
"2015","2015-05-31","13834608","13834609","Joint DOD-VA Medical Facility Demonstration Fund","29445858.77"
"2015","2015-07-31","14974457","14974463","General Administration","103364323.13"
"2015","2015-04-30","13225827","13225828","Pakistan Counterinsurgency Capability Fund","null"
"2015","2015-06-30","14445705","14445709","Bureau of the Census","109386069.75"
"2015","2015-07-31","14974469","14974475","General Legal Activities","61621443.15"
"2015","2015-03-31","12663311","12663321","Home Investment Partnership Program","96613801.57"
"2015","2015-04-30","13224882","13224926","Total--Department of Homeland Security","2666307410.46"
"2015","2015-05-31","13833635","13833643","Fossil Energy Research and Development","55463438.96"
"2015","2015-06-30","14445705","14445711","International Trade Administration","47659223.16"
"2015","2015-07-31","14974469","14974481","United States Attorneys","115280181.45"
"2015","2015-04-30","13224930","13224932","Tenant Based Rental Assistance","1567118583.00"
"2015","2015-06-30","14446530","14446540","Global Health and Child Survival","574382555.37"
"2015","2015-07-31","14974469","14974487","United States Marshals Service","28635431.45"
"2015","2015-03-31","12663311","12663323","Neighborhood Stabilization Program","5868519.08"
"2015","2015-04-30","13225827","13225829","Foreign Military Financing Program","97153917.63"
"2015","2015-05-31","13833635","13833647","Advanced Technology Vehicles Manufacturing Loan Program","898208.67"
"2015","2015-04-30","13224930","13224934","Housing Certificate Fund","25418882.47"
"2015","2015-04-30","13225827","13225830","Economic Support Fund","287071983.46"
"2015","2015-06-30","14446530","14446541","Migration and Refugee Assistance","353789711.45"
"2015","2015-03-31","12664162","12664204","National Archives and Records Administration","32436653.68"
"2015","2015-05-31","13833635","13833649","Title 17 Innovative Technology Loan Guarantee Program","2731838.82"
"2015","2015-05-31","13834610","13834611","Veterans Choice Fund, Veterans Health Administration","1232631.64"
"2015","2015-06-30","14446530","14446542","International Narcotics Control and Law Enforcement","120791534.59"
"2015","2015-04-30","13225827","13225831","Other","84715602.52"
"2015","2015-06-30","14446530","14446543","Andean Counterdrug Programs","763761.70"
"2015","2015-03-31","12663339","12663341","FHA-Mutual Mortgage Insurance Fund, Program Account","13820594.63"
"2015","2015-03-31","12664162","12664205","National Credit Union Administration","'-44225350.39"
"2015","2015-06-30","14445705","14445713","National Oceanic and Atmospheric Administration","523506780.43"
"2015","2015-07-31","14974469","14974493","Assets Forfeiture Fund","41772554.53"
"2015","2015-03-31","12664162","12664206","National Endowment for the Arts","10561333.33"
"2015","2015-05-31","13833635","13833651","Other","78855672.09"
"2015","2015-07-31","14974469","14974498","Other","155402428.68"
"2015","2015-03-31","12664162","12664207","National Endowment for the Humanities","12441101.52"
"2015","2015-06-30","14446530","14446544","Other","36254144.70"
"2015","2015-04-30","13225827","13225833","Total--International Security Assistance","468941503.61"
"2015","2015-05-31","13834610","13834612","Medical Services","3984319889.64"
"2015","2015-03-31","12664162","12664208","National Labor Relations Board","21190312.53"
"2015","2015-07-31","14974457","14974504","Federal Bureau of Investigation","697789452.07"
"2015","2015-04-30","13224930","13224936","Project-Based Rental Assistance","852924290.69"
"2015","2015-05-31","13833635","13833653","Total--Energy Programs","841033651.13"
"2015","2015-06-30","14445705","14445719","Other","'-22345715.32"
"2015","2015-03-31","12664162","12664209","Nuclear Regulatory Commission","72577079.11"
"2015","2015-05-31","13834610","13834613","Medical Support and Compliance","444004434.47"
"2015","2015-06-30","14447253","14447254","Military Retirement Fund","'-1121268761.46"
"2015","2015-05-31","13833613","13833657","Departmental Administration","21031142.43"
"2015","2015-03-31","12663339","12663345","FHA-Mutual Mortgage Insurance Capital Reserve Account","'-891827632.67"
"2015","2015-04-30","13224930","13224938","Public Housing Capital Fund","119281178.90"
"2015","2015-03-31","12663339","12663347","FHA-Mutual Mortgage and Cooperative Housing Insurance Fund, Liquidating Account","1955834.94"
"2015","2015-05-31","13834617","13834619","Other","3193903.09"
"2015","2015-05-31","13834616","13834620","Compensation and Pensions","6331491860.43"
"2015","2015-07-31","14974457","14974508","Drug Enforcement Administration","213942638.34"
"2015","2015-03-31","12663339","12663351","FHA-General and Special Risk Fund, Program Account","null"
"2015","2015-05-31","13833277","13833311","Other","22916349.18"
"2015","2015-03-31","12663339","12663353","FHA-General and Special Risk Fund, Liquidating Account","'-24116766.25"
"2015","2015-04-30","13224930","13224940","Public Housing Operating Fund","409213134.00"
"2015","2015-04-30","13225834","13225835","Contribution to the International Development Association","null"
"2015","2015-05-31","13834616","13834622","Veterans Housing Benefit Program Fund","70295690.93"
"2015","2015-06-30","14447253","14447255","Educational Benefits Fund","'-1718357.54"
"2015","2015-04-30","13224930","13224942","Revitalization of Severely Distressed Public Housing (Hope VI)","10703268.09"
"2015","2015-04-30","13225834","13225836","Other","140978470.39"
"2015","2015-06-30","14445705","14445721","Proprietary Receipts from the Public","'-1353166.85"
"2015","2015-05-31","13833613","13833659","Proprietary Receipts from the Public","'-64035910.70"
"2015","2015-06-30","14445705","14445723","Intrabudgetary Transactions","'-2840339.29"
"2015","2015-06-30","14447253","14447256","Armed Forces Retirement Home","'-54.41"
"2015","2015-04-30","13225834","13225838","Total--Multilateral Assistance","140978470.39"
"2015","2015-06-30","14446530","14446545","Proprietary Receipts from the Public","'-6178222.20"
"2015","2015-06-30","14447234","14447257","Environmental Protection Agency","'-11631.48"
"2015","2015-04-30","13224930","13224944","Native American Housing Block Grant","101649878.49"
"2015","2015-06-30","14446530","14446546","Intrabudgetary Transactions","'-78761796.12"
"2015","2015-03-31","12664211","12664212","Public Enterprise Funds","'-190649050.66"
"2015","2015-05-31","13834623","13834624","National Service Life","81193071.57"
"2015","2015-06-30","14445731","14445733","Department of the Army","4588126911.09"
"2015","2015-06-30","14447234","14447258","Office of Personnel Management:","null"
"2015","2015-03-31","12664211","12664213","Other","null"
"2015","2015-03-31","12664210","12664214","Other","null"
"2015","2015-07-31","14974457","14974512","Bureau of Alcohol, Tobacco, Firearms, and Explosives","98283235.51"
"2015","2015-03-31","12664215","12664216","Federal Windfall Subsidy","2595188.39"
"2015","2015-07-31","14974457","14974516","Federal Prison System","558876797.88"
"2015","2015-04-30","13224930","13224946","Other","10114394.17"
"2015","2015-05-31","13833613","13833661","Intrabudgetary Transactions","'-622394892.56"
"2015","2015-04-30","13225839","13225840","Development Assistance Program","251868208.14"
"2015","2015-05-31","13834623","13834625","Veterans Special Life","12223038.64"
"2015","2015-07-31","14974520","14974524","State and Local Law Enforcement Assistance","63577714.55"
"2015","2015-03-31","12664215","12664217","Federal Payments to the Railroad Retirement Accounts","345831.92"
"2015","2015-04-30","13225839","13225844","Other","53230558.39"
"2015","2015-05-31","13834616","13834626","Other","8283269.47"
"2015","2015-05-31","13834616","13834627","Total--Benefits Programs","7570542314.85"
"2015","2015-07-31","14974520","14974528","Community Oriented Policing Services","26803694.82"
"2015","2015-03-31","12663339","12663357","Housing for the Elderly or Handicapped Fund, Liquidating Account","'-50240490.40"
"2015","2015-06-30","14447258","14447259","Civil Service Retirement and Disability Fund","'-14425949290.89"
"2015","2015-05-31","13833667","13833671","Health Resources and Services Administration","659144877.89"
"2015","2015-06-30","14447234","14447260","Social Security Administration:","null"
"2015","2015-03-31","12664215","12664218","Railroad Unemployment Insurance Trust Fund:","null"
"2015","2015-04-30","13225839","13225845","Proprietary Receipts from the Public","'-48256.67"
"2015","2015-06-30","14446530","14446547","Total--Department of State","1960287722.08"
"2015","2015-03-31","12663335","12663363","Housing for the Elderly","59722117.37"
"2015","2015-03-31","12664222","12664223","Benefit Payments","427529375.05"
"2015","2015-04-30","13225839","13225846","Intrabudgetary Transactions","'-791503.70"
"2015","2015-05-31","13833667","13833675","Centers for Disease Control and Prevention","539377681.89"
"2015","2015-07-31","14974520","14974536","Other","89907115.50"
"2015","2015-03-31","12662444","12662459","Architect of the Capitol","71857567.45"
"2015","2015-03-31","12664222","12664224","Advances from FOASDI Fund","null"
"2015","2015-05-31","13834608","13834628","Departmental Administration:","null"
"2015","2015-05-31","13834628","13834629","Construction","153968836.72"
"2015","2015-06-30","14446548","14446549","Office of the Secretary","106678183.14"
"2015","2015-07-31","14974457","14974540","Other","58350038.11"
"2015","2015-03-31","12663335","12663365","Housing for Persons with Disabilities","14545885.81"
"2015","2015-03-31","12664222","12664225","OASDI Certifications","'-1711811.18"
"2015","2015-05-31","13833667","13833677","National Institutes of Health","2250341616.57"
"2015","2015-06-30","14445731","14445735","Department of the Navy","3680689367.13"
"2015","2015-06-30","14446553","14446558","Total--Airport and Airway Trust Fund","1982232976.38"
"2015","2015-07-31","14974457","14974544","Proprietary Receipts from the Public","'-22495522.75"
"2015","2015-03-31","12662444","12662461","Library of Congress","59112010.27"
"2015","2015-04-30","13225839","13225847","Total--Agency for International Development","657567072.53"
"2015","2015-03-31","12664222","12664226","Transfer to Administrative Funds","4731996.00"
"2015","2015-06-30","14446551","14446559","Other","12844554.73"
"2015","2015-07-31","14974457","14974552","Offsetting Governmental Receipts","'-49748106.29"
"2015","2015-04-30","13224930","13224948","Total--Public and Indian Housing Programs","3096423609.81"
"2015","2015-03-31","12663335","12663369","Other Assisted Housing Programs","22029344.08"
"2015","2015-06-30","14447260","14447261","Federal Old-Age and Survivors Insurance Trust Fund","'-46454000060.67"
"2015","2015-05-31","13833667","13833679","Substance Abuse and Mental Health Services Administration","410285195.13"
"2015","2015-05-31","13833667","13833683","Centers for Medicare and Medicaid Services:","null"
"2015","2015-06-30","14445731","14445737","Department of the Air Force","2720864410.33"
"2015","2015-06-30","14445731","14445739","Defense Agencies","null"
"2015","2015-04-30","13224950","13224952","Housing Opportunities for Persons with AIDS","53506859.07"
"2015","2015-05-31","13833683","13833685","Grants to States for Medicaid","28475760360.57"
"2015","2015-03-31","12663335","12663371","Other","'-272086.98"
"2015","2015-05-31","13833683","13833687","Payments to Health Care Trust Funds","21839107621.02"
"2015","2015-06-30","14447260","14447262","Federal Disability Insurance Trust Fund","'-1125680935.22"
"2015","2015-06-30","14447234","14447263","Independent Agencies:","null"
"2015","2015-03-31","12664222","12664227","Other","152614.43"
"2015","2015-06-30","14445731","14445741","Total--Military Personnel","10989680688.55"
"2015","2015-04-30","13225848","13225849","Overseas Private Investment Corporation Accounts","2587355.28"
"2015","2015-03-31","12664215","12664228","National Railroad Retirement Investment Trust:","null"
"2015","2015-06-30","14447263","14447265","Railroad Retirement Board","27145462.59"
"2015","2015-05-31","13833683","13833689","Children's Health Insurance Fund","481934408.55"
"2015","2015-03-31","12662444","12662467","Government Printing Office","6678930.72"
"2015","2015-04-30","13225848","13225850","Proprietary Receipts from the Public","'-871135.00"
"2015","2015-05-31","13834628","13834630","Information Technology Systems","287518630.78"
"2015","2015-06-30","14447263","14447266","Other","'-568581.06"
"2015","2015-06-30","14446551","14446560","Total--Federal Aviation Administration","1258593201.73"
"2015","2015-06-30","14447234","14447267","Other","'-9805999.70"
"2015","2015-06-30","14445743","14445745","Department of the Army","5671700971.84"
"2015","2015-04-30","13225848","13225852","Total--Overseas Private Investment Corporation","1716220.28"
"2015","2015-05-31","13834628","13834631","General Operating Expenses","179679082.17"
"2015","2015-06-30","14446561","14446562","Highway Trust Fund:","null"
"2015","2015-07-31","14974457","14974556","Total--Department of Justice","2236969224.37"
"2015","2015-03-31","12664228","12664230","Administrative Expenses","1640584.13"
"2015","2015-06-30","14446562","14446563","Federal-Aid Highways","3900410826.29"
"2015","2015-03-31","12662444","12662472","Government Accountability Office","55554195.58"
"2015","2015-03-31","12664228","12664231","Transfers to the Railroad Retirement Trust Funds from the National Railroad Retirement Investment Trust","152000000.00"
"2015","2015-04-30","13225825","13225853","Peace Corps","37696058.96"
"2015","2015-03-31","12662444","12662479","United States Tax Court","4431749.77"
"2015","2015-04-30","13224950","13224954","Community Development Fund","599067462.37"
"2015","2015-05-31","13834628","13834632","Other","83834997.88"
"2015","2015-06-30","14447234","14447268","Total--Interest Received by Trust Funds","'-69213392316.54"
"2015","2015-07-31","14974564","14974568","Training and Employment Services","276819881.91"
"2015","2015-05-31","13834608","13834633","Proprietary Receipts from the Public:","null"
"2015","2015-04-30","13225825","13225854","International Monetary Programs","'-192391137.65"
"2015","2015-05-31","13834633","13834634","National Service Life","'-6378902.06"
"2015","2015-06-30","14447186","14447270","Rents and Royalties on the Outer Continental Shelf Lands","'-1154565938.74"
"2015","2015-03-31","12663335","12663375","Total--Housing Programs","'-854383199.47"
"2015","2015-04-30","13225855","13225856","Foreign Military Sales Trust Fund","2398377469.48"
"2015","2015-07-31","14974564","14974572","Office of Job Corps","132862775.49"
"2015","2015-03-31","12663377","12663381","Guarantees of Mortgage-Backed Securities","769013.81"
"2015","2015-04-30","13225855","13225857","Other","'-951634.92"
"2015","2015-03-31","12664215","12664232","Railroad Social Security Equivalent Benefit Account:","null"
"2015","2015-04-30","13225855","13225858","Proprietary Receipts from the Public","'-3172258412.50"
"2015","2015-05-31","13834608","13834636","Intrabudgetary Transactions","'-5367155.59"
"2015","2015-04-30","13225825","13225859","Other","9102972.89"
"2015","2015-06-30","14445743","14445747","Department of the Navy","4552560628.08"
"2015","2015-07-31","14974564","14974576","Community Service Employment for Older Americans","18537596.04"
"2015","2015-04-30","13224950","13224956","Home Investment Partnership Program","91904260.67"
"2015","2015-06-30","14445743","14445749","Department of the Air Force","4797993188.56"
"2015","2015-06-30","14445743","14445751","Defense Agencies","5739287886.49"
"2015","2015-06-30","14446562","14446564","Other","676098.79"
"2015","2015-07-31","14974564","14974580","Federal Unemployment Benefits and Allowances","40121183.33"
"2015","2015-03-31","12662444","12662484","Other Legislative Branch Agencies","4677317.02"
"2015","2015-05-31","13833683","13833691","State Grants and Demonstrations","47818331.68"
"2015","2015-06-30","14446561","14446565","Highway Infrastructure Investment, Recovery Act","4456108.15"
"2015","2015-07-31","14974564","14974584","Federal Additional Unemployment Compensation Program-Recovery Act","'-410984.41"
"2015","2015-04-30","13224950","13224958","Neighborhood Stabilization Program","5926264.85"
"2015","2015-05-31","13833695","13833697","Benefit Payments","22276614949.82"
"2015","2015-06-30","14447186","14447273","Spectrum Relocation Activities","'-11499987730.00"
"2015","2015-03-31","null","12662519","Judicial Branch:","null"
"2015","2015-03-31","12663279","12663383","Management and Administration","199281453.44"
"2015","2015-04-30","13225825","13225860","Total--International Assistance Programs","398234538.96"
"2015","2015-05-31","13834608","13834637","Total--Department of Veterans Affairs","12893817247.36"
"2015","2015-06-30","14446561","14446566","Other Programs","216356575.30"
"2015","2015-03-31","12663279","12663386","Other","14051994.39"
"2015","2015-05-31","13833695","13833699","Administrative Expenses","303111495.83"
"2015","2015-06-30","14445743","14445753","Total--Operation and Maintenance","20761542674.97"
"2015","2015-06-30","14446561","14446567","Total--Federal Highway Administration","4121899608.53"
"2015","2015-05-31","13834638","13834641","Flood Control and Coastal Emergencies","42396644.32"
"2015","2015-06-30","14445729","14445755","International Reconstruction and Other Assistance:","null"
"2015","2015-07-31","14974564","14974588","State Unemployment Insurance and Employment Service Operations","95013460.25"
"2015","2015-03-31","12662519","12662524","Supreme Court of the United States","6689738.51"
"2015","2015-03-31","12664232","12664233","Benefit Payments","589081443.69"
"2015","2015-04-30","null","13225861","National Aeronautics and Space Administration:","null"
"2015","2015-06-30","14447186","14447274","Total--Undistributed Offsetting Receipts","'-105951992138.20"
"2015","2015-03-31","12663388","12663392","FHA-General and Special Risk Fund","'-39607332.18"
"2015","2015-06-30","14445755","14445757","Department of the Army","null"
"2015","2015-06-30","null","14447275","Total Outlays","291157289359.24"
"2015","2015-04-30","13225861","13225862","Science","428089522.64"
"2015","2015-05-31","13834638","13834642","Harbor Maintenance Trust Fund","92284166.66"
"2015","2015-06-30","14447275","14447276","Total On-Budget","261815218255.96"
"2015","2015-03-31","12663388","12663394","Other","6915671.70"
"2015","2015-07-31","14974564","14974592","Payments to the Unemployment Trust Fund","null"
"2015","2015-07-31","14974564","14974596","Advances to the Unemployment Trust Fund and Other Funds","null"
"2015","2015-05-31","13833683","13833703","Health Care Fraud and Abuse Control","114146928.24"
"2015","2015-07-31","14974564","14974600","Program Administration","8632946.70"
"2015","2015-07-31","14974604","14974608","Federal-State Unemployment Insurance:","null"
"2015","2015-03-31","12663279","12663396","Intrabudgetary Transactions","'-6935515.50"
"2015","2015-06-30","14445759","14445761","Department of the Army","1980510582.55"
"2015","2015-03-31","12663279","12663398","Offsetting Governmental Receipts","'-878000.00"
"2015","2015-03-31","12664232","12664234","Transfer To Administrative Funds","2092008.00"
"2015","2015-04-30","13224950","13224960","Homeless Assistance Grants","149426209.02"
"2015","2015-03-31","12662519","12662526","Courts of Appeals, District Courts, and Other Judicial Services","574312258.43"
"2015","2015-03-31","12664232","12664235","Other","4655429.75"
"2015","2015-04-30","13224968","13224970","FHA-Mutual Mortgage Insurance Fund, Program Account","12899607677.52"
"2015","2015-06-30","14446548","14446568","Federal Motor Carrier Safety Administration","36454540.89"
"2015","2015-07-31","14974564","14974626","Other","33614001.95"
"2015","2015-03-31","12662519","12662530","Other","18010154.27"
"2015","2015-05-31","13833683","13833705","Federal Supplementary Medical Insurance Trust Fund:","null"
"2015","2015-06-30","14447275","14447277","Total Off-Budget","29342071103.28"
"2015","2015-03-31","12664215","12664236","Proprietary Receipts from the Public","'-824080530.23"
"2015","2015-05-31","13833705","13833707","Benefit Payments","23573825476.08"
"2015","2015-06-30","14446570","14446572","Capital and Debt Service Grants to the National Railroad Passenger Corporation","40424.13"
"2015","2015-03-31","12663279","12663400","Total--Department of Housing and Urban Development","3285909705.63"
"2015","2015-04-30","13225861","13225864","Exploration","271064471.10"
"2015","2015-05-31","13833705","13833709","Administrative Expenses","579996011.27"
"2015","2015-06-30","14445759","14445763","Department of the Navy","3716140305.52"
"2015","2015-06-30","14447278","14447280","Total Off-Budget","44284051601.13"
"2015","2015-07-31","14974564","14974628","Total--Employment and Training Administration","2714062247.80"
"2015","2015-03-31","12662519","12662532","Proprietary Receipts from the Public","'-3506376.97"
"2015","2015-04-30","13225861","13225865","Cross Agency Support","227297227.41"
"2015","2015-06-30","14446570","14446573","Capital Assistance for High Speed Rail Corridors and Intercity Passenger Rail Service","142505013.25"
"2015","2015-03-31","12664215","12664237","Intrabudgetary Transactions:","null"
"2015","2015-05-31","13833711","13833713","Benefit Payments","6071449487.69"
"2015","2015-07-31","14973373","14973379","House of Representatives","99370000.69"
"2015","2015-03-31","12664162","12664242","Securities and Exchange Commission","'-438899674.95"
"2015","2015-05-31","13833711","13833715","Administrative Expenses","35829189.30"
"2015","2015-03-31","12663404","12663416","Total--Land and Minerals Management","167945217.87"
"2015","2015-04-30","13224968","13224972","FHA-Mutual Mortgage Insurance Capital Reserve Account","'-9543093298.35"
"2015","2015-03-31","12664162","12664243","Smithsonian Institution","95367111.67"
"2015","2015-05-31","13834638","13834643","Rivers and Harbors Contributed Funds","36684890.38"
"2015","2015-07-31","14974560","14974630","Pension Benefit Guaranty Corporation","'-45975276.14"
"2015","2015-03-31","12662519","12662536","Intrabudgetary Transactions","14760679.73"
"2015","2015-04-30","13225861","13225866","Space Operations","232412819.25"
"2015","2015-04-30","13225861","13225867","Other","87920843.59"
"2015","2015-05-31","13833705","13833717","Total--Federal Supplementary Medical Insurance Trust Fund","30261100164.34"
"2015","2015-06-30","14445759","14445765","Department of the Air Force","2615362709.54"
"2015","2015-07-31","14974560","14974632","Employment Standards Administration","118478.46"
"2015","2015-04-30","13225861","13225868","Proprietary Receipts from the Public","689.38"
"2015","2015-06-30","14446570","14446574","Other","43560334.49"
"2015","2015-07-31","14973373","14973386","Joint Items","1959892.78"
"2015","2015-03-31","12663418","12663420","Bureau of Reclamation:","null"
"2015","2015-03-31","12663420","12663422","Water and Related Resources","89548954.94"
"2015","2015-06-30","14446570","14446575","Total--Federal Railroad Administration","248605771.87"
"2015","2015-07-31","14974560","14974634","Office of Workers' Compensation Programs:","null"
"2015","2015-03-31","12662519","12662538","Total--Judicial Branch","610266453.97"
"2015","2015-03-31","12664162","12664244","Tennessee Valley Authority","18869200.49"
"2015","2015-07-31","14974634","14974636","Special Benefits","212264816.57"
"2015","2015-07-31","14974634","14974644","Other","35429826.25"
"2015","2015-03-31","null","12662542","Department of Agriculture:","null"
"2015","2015-03-31","12663420","12663424","Other","19633186.80"
"2015","2015-04-30","13225861","13225869","Intrabudgetary Transactions","'-322.14"
"2015","2015-06-30","14446576","14446578","Capital Investment Grants","129266711.46"
"2015","2015-03-31","12662542","12662544","Agricultural Research Service","123986622.98"
"2015","2015-04-30","13225861","13225870","Total--National Aeronautics and Space Administration","1293619782.61"
"2015","2015-05-31","13833683","13833719","Other","236964970.24"
"2015","2015-03-31","12663418","12663426","Central Utah Project","928999.67"
"2015","2015-05-31","13833683","13833723","Total--Centers for Medicare and Medicaid Services","104036559230.29"
"2015","2015-06-30","14446576","14446579","Transit Formula Grants","822341250.93"
"2015","2015-03-31","12664162","12664245","Other","92423446.63"
"2015","2015-06-30","14445759","14445767","Defense Agencies","526619266.77"
"2015","2015-06-30","14446576","14446580","Transit Capital Assistance, Recovery Act","3951297.45"
"2015","2015-06-30","14446576","14446581","Other","65271953.04"
"2015","2015-07-31","14973373","14973390","Capitol Police","26472557.86"
"2015","2015-04-30","13225878","13225879","Government Payment for Annuitants, Employees Health and Life Insurance Benefits","987486199.07"
"2015","2015-06-30","14445759","14445769","Total--Procurement","8838632864.38"
"2015","2015-05-31","13834638","13834644","Other","58610405.49"
"2015","2015-06-30","14445771","14445773","Department of the Army","382505462.59"
"2015","2015-03-31","12664162","12664246","Total--Independent Agencies","'-408094218.63"
"2015","2015-04-30","13225878","13225882","Civil Service Retirement and Disability Fund","7031248876.87"
"2015","2015-05-31","13834638","13834645","Proprietary Receipts from the Public","'-56489744.90"
"2015","2015-03-31","12663418","12663428","United States Geological Survey","126176438.04"
"2015","2015-03-31","12664247","12664248","Other Interest","null"
"2015","2015-06-30","14445771","14445775","Department of the Navy","1477848223.25"
"2015","2015-07-31","14973373","14973396","Congressional Budget Office","3671024.26"
"2015","2015-03-31","12662542","12662548","National Institute of Food and Agriculture:","null"
"2015","2015-03-31","12664247","12664249","Employer Share, Employee Retirement:","null"
"2015","2015-04-30","13225878","13225883","Employees Life Insurance Fund","3046186.35"
"2015","2015-05-31","13834638","13834646","Intrabudgetary Transactions","'-671834.38"
"2015","2015-07-31","14973373","14973400","Architect of the Capitol","42901242.69"
"2015","2015-03-31","12664249","12664251","Department of Health and Human Services:","null"
"2015","2015-05-31","13834638","13834647","Total--Corps of Engineers","510091209.88"
"2015","2015-07-31","14973373","14973407","Library of Congress","49197996.03"
"2015","2015-03-31","12663418","12663432","Total--Water and Science","236295159.70"
"2015","2015-05-31","null","13834648","Other Defense Civil Programs:","null"
"2015","2015-05-31","13834648","13834649","Military Retirement:","null"
"2015","2015-07-31","14974560","14974646","Wage and Hour Division","18188709.04"
"2015","2015-03-31","12662548","12662550","Research and Education Activities","56445396.27"
"2015","2015-04-30","13225878","13225884","Employees and Retired Employees Health Benefits Fund","149302280.21"
"2015","2015-06-30","14445771","14445779","Defense Agencies","1574590899.49"
"2015","2015-07-31","14973373","14973423","United States Tax Court","5385159.59"
"2015","2015-03-31","12662548","12662554","Extension Activities","33099968.45"
"2015","2015-07-31","14973373","14973427","Other Legislative Branch Agencies","4382174.94"
"2015","2015-03-31","12662548","12662556","Other","9663830.98"
"2015","2015-04-30","13225889","13225891","Other","'-3588795.42"
"2015","2015-07-31","14974560","14974648","Occupational Safety and Health Administration","51843610.97"
"2015","2015-04-30","13225878","13225892","Total--Office of Personnel Management","8165581166.66"
"2015","2015-05-31","13834649","13834650","Payment to Military Retirement Fund","null"
"2015","2015-03-31","12664252","12664253","Federal Employer Contributions","'-275000000.00"
"2015","2015-06-30","14445771","14445781","Total--Research, Development, Test, and Evaluation","6022471123.10"
"2015","2015-07-31","14973373","14973438","Proprietary Receipts from the Public","'-793685.81"
"2015","2015-03-31","12664252","12664254","Postal Service Employer Contributions","'-52000000.00"
"2015","2015-04-30","13225893","13225896","Disaster Loans Program","1735356.65"
"2015","2015-04-30","13225893","13225897","Other","18119184.53"
"2015","2015-07-31","14973373","14973451","Offsetting Governmental Receipts","null"
"2015","2015-03-31","12664256","12664257","Foreign Service Retirement and Disability Fund","'-27714120.10"
"2015","2015-06-30","14445783","14445785","Department of the Army","310013420.85"
"2015","2015-04-30","13225893","13225898","Proprietary Receipts from the Public","688023.31"
"2015","2015-06-30","14445783","14445787","Department of the Navy","118867037.86"
"2015","2015-07-31","14974560","14974650","Mine Safety and Health Administration","39211013.11"
"2015","2015-03-31","12664249","12664259","Other Defense Civil Programs:","null"
"2015","2015-07-31","14973373","14973455","Total--Legislative Branch","353488778.04"
"2015","2015-03-31","12663434","12663436","United States Fish and Wildlife Service","291045626.37"
"2015","2015-03-31","12663434","12663438","National Park Service","267191645.61"
"2015","2015-03-31","12664259","12664261","Department of Defense Medicare-Eligible Retiree Health Care Fund","null"
"2015","2015-06-30","14445783","14445789","Department of the Air Force","73138180.23"
"2015","2015-07-31","14973463","14973467","Supreme Court of the United States","8255752.17"
"2015","2015-05-31","13834649","13834651","Military Retirement Fund","4740974622.08"
"2015","2015-07-31","14973463","14973475","Courts of Appeals, District Courts, and Other Judicial Services","734268328.29"
"2015","2015-07-31","14974560","14974654","Departmental Management","16710296.05"
"2015","2015-03-31","12663434","12663440","Total--Fish and Wildlife and Parks","558237271.98"
"2015","2015-05-31","13834648","13834652","Retiree Health Care:","null"
"2015","2015-06-30","14446576","14446582","Total--Federal Transit Administration","1024271277.80"
"2015","2015-07-31","14973463","14973479","Other","43877724.88"
"2015","2015-03-31","12663402","12663442","Bureau of Indian Affairs and Bureau of Indian Education","336535600.00"
"2015","2015-03-31","12664249","12664262","Office of Personnel Management:","null"
"2015","2015-06-30","14446548","14446583","Maritime Administration","'-128106452.47"
"2015","2015-03-31","12664262","12664264","Civil Service Retirement and Disability Fund","'-2581370388.78"
"2015","2015-05-31","13834652","13834653","Payment to Department of Defense Medicare-Eligible Retiree Health Care Fund","null"
"2015","2015-03-31","12662542","12662561","Animal and Plant Health Inspection Service","144305422.42"
"2015","2015-03-31","12663444","12663446","Mineral Leasing and Associated Payments","120707281.51"
"2015","2015-04-30","13225893","13225899","Intrabudgetary Transactions","'-444302.13"
"2015","2015-06-30","14446548","14446585","Proprietary Receipts from the Public","'-190819387.93"
"2015","2015-03-31","12662542","12662566","Food Safety and Inspection Service","134017794.40"
"2015","2015-03-31","12663402","12663450","Insular Affairs","20541578.79"
"2015","2015-04-30","13225893","13225900","Total--Small Business Administration","69003141.59"
"2015","2015-06-30","14446548","14446586","Intrabudgetary Transactions:","null"
"2015","2015-07-31","14974560","14974656","Other","31423393.90"
"2015","2015-03-31","12664265","12664266","Federal Old-Age and Survivors Insurance Trust Fund:","null"
"2015","2015-05-31","13834652","13834654","Department of Defense Medicare-Eligible Retiree Health Care Fund","762904198.41"
"2015","2015-03-31","12663402","12663452","Office of the Special Trustee for American Indians","28336762.96"
"2015","2015-03-31","12664266","12664267","Federal Employer Contributions","'-1138000000.00"
"2015","2015-05-31","13833727","13833751","Child Care Entitlement to States","224689770.11"
"2015","2015-03-31","12662542","12662572","Agricultural Marketing Service","112844603.50"
"2015","2015-03-31","12664265","12664269","Federal Disability Insurance Trust Fund:","null"
"2015","2015-06-30","14446586","14446587","Payment from the General Fund, Highway Trust Fund","null"
"2015","2015-07-31","14974560","14974662","Total--Department of Labor","3225697666.52"
"2015","2015-03-31","12662542","12662577","Risk Management Agency:","null"
"2015","2015-03-31","12664269","12664270","Federal Employer Contributions","'-194000000.00"
"2015","2015-05-31","13833727","13833755","Payments to States for the Child Care and Development Block Grant","149113024.50"
"2015","2015-06-30","14446586","14446588","Other","'-9214.72"
"2015","2015-04-30","13225901","13225902","Payments to Social Security Trust Funds","8320191142.80"
"2015","2015-07-31","null","14974664","Department of State:","null"
"2015","2015-05-31","13833727","13833759","Social Services Block Grant","146348562.32"
"2015","2015-06-30","14446548","14446589","Offsetting Governmental Receipts","'-1450661.55"
"2015","2015-07-31","14974666","14974668","Diplomatic and Consular Programs","795147560.17"
"2015","2015-03-31","12664249","12664274","Other","'-62555.01"
"2015","2015-04-30","13225901","13225903","Supplemental Security Income Program","4871747444.83"
"2015","2015-05-31","13834648","13834656","Other","20173258.68"
"2015","2015-07-31","14973463","14973487","Proprietary Receipts from the Public","'-10166353.71"
"2015","2015-04-30","13225904","13225905","Benefit Payments","61452410516.65"
"2015","2015-06-30","14445783","14445791","Defense Agencies","208865569.69"
"2015","2015-07-31","14973463","14973491","Intrabudgetary Transactions","'-61407895.95"
"2015","2015-03-31","12663402","12663458","Proprietary Receipts from the Public","'-377697258.80"
"2015","2015-05-31","13834660","13834661","Science and Technology","58710770.18"
"2015","2015-06-30","14446548","14446590","Total--Department of Transportation","6601408167.37"
"2015","2015-04-30","13225904","13225906","Administrative Expenses","287115376.72"
"2015","2015-05-31","13834660","13834662","Environmental Programs and Management","187305100.99"
"2015","2015-07-31","14973463","14973495","Total--Judicial Branch","714827555.68"
"2015","2015-04-30","13225904","13225909","Total--Federal Old-Age and Survivors Insurance Trust Fund (Off-Budget)","61739525893.37"
"2015","2015-05-31","13834660","13834663","State and Tribal Assistance Grants","268626531.35"
"2015","2015-06-30","14446592","14446593","Exchange Stabilization Fund","1088349.58"
"2015","2015-03-31","12664249","12664275","Total--Employer Share, Employee Retirement","'-5950068287.66"
"2015","2015-06-30","14445783","14445793","Total--Military Construction","710884208.63"
"2015","2015-07-31","14973499","14973503","Agricultural Research Service","84095648.00"
"2015","2015-03-31","12662577","12662584","Administrative and Operating Expenses","10485058.76"
"2015","2015-03-31","12663402","12663460","Intrabudgetary Transactions","5599749.15"
"2015","2015-05-31","13834660","13834665","Hazardous Substance Superfund","'-51853067.26"
"2015","2015-06-30","14446592","14446594","Grants for Specified Energy Property in Lieu of Tax Credit","65207781.00"
"2015","2015-05-31","13834660","13834666","Other","37754965.23"
"2015","2015-07-31","14974666","14974670","Educational and Cultural Exchange Programs","56463028.94"
"2015","2015-03-31","12664277","12664278","Judicial Survivors Annuity Fund","636037.67"
"2015","2015-05-31","13833727","13833763","Children and Families Services Programs","836532893.53"
"2015","2015-06-30","14446592","14446595","Housing and Economic Recovery Programs","null"
"2015","2015-07-31","14973499","14973507","National Institute of Food and Agriculture:","null"
"2015","2015-07-31","14974666","14974672","Embassy Security, Construction, and Maintenance","253006167.89"
"2015","2015-03-31","12664276","12664279","Department of Health and Human Services:","null"
"2015","2015-04-30","13225910","13225915","Total--Federal Disability Insurance Trust Fund (Off-Budget)","12370463383.00"
"2015","2015-07-31","14974666","14974674","Payment to Foreign Service Retirement and Disability Fund","null"
"2015","2015-03-31","12664279","12664280","Federal Hospital Insurance Trust Fund","'-15980067.68"
"2015","2015-05-31","13833727","13833767","Payments to States for Foster Care and Adoption Assistance","677900843.55"
"2015","2015-07-31","14973507","14973511","Research and Education Activities","70085222.13"
"2015","2015-03-31","12664279","12664281","Federal Supplementary Medical Insurance Trust Fund","'-260624551.83"
"2015","2015-04-30","13225901","13225916","Other","12826715.66"
"2015","2015-05-31","13833727","13833771","Other","48481041.78"
"2015","2015-07-31","14973507","14973515","Extension Activities","29341907.53"
"2015","2015-03-31","12662577","12662590","Federal Crop Insurance Corporation Fund","701805624.79"
"2015","2015-03-31","12664276","12664282","Department of Homeland Security:","null"
"2015","2015-05-31","13833727","13833775","Total--Administration for Children and Families","4103222157.61"
"2015","2015-07-31","14973507","14973519","Other","12680477.05"
"2015","2015-03-31","12664282","12664283","Oil Spill Liability Trust Fund","'-2521962.59"
"2015","2015-06-30","14445795","14445797","Department of the Army","26306547.47"
"2015","2015-07-31","14973499","14973523","Animal and Plant Health Inspection Service","237775601.03"
"2015","2015-03-31","12662542","12662596","Farm Service Agency:","null"
"2015","2015-03-31","12664276","12664285","Department of Labor:","null"
"2015","2015-04-30","13225917","13225918","On-Budget","'-223559606.89"
"2015","2015-07-31","14973499","14973528","Food Safety and Inspection Service","80351279.61"
"2015","2015-03-31","12662596","12662602","Salaries and Expenses","93680460.25"
"2015","2015-03-31","12664285","12664286","Unemployment Trust Fund","'-14730351.87"
"2015","2015-03-31","12664276","12664287","Department of State:","null"
"2015","2015-05-31","13833667","13833780","Administration for Community Living","144065766.18"
"2015","2015-06-30","14446592","14446596","Troubled Asset Relief Program","263146917.92"
"2015","2015-03-31","12664276","12664291","Department of Veterans Affairs:","null"
"2015","2015-05-31","13833667","13833786","Departmental Management","194033234.48"
"2015","2015-03-31","12664291","12664292","National Service Life Insurance Fund","'-1210695.20"
"2015","2015-05-31","13833667","13833792","Other","75300008.41"
"2015","2015-05-31","13834660","13834667","Proprietary Receipts from the Public","'-702558.78"
"2015","2015-07-31","14973499","14973531","Agricultural Marketing Service","78021358.43"
"2015","2015-03-31","12664291","12664293","United States Government Life Insurance Fund","'-2571.99"
"2015","2015-06-30","14446592","14446597","Other","126151419.81"
"2015","2015-03-31","12663402","12663462","Total--Department of the Interior","1289195924.86"
"2015","2015-03-31","12664276","12664294","Corps of Engineers","'-186668.16"
"2015","2015-05-31","13833667","13833798","Proprietary Receipts from the Public","'-7050152064.60"
"2015","2015-05-31","13833804","13833810","Payments for Health Insurance for the Aged:","null"
"2015","2015-05-31","13833810","13833816","Federal Supplementary Medical Insurance Trust Fund","'-21838635362.90"
"2015","2015-06-30","14446591","14446598","Bureau of the Fiscal Service:","null"
"2015","2015-07-31","14974664","14974682","International Organizations and Conferences","187082698.99"
"2015","2015-03-31","12663464","12663466","General Administration","50784621.13"
"2015","2015-03-31","12664276","12664295","Other Defense Civil Programs:","null"
"2015","2015-04-30","13225917","13225919","Off-Budget","'-12878277.05"
"2015","2015-06-30","14445795","14445799","Department of the Navy","26252543.10"
"2015","2015-04-30","13225901","13225920","Intrabudgetary Transactions:","null"
"2015","2015-06-30","14446599","14446601","Payment to the Resolution Funding Corporation","null"
"2015","2015-07-31","14973533","14973537","Administrative and Operating Expenses","5976771.15"
"2015","2015-03-31","12663468","12663470","General Legal Activities","103953499.58"
"2015","2015-04-30","13224968","13224974","FHA-Mutual Mortgage and Cooperative Housing Insurance Fund, Liquidating Account","762904.69"
"2015","2015-06-30","14445795","14445801","Department of the Air Force","33384959.47"
"2015","2015-07-31","14974664","14974684","Global Health and Child Survival","471613889.71"
"2015","2015-04-30","13224968","13224976","FHA-General and Special Risk Fund, Program Account","2080248121.00"
"2015","2015-05-31","13833822","13833828","Federal Hospital Insurance Trust Fund","'-1836223.98"
"2015","2015-07-31","14974664","14974686","Migration and Refugee Assistance","307161427.20"
"2015","2015-05-31","13833804","13833834","Other","'-47155590.49"
"2015","2015-03-31","12663468","12663472","United States Attorneys","232357925.46"
"2015","2015-04-30","13225920","13225923","Off-Budget","'-8320191142.80"
"2015","2015-05-31","13834660","13834668","Intrabudgetary Transactions","'-17355839.22"
"2015","2015-03-31","12663468","12663474","United States Marshals Service","174329236.71"
"2015","2015-04-30","13225901","13225924","Total--Social Security Administration","78758125552.92"
"2015","2015-06-30","14445795","14445803","Defense Agencies","2508659.23"
"2015","2015-04-30","13225925","13225926","Broadcasting Board of Governors","58436455.53"
"2015","2015-07-31","14973533","14973539","Federal Crop Insurance Corporation Fund","235750431.24"
"2015","2015-03-31","12664295","12664296","Military Retirement Fund","2179326824.24"
"2015","2015-06-30","14445805","14445809","Department of the Navy","342422386.31"
"2015","2015-07-31","14973499","14973543","Farm Service Agency:","null"
"2015","2015-04-30","13225925","13225927","Bureau of Consumer Financial Protection","45308733.22"
"2015","2015-07-31","14974664","14974688","International Narcotics Control and Law Enforcement","151481057.00"
"2015","2015-03-31","12662596","12662620","Commodity Credit Corporation","'-54076416.38"
"2015","2015-04-30","13224968","13224978","FHA-General and Special Risk Fund, Liquidating Account","'-37013425.97"
"2015","2015-05-31","13834660","13834669","Offsetting Governmental Receipts","'-3003100.36"
"2015","2015-06-30","14446599","14446602","Financial Agent Services","48823906.33"
"2015","2015-07-31","14974664","14974692","Other","54242639.97"
"2015","2015-03-31","12662596","12662626","Tobacco Trust Fund","694794.86"
"2015","2015-03-31","12664295","12664297","Educational Benefits Fund","3336406.62"
"2015","2015-05-31","13833667","13833840","Total--Department of Health and Human Services","83956391513.49"
"2015","2015-03-31","12663468","12663476","Assets Forfeiture Fund","121224141.39"
"2015","2015-05-31","13834660","13834670","Total--Environmental Protection Agency","479482802.13"
"2015","2015-04-30","13225925","13225928","Corporation for National and Community Service","78391859.78"
"2015","2015-06-30","14445813","14445815","Working Capital Fund","'-483082068.35"
"2015","2015-07-31","14973543","14973545","Salaries and Expenses","58736413.43"
"2015","2015-03-31","12663468","12663478","Other","199734700.97"
"2015","2015-05-31","13834671","13834672","The White House","4447117.73"
"2015","2015-06-30","14446599","14446604","Claims, Judgments, and Relief Acts","280444633.49"
"2015","2015-07-31","14974664","14974694","Proprietary Receipts from the Public","11051681.88"
"2015","2015-04-30","13225925","13225929","Corporation for Public Broadcasting","null"
"2015","2015-04-30","13225930","13225932","Courts","29037318.01"
"2015","2015-06-30","14445821","14445827","Department of the Air Force","3131872.27"
"2015","2015-04-30","13225930","13225933","General and Special Payments","57062482.15"
"2015","2015-05-31","13834671","13834673","Office of Management and Budget","6815969.07"
"2015","2015-05-31","13834671","13834674","Unanticipated Needs","'-11498564776.36"
"2015","2015-03-31","12664295","12664298","Armed Forces Retirement Home","'-166.30"
"2015","2015-04-30","13225925","13225935","Equal Employment Opportunity Commission","25639736.91"
"2015","2015-06-30","14446599","14446605","Other","126402459.79"
"2015","2015-03-31","12662596","12662632","Agricultural Credit Insurance Fund","82905659.58"
"2015","2015-03-31","12664276","12664299","Environmental Protection Agency","'-9782181.94"
"2015","2015-06-30","14445821","14445829","Defense Agencies","16991728.50"
"2015","2015-07-31","14973543","14973551","Agricultural Disaster Relief Fund","'-99301.34"
"2015","2015-03-31","12663464","12663480","Federal Bureau of Investigation","770417377.07"
"2015","2015-04-30","13225925","13225936","Export-Import Bank of the United States","'-24476238.15"
"2015","2015-03-31","12663464","12663482","Drug Enforcement Administration","202124632.02"
"2015","2015-05-31","13833846","13833852","Departmental Management and Operations","274276664.35"
"2015","2015-07-31","14973543","14973555","Commodity Credit Corporation","'-318945456.36"
"2015","2015-03-31","12664276","12664300","Office of Personnel Management:","null"
"2015","2015-04-30","13225925","13225937","Federal Communications Commission:","null"
"2015","2015-05-31","13834671","13834675","Other","15631692.90"
"2015","2015-04-30","13224968","13224980","Housing for the Elderly or Handicapped Fund, Liquidating Account","'-37183097.57"
"2015","2015-06-30","14446599","14446606","Total--Financial Management Service","455670999.61"
"2015","2015-07-31","14974664","14974696","Intrabudgetary Transactions","48055237.56"
"2015","2015-03-31","12664300","12664301","Civil Service Retirement and Disability Fund","'-16127246.59"
"2015","2015-07-31","14973543","14973557","Tobacco Trust Fund","288342.91"
"2015","2015-05-31","13834671","13834676","Proprietary Receipts from the Public","'-468.20"
"2015","2015-06-30","14446598","14446614","Bureau of the Public Debt","70505867.97"
"2015","2015-07-31","14974664","14974698","Total--Department of State","2188077005.72"
"2015","2015-03-31","12662596","12662638","Other","12446505.38"
"2015","2015-05-31","13834671","13834677","Intrabudgetary Transactions","1.05"
"2015","2015-05-31","13833846","13833858","Citizenship and Immigration Services","236093735.13"
"2015","2015-07-31","14974700","14974702","Office of the Secretary","74243578.22"
"2015","2015-03-31","12664302","12664303","Federal Old-Age and Survivors Insurance Trust Fund","'-36454268.21"
"2015","2015-05-31","13834671","13834678","Total--Executive Office of the President","'-11471670463.81"
"2015","2015-07-31","14974706","14974708","Operations","'-1261463281.61"
"2015","2015-03-31","12662596","12662642","Total--Farm Service Agency","135641797.72"
"2015","2015-04-30","13224966","13224992","Housing for Persons with Disabilities","14834119.84"
"2015","2015-06-30","14445831","14445833","Department of the Army","11384265.44"
"2015","2015-07-31","14974710","14974712","Grants-In-Aid for Airports","237594803.89"
"2015","2015-05-31","13834679","13834680","Real Property Activities","3278382.51"
"2015","2015-06-30","14446598","14446616","Total--Bureau of the Fiscal Service","526176867.58"
"2015","2015-03-31","12663464","12663484","Bureau of Alcohol, Tobacco, Firearms, and Explosives","129904223.21"
"2015","2015-04-30","13225937","13225938","Universal Service Fund","675664913.06"
"2015","2015-05-31","13834679","13834681","Supply and Technology Activities","154099817.24"
"2015","2015-06-30","14445831","14445835","Department of the Navy","'-13267456.29"
"2015","2015-07-31","14974710","14974714","Facilities and Equipment","181411206.69"
"2015","2015-05-31","13834679","13834682","General Activities","9685151.43"
"2015","2015-06-30","14445831","14445837","Department of the Air Force","'-61802425.90"
"2015","2015-03-31","12663464","12663486","Federal Prison System","767888558.62"
"2015","2015-04-30","13224966","13224996","Other Assisted Housing Programs","20626239.99"
"2015","2015-04-30","13225937","13225939","Spectrum Auction Program Account","5824.46"
"2015","2015-05-31","13834679","13834683","Proprietary Receipts from the Public","'-30617111.78"
"2015","2015-03-31","12664302","12664304","Federal Disability Insurance Trust Fund","'-21010723.98"
"2015","2015-05-31","13834679","13834684","Intrabudgetary Transactions","'-840114.54"
"2015","2015-07-31","14974710","14974716","Research, Engineering, and Development","14657454.45"
"2015","2015-03-31","12662646","12662650","Conservation Operations","88423955.91"
"2015","2015-03-31","12664276","12664305","Independent Agencies:","null"
"2015","2015-05-31","13833846","13833864","United States Secret Service","154806650.30"
"2015","2015-07-31","14974710","14974718","Trust Fund Share of FAA Operations","2000000000.00"
"2015","2015-04-30","13224966","13225000","Other","1083823.24"
"2015","2015-06-30","14445831","14445839","Defense Agencies","'-105868509.45"
"2015","2015-06-30","14445729","14445841","Intrabudgetary Transactions:","null"
"2015","2015-07-31","14974710","14974720","Total--Airport and Airway Trust Fund","2433663465.03"
"2015","2015-03-31","12662646","12662654","Farm Security and Rural Investment Programs","193549220.44"
"2015","2015-04-30","13224966","13225004","Total--Housing Programs","5467367610.93"
"2015","2015-04-30","13225925","13225941","Federal Deposit Insurance Corporation:","null"
"2015","2015-05-31","13834679","13834685","Total--General Services Administration","135606124.86"
"2015","2015-04-30","13225941","13225946","Deposit Insurance Fund","'-1451773455.33"
"2015","2015-03-31","12663488","12663490","State and Local Law Enforcement Assistance","51780650.95"
"2015","2015-04-30","13225008","13225012","Guarantees of Mortgage-Backed Securities","4600573.41"
"2015","2015-03-31","12662646","12662658","Other","12426540.27"
"2015","2015-05-31","13833846","13833870","Transportation Security Administration","331201972.24"
"2015","2015-06-30","14445841","14445843","Department of the Army","'-15203616.19"
"2015","2015-07-31","14973543","14973561","Agricultural Credit Insurance Fund","50712840.10"
"2015","2015-03-31","12662542","12662661","Rural Development","79875004.62"
"2015","2015-04-30","13225941","13225947","FSLIC Resolution Fund","184696.95"
"2015","2015-05-31","13834686","13834688","International Security Assistance:","null"
"2015","2015-07-31","14973543","14973567","Total--Farm Service Agency","'-206688923.64"
"2015","2015-04-30","13224928","13225016","Management and Administration","136813551.21"
"2015","2015-05-31","13834688","13834690","Foreign Military Financing Program","111941716.78"
"2015","2015-06-30","14446591","14446618","Federal Financing Bank","'-183222847.69"
"2015","2015-07-31","14974706","14974722","Other","18542448.18"
"2015","2015-03-31","12663488","12663492","Community Oriented Policing Services","12511634.22"
"2015","2015-04-30","13224928","13225021","Other","13410080.84"
"2015","2015-05-31","13833846","13833882","U.S. Customs and Border Protection","950328550.65"
"2015","2015-06-30","14445841","14445845","Department of the Navy","'-15523592.88"
"2015","2015-03-31","12663488","12663494","Crime Victims Fund","62262095.94"
"2015","2015-04-30","13225941","13225949","Total--Federal Deposit Insurance Corporation","'-1451588758.38"
"2015","2015-06-30","14445841","14445847","Department of the Air Force","23588309.51"
"2015","2015-03-31","12663488","12663496","Other","80416307.40"
"2015","2015-04-30","13224928","13225026","Proprietary Receipts from the Public:","null"
"2015","2015-06-30","14445841","14445849","Defense Agencies","'-18976108.24"
"2015","2015-07-31","14974706","14974724","Total--Federal Aviation Administration","1190742631.60"
"2015","2015-03-31","12663464","12663498","Other","84043036.59"
"2015","2015-05-31","13833846","13833888","United States Coast Guard","799231151.90"
"2015","2015-03-31","12664276","12664310","Total--Interest Received by Trust Funds","1777586143.14"
"2015","2015-04-30","13225026","13225034","FHA-General and Special Risk Fund","'-2322206264.93"
"2015","2015-06-30","14445729","14445851","Offsetting Governmental Receipts:","null"
"2015","2015-04-30","13225026","13225038","Other","'-1367346.93"
"2015","2015-05-31","13833846","13833894","National Protection and Programs Directorate","99641936.83"
"2015","2015-06-30","14445851","14445853","Department of the Army","null"
"2015","2015-07-31","14974728","14974730","Federal-Aid Highways","4754745876.25"
"2015","2015-04-30","13225925","13225951","Federal Housing Finance Agency","18433648.63"
"2015","2015-05-31","13833846","13833900","Federal Emergency Management Agency:","null"
"2015","2015-06-30","14446620","14446622","Salaries and Expenses","6964245.47"
"2015","2015-04-30","13225925","13225952","Institute of Museum and Library Services","13876820.11"
"2015","2015-06-30","14446620","14446624","Internal Revenue Collections for Puerto Rico","31783446.61"
"2015","2015-07-31","14974728","14974732","Other","784000.79"
"2015","2015-03-31","12664247","12664312","Rents and Royalties on the Outer Continental Shelf Lands","'-475389246.17"
"2015","2015-05-31","13834688","13834691","Economic Support Fund","281090908.80"
"2015","2015-07-31","14973569","14973573","Conservation Operations","57963485.78"
"2015","2015-04-30","13224928","13225042","Intrabudgetary Transactions","64237.45"
"2015","2015-06-30","14446591","14446626","Bureau of Engraving and Printing","'-3805805.03"
"2015","2015-03-31","12664247","12664316","Total--Undistributed Offsetting Receipts","'-4647871390.69"
"2015","2015-07-31","14974726","14974734","Highway Infrastructure Investment, Recovery Act","30508523.02"
"2015","2015-03-31","null","12664317","Total Outlays","287097397834.05"
"2015","2015-05-31","13834688","13834692","Other","59951237.87"
"2015","2015-07-31","14973569","14973575","Farm Security and Rural Investment Programs","152283535.56"
"2015","2015-03-31","12664317","12664318","Total On-Budget","214902033648.13"
"2015","2015-04-30","13225054","13225058","Land and Minerals Management:","null"
"2015","2015-04-30","13225058","13225062","Bureau of Land Management:","null"
"2015","2015-07-31","14973569","14973580","Other","10137455.98"
"2015","2015-04-30","13225062","13225066","Management of Lands and Resources","86161143.88"
"2015","2015-03-31","12663464","12663500","Proprietary Receipts from the Public","'-86812614.58"
"2015","2015-05-31","13833900","13833906","State and Local Programs","161560217.81"
"2015","2015-04-30","13225062","13225070","Other","43624911.86"
"2015","2015-05-31","13833900","13833912","Firefighter Assistance Grants","48890135.20"
"2015","2015-06-30","14445729","14445857","Total--Department of Defense--Military Programs","47082018066.17"
"2015","2015-03-31","12663464","12663502","Intrabudgetary Transactions","104589856.68"
"2015","2015-04-30","13225058","13225074","Bureau of Ocean Energy Management","11859152.59"
"2015","2015-05-31","13834688","13834694","Total--International Security Assistance","452983863.45"
"2015","2015-07-31","14974726","14974736","Other Programs","79660825.61"
"2015","2015-03-31","12662664","12662668","Rural Housing Insurance Fund","'-37640347.71"
"2015","2015-06-30","null","14445859","Department of Education:","null"
"2015","2015-06-30","14446591","14446628","United States Mint","'-153832882.13"
"2015","2015-03-31","12662664","12662671","Rental Assistance Program","100407851.66"
"2015","2015-03-31","12662664","12662675","Other","12782577.57"
"2015","2015-04-30","13225925","13225953","Intelligence Community Management Account","40438658.64"
"2015","2015-06-30","14446630","14446632","Taxpayer Services","160739471.18"
"2015","2015-03-31","12662542","12662678","Rural Utilities Service:","null"
"2015","2015-04-30","13225058","13225078","Office of Surface Mining Reclamation and Enforcement","38586982.10"
"2015","2015-05-31","13833900","13833917","Disaster Relief","493218908.51"
"2015","2015-06-30","14445859","14445861","Office of Elementary and Secondary Education:","null"
"2015","2015-06-30","14446630","14446634","Enforcement","371863105.49"
"2015","2015-07-31","14974726","14974738","Total--Federal Highway Administration","4865699225.67"
"2015","2015-03-31","12663464","12663504","Offsetting Governmental Receipts","'-41141645.40"
"2015","2015-07-31","14974700","14974740","Federal Motor Carrier Safety Administration","50449501.47"
"2015","2015-05-31","13834700","13834701","Development Assistance Program","203474788.15"
"2015","2015-06-30","14446630","14446636","Operations Support","294847886.92"
"2015","2015-03-31","12663464","12663506","Total--Department of Justice","3020368237.96"
"2015","2015-04-30","13225925","13225954","Legal Services Corporation","29033950.00"
"2015","2015-06-30","14446630","14446638","Build America Bond Payments, Recovery Act","270115893.70"
"2015","2015-07-31","14974700","14974742","National Highway Traffic Safety Administration","61693809.23"
"2015","2015-03-31","12662678","12662682","Rural Electrification and Telecommunications Fund","261505369.02"
"2015","2015-05-31","13833900","13833923","National Flood Insurance Fund","'-214650507.32"
"2015","2015-04-30","13225925","13225955","National Archives and Records Administration","22367534.52"
"2015","2015-06-30","14445861","14445863","Accelerating Achievement and Ensuring Equity","1448578390.54"
"2015","2015-07-31","14973598","14973600","Rural Electrification and Telecommunications Fund","94345025.79"
"2015","2015-03-31","12663510","12663512","Training and Employment Services","252434706.64"
"2015","2015-03-31","12662678","12662687","Other","51433672.44"
"2015","2015-06-30","14445861","14445865","Impact Aid","5613342.14"
"2015","2015-07-31","14973598","14973606","Other","74725688.83"
"2015","2015-04-30","13225925","13225956","National Credit Union Administration","'-149499616.42"
"2015","2015-06-30","14445861","14445867","Education Improvement Programs","427736390.33"
"2015","2015-07-31","14973499","14973610","Foreign Agricultural Service","165388205.60"
"2015","2015-04-30","13225058","13225082","Total--Land and Minerals Management","180232190.43"
"2015","2015-04-30","13225090","13225096","Water and Related Resources","54968643.96"
"2015","2015-03-31","12663163","12663185","Other","41617688.15"
"2015","2015-06-30","14445861","14445869","State Fiscal Stabilization Fund, Recovery Act","115689044.02"
"2015","2015-07-31","14974744","14974746","Operating Subsidy Grants to the National Railroad Passenger Corporation","null"
"2015","2015-03-31","12663510","12663514","Office of Job Corps","159445788.32"
"2015","2015-04-30","13225925","13225957","National Endowment for the Arts","12090599.16"
"2015","2015-07-31","14973614","14973618","Supplemental Nutrition Assistance Program","6317644399.38"
"2015","2015-04-30","13225925","13225958","National Endowment for the Humanities","10984931.29"
"2015","2015-06-30","14445861","14445871","Other","45674948.77"
"2015","2015-03-31","12662542","12662689","Foreign Agricultural Service","95873407.77"
"2015","2015-05-31","13833900","13833929","Other","107317470.68"
"2015","2015-05-31","13834700","13834703","International Disaster Assistance","207850742.14"
"2015","2015-07-31","14974744","14974748","Capital and Debt Service Grants to the National Railroad Passenger Corporation","90870652.22"
"2015","2015-03-31","12662542","12662693","Food and Nutrition Service:","null"
"2015","2015-06-30","14445861","14445873","Total--Office of Elementary and Secondary Education","2043292115.80"
"2015","2015-07-31","14973614","14973622","Child Nutrition Programs","1250159697.42"
"2015","2015-03-31","12663510","12663516","Community Service Employment for Older Americans","34312191.03"
"2015","2015-04-30","13225925","13225959","National Labor Relations Board","21075117.62"
"2015","2015-07-31","14973614","14973626","Special Supplemental Nutrition Program for Women, Infants, and Children (WIC)","541650745.51"
"2015","2015-04-30","13225090","13225102","Other","37568170.28"
"2015","2015-05-31","13834700","13834704","Operating Expenses","135729437.93"
"2015","2015-07-31","14973614","14973630","Other","35467014.89"
"2015","2015-03-31","12662693","12662697","Supplemental Nutrition Assistance Program","6576865923.87"
"2015","2015-04-30","13225086","13225108","Central Utah Project","1492480.06"
"2015","2015-04-30","13225086","13225114","United States Geological Survey","61510650.02"
"2015","2015-06-30","14446630","14446640","Refundable Premium Tax Credits and Cost Sharing Reductions","3168940748.62"
"2015","2015-06-30","14445859","14445875","Office of Innovation and Improvement","155035469.73"
"2015","2015-07-31","14974744","14974752","Other","63071656.20"
"2015","2015-03-31","12664317","12664319","Total Off-Budget","72195364185.92"
"2015","2015-06-30","14446630","14446642","Payment Where Earned Income Credit Exceeds Liability for Tax","151951788.17"
"2015","2015-03-31","12663510","12663518","Federal Unemployment Benefits and Allowances","43355924.44"
"2015","2015-07-31","14973614","14973633","Total--Food and Nutrition Service","8144921857.20"
"2015","2015-06-30","14446630","14446644","Payment Where Child Tax Credit Exceeds Liability for Tax","85724433.51"
"2015","2015-03-31","null","12664320","Total Surplus (+) or Deficit (-)","'-52910059930.36"
"2015","2015-06-30","14445859","14445877","Office of English Language Acquisition","58917492.03"
"2015","2015-03-31","12663510","12663520","Federal Additional Unemployment Compensation Program-Recovery Act","'-1296125.08"
"2015","2015-03-31","12664320","12664321","Total On-Budget","'-56119766817.87"
"2015","2015-05-31","13833846","13833947","Domestic Nuclear Detection Office","22693642.46"
"2015","2015-06-30","14446630","14446646","Payment Where American Opportunity Tax Credit Exceeds Liability for Tax","4034971.80"
"2015","2015-03-31","12662693","12662701","Child Nutrition Programs","2085216269.01"
"2015","2015-03-31","12664320","12664322","Total Off-Budget","3209706887.51"
"2015","2015-05-31","13833846","13833953","Other","33629288.57"
"2015","2015-06-30","14445879","14445881","Special Education","1248113533.74"
"2015","2015-07-31","14974744","14974754","Total--Federal Railroad Administration","245181601.05"
"2015","2015-03-31","12662693","12662705","Special Supplemental Nutrition Program for Women, Infants, and Children (WIC)","546899952.32"
"2015","2015-04-30","13225086","13225120","Bureau of Mines","7580.25"
"2015","2015-06-30","14446630","14446650","Refunding Internal Revenue Collections, Interest","88734993.49"
"2015","2015-03-31","12662693","12662709","Other","47211069.31"
"2015","2015-03-31","12662693","12662713","Total--Food and Nutrition Service","9256193214.51"
"2015","2015-07-31","14973637","14973641","National Forest System","120613094.37"
"2015","2015-03-31","12663510","12663522","State Unemployment Insurance and Employment Service Operations","34308476.67"
"2015","2015-04-30","13225925","13225960","Nuclear Regulatory Commission","'-9744063.03"
"2015","2015-07-31","14973637","14973645","Capital Improvement and Maintenance","29894274.79"
"2015","2015-04-30","13224172","13224174","Senate","67590423.45"
"2015","2015-05-31","13834700","13834706","Proprietary Receipts from the Public","'-521289.92"
"2015","2015-06-30","14446630","14446652","Other","148775049.11"
"2015","2015-07-31","14974756","14974758","Formula Grants","2363659.14"
"2015","2015-03-31","12662717","12662722","National Forest System","163861087.00"
"2015","2015-05-31","13833846","13833959","Proprietary Receipts from the Public","'-251529041.02"
"2015","2015-05-31","13834700","13834707","Intrabudgetary Transactions","5089402.17"
"2015","2015-05-31","13834709","13834710","Overseas Private Investment Corporation Accounts","'-16968207.22"
"2015","2015-03-31","12663510","12663524","Payments to the Unemployment Trust Fund","null"
"2015","2015-05-31","13833846","13833965","Intrabudgetary Transactions","12920710.54"
"2015","2015-06-30","14445879","14445883","Rehabilitation Services and Disability Research","280571124.74"
"2015","2015-07-31","14974756","14974760","Capital Investment Grants","75441103.88"
"2015","2015-03-31","12662717","12662726","Capital Improvement and Maintenance","30103216.12"
"2015","2015-05-31","13834709","13834711","Proprietary Receipts from the Public","'-3601281.28"
"2015","2015-06-30","14446660","14446662","Interest on Treasury Debt Securities (Gross):","null"
"2015","2015-07-31","14973637","14973649","Wildland Fire Management","327268170.82"
"2015","2015-07-31","14974756","14974762","Transit Formula Grants","844619148.58"
"2015","2015-03-31","12663510","12663526","Advances to the Unemployment Trust Fund and Other Funds","null"
"2015","2015-04-30","13225086","13225126","Total--Water and Science","155547524.57"
"2015","2015-04-30","13225962","13225963","Public Enterprise Funds","'-763866272.88"
"2015","2015-06-30","14446662","14446664","Public Issues (Accrual Basis)","22384235137.38"
"2015","2015-07-31","14973637","14973654","Forest Service Permanent Appropriations","17059673.49"
"2015","2015-07-31","14974756","14974764","Transit Capital Assistance, Recovery Act","5925019.36"
"2015","2015-04-30","13224172","13224177","House of Representatives","97987283.59"
"2015","2015-06-30","14445879","14445885","Special Institutions for Persons with Disabilities","18802665.32"
"2015","2015-07-31","14973637","14973656","Other","62411206.26"
"2015","2015-07-31","14974756","14974766","Other","43417815.61"
"2015","2015-03-31","12663532","12663534","State Unemployment Benefits","3296663542.83"
"2015","2015-05-31","13834686","13834715","International Monetary Programs","317617150.15"
"2015","2015-07-31","14973637","14973662","Total--Forest Service","557246419.73"
"2015","2015-03-31","12663530","12663536","State Administrative Expenses","235000000.00"
"2015","2015-05-31","13834716","13834717","Foreign Military Sales Trust Fund","1633556557.84"
"2015","2015-06-30","14446662","14446666","Special Issues (Cash Basis)","70630065597.83"
"2015","2015-04-30","13224172","13224179","Joint Items","1187600.17"
"2015","2015-04-30","13225132","13225138","United States Fish and Wildlife Service","270712247.75"
"2015","2015-06-30","14446662","14446668","Total--Interest on Treasury Debt Securities (Gross)","93014300735.21"
"2015","2015-07-31","14974756","14974768","Total--Federal Transit Administration","971766746.57"
"2015","2015-04-30","13224172","13224185","Capitol Police","26382872.62"
"2015","2015-04-30","13225962","13225964","Other","null"
"2015","2015-07-31","14974700","14974770","Maritime Administration","45292360.51"
"2015","2015-03-31","12662717","12662730","Wildland Fire Management","157699340.58"
"2015","2015-04-30","13224172","13224197","Library of Congress","41198425.80"
"2015","2015-04-30","13225961","13225965","Other","null"
"2015","2015-07-31","14974700","14974772","Other","26190114.47"
"2015","2015-04-30","13225132","13225144","National Park Service","247009332.54"
"2015","2015-07-31","14973499","14973665","Other","'-12956200.78"
"2015","2015-04-30","13224172","13224204","Government Printing Office","16413169.27"
"2015","2015-05-31","13833846","13833971","Offsetting Governmental Receipts","'-913251126.59"
"2015","2015-07-31","14973499","14973670","Proprietary Receipts from the Public","'-328343648.50"
"2015","2015-03-31","12662717","12662734","Forest Service Permanent Appropriations","41594128.22"
"2015","2015-05-31","13834716","13834718","Other","1910101.90"
"2015","2015-03-31","12662717","12662738","Other","68720643.69"
"2015","2015-04-30","13225132","13225150","Total--Fish and Wildlife and Parks","517721580.29"
"2015","2015-07-31","14973499","14973672","Intrabudgetary Transactions","165490369.08"
"2015","2015-04-30","13225966","13225967","Federal Windfall Subsidy","2550464.56"
"2015","2015-06-30","14445859","14445887","Office of Vocational and Adult Education","212992949.26"
"2015","2015-07-31","14974700","14974774","Proprietary Receipts from the Public","'-3836785.88"
"2015","2015-04-30","13225966","13225968","Federal Payments to the Railroad Retirement Accounts","162406094.08"
"2015","2015-07-31","14974700","14974776","Intrabudgetary Transactions:","null"
"2015","2015-04-30","13225969","13225970","Benefit Payments","6537298.68"
"2015","2015-07-31","14973499","14973676","Total--Department of Agriculture","9839570825.60"
"2015","2015-03-31","12662717","12662742","Total--Forest Service","461978415.61"
"2015","2015-04-30","13225054","13225155","Bureau of Indian Affairs and Bureau of Indian Education","254589514.99"
"2015","2015-06-30","14445889","14445891","Higher Education","213068112.94"
"2015","2015-07-31","14973678","14973682","Economic Development Administration","30875593.91"
"2015","2015-07-31","14974776","14974778","Payment from the General Fund, Highway Trust Fund","null"
"2015","2015-03-31","12663530","12663538","Federal Administrative Expenses","150748202.20"
"2015","2015-04-30","13225054","13225161","Departmental Offices:","null"
"2015","2015-06-30","14445889","14445893","Other","'-451371.69"
"2015","2015-06-30","14446660","14446670","Total--Interest on the Public Debt","93014300735.21"
"2015","2015-04-30","13225161","13225167","Mineral Leasing and Associated Payments","100586612.93"
"2015","2015-07-31","14973678","14973684","Bureau of the Census","73321111.27"
"2015","2015-03-31","12663554","12663556","Special Benefits","'-702031336.58"
"2015","2015-04-30","13224172","13224212","Government Accountability Office","41231111.39"
"2015","2015-05-31","13834716","13834719","Proprietary Receipts from the Public","'-2143348391.92"
"2015","2015-07-31","14973678","14973688","International Trade Administration","28005726.64"
"2015","2015-04-30","13224172","13224220","United States Tax Court","4115581.78"
"2015","2015-05-31","13833989","13834019","Public Housing Operating Fund","362758286.68"
"2015","2015-05-31","13834686","13834720","Other","4732218.41"
"2015","2015-06-30","14446591","14446672","Other","8518479.03"
"2015","2015-07-31","14974776","14974780","Other","'-6613.31"
"2015","2015-04-30","13225969","13225971","Transfer To Administrative Funds","1437170.00"
"2015","2015-06-30","14446591","14446674","Proprietary Receipts from the Public","'-3287785478.69"
"2015","2015-07-31","14974788","14974790","Exchange Stabilization Fund","'-19557603.21"
"2015","2015-06-30","14446591","14446676","Intrabudgetary Transactions","'-294743749.54"
"2015","2015-03-31","12663554","12663558","Energy Employees Occupational Illness Compensation Fund","80898403.34"
"2015","2015-04-30","13225966","13225973","Rail Industry Pension Fund:","null"
"2015","2015-06-30","14445889","14445895","Total--Office of Postsecondary Education","212616741.25"
"2015","2015-07-31","14974788","14974792","Grants for Specified Energy Property in Lieu of Tax Credit","8932292.03"
"2015","2015-06-30","14446591","14446680","Total--Department of the Treasury","94937209650.05"
"2015","2015-07-31","14974788","14974794","Housing and Economic Recovery Programs","null"
"2015","2015-03-31","12663554","12663560","Special Benefits for Disabled Coal Miners","9838009.71"
"2015","2015-04-30","13225161","13225173","Other","41775820.05"
"2015","2015-06-30","14445897","14445899","Student Financial Assistance","1191148065.97"
"2015","2015-07-31","14973678","14973690","National Oceanic and Atmospheric Administration","365168676.19"
"2015","2015-04-30","13225054","13225179","Insular Affairs","23874176.71"
"2015","2015-05-31","13834686","13834721","Total--International Assistance Programs","998670032.44"
"2015","2015-04-30","13224172","13224230","Other Legislative Branch Agencies","6833993.77"
"2015","2015-06-30","14446682","14446684","Joint DOD-VA Medical Facility Demonstration Fund","31299143.73"
"2015","2015-07-31","14974788","14974796","Troubled Asset Relief Program","529686127.21"
"2015","2015-04-30","13225054","13225185","Office of the Special Trustee for American Indians","33573460.54"
"2015","2015-05-31","null","13834722","National Aeronautics and Space Administration:","null"
"2015","2015-03-31","12662542","12662744","Other","'-4952921.28"
"2015","2015-06-30","14446682","14446686","Veterans Health Administration:","null"
"2015","2015-03-31","12663554","12663562","Black Lung Disability Trust Fund","60217737.84"
"2015","2015-05-31","13834722","13834723","Science","398022401.93"
"2015","2015-07-31","14974788","14974798","Other","151140246.55"
"2015","2015-03-31","12663554","12663564","Other","42153392.43"
"2015","2015-04-30","13225054","13225191","Department-Wide Programs","'-69458947.94"
"2015","2015-06-30","14445897","14445901","Student Aid Administration","115123117.51"
"2015","2015-06-30","14446686","14446688","Veterans Choice Fund, Veterans Health Administration","1524553.96"
"2015","2015-07-31","14974802","14974806","Payment to the Resolution Funding Corporation","651832990.44"
"2015","2015-04-30","13224172","13224242","Proprietary Receipts from the Public","'-537555.83"
"2015","2015-04-30","13225973","13225974","Benefit Payments","427502921.84"
"2015","2015-05-31","13833989","13834025","Revitalization of Severely Distressed Public Housing (Hope VI)","5240177.29"
"2015","2015-07-31","14973678","14973694","National Institute of Standards and Technology","72716907.62"
"2015","2015-04-30","13224172","13224253","Intrabudgetary Transactions","'-1001360.61"
"2015","2015-04-30","13225973","13225975","Advances from FOASDI Fund","null"
"2015","2015-05-31","13834722","13834724","Aeronautics","44602754.21"
"2015","2015-06-30","14446686","14446690","Medical Services","4166767992.01"
"2015","2015-03-31","12663508","12663566","Wage and Hour Division","33713189.14"
"2015","2015-07-31","14974802","14974808","Financial Agent Services","57092832.92"
"2015","2015-03-31","12663508","12663568","Occupational Safety and Health Administration","73141699.12"
"2015","2015-04-30","13224172","13224263","Offsetting Governmental Receipts","null"
"2015","2015-04-30","13225054","13225197","Other","19893051.56"
"2015","2015-06-30","14445897","14445905","Federal Direct Student Loans","14353521864.00"
"2015","2015-03-31","12662542","12662746","Proprietary Receipts from the Public","'-129612914.49"
"2015","2015-06-30","14445897","14445907","Federal Family Education Loans","1330511704.22"
"2015","2015-03-31","12663508","12663570","Mine Safety and Health Administration","51188782.32"
"2015","2015-04-30","13224172","13224273","Total--Legislative Branch","350454108.48"
"2015","2015-05-31","13834722","13834725","Exploration","279887348.86"
"2015","2015-07-31","14973678","14973696","National Telecommunications and Information Administration","31171479.74"
"2015","2015-07-31","14974802","14974810","Interest Paid to Credit Financing Accounts","null"
"2015","2015-04-30","null","13224282","Judicial Branch:","null"
"2015","2015-04-30","13224282","13224290","Supreme Court of the United States","6431603.51"
"2015","2015-04-30","13225221","13225233","Legal Activities and U.S. Marshals:","null"
"2015","2015-05-31","13833989","13834031","Native American Housing Block Grant","76951242.92"
"2015","2015-07-31","14973678","14973701","Other","20356706.56"
"2015","2015-04-30","13225233","13225239","General Legal Activities","86258446.92"
"2015","2015-04-30","13225973","13225976","OASDI Certifications","'-1854634.11"
"2015","2015-06-30","14445897","14445911","Total--Office of Federal Student Aid","16989750495.83"
"2015","2015-06-30","14446686","14446692","Medical Support and Compliance","454332703.85"
"2015","2015-03-31","12662542","12662748","Intrabudgetary Transactions","'-90949119.70"
"2015","2015-04-30","13224282","13224298","Courts of Appeals, District Courts, and Other Judicial Services","542564537.22"
"2015","2015-04-30","13225973","13225977","Transfer to Administrative Funds","7180203.00"
"2015","2015-07-31","14973678","14973706","Proprietary Receipts from the Public","'-4705724.22"
"2015","2015-04-30","13224282","13224306","Other","29520935.92"
"2015","2015-07-31","14973724","14973732","Defense Agencies","null"
"2015","2015-03-31","12662542","12662664","Rural Housing Service:","null"
"2015","2015-04-30","13225233","13225245","United States Attorneys","183881808.48"
"2015","2015-03-31","12663508","12663572","Bureau of Labor Statistics","54228052.92"
"2015","2015-04-30","13225966","13225979","National Railroad Retirement Investment Trust:","null"
"2015","2015-05-31","13833989","13834037","Other","11471406.01"
"2015","2015-04-30","13224282","13224312","Proprietary Receipts from the Public","'-13754253.51"
"2015","2015-05-31","13833989","13834043","Total--Public and Indian Housing Programs","2969863373.87"
"2015","2015-07-31","14973724","14973734","Total--Military Personnel","15262436009.91"
"2015","2015-07-31","14973722","14973736","Operation and Maintenance:","null"
"2015","2015-06-30","14446686","14446694","Medical Facilities","388594463.64"
"2015","2015-04-30","13225979","13225981","Administrative Expenses","8480115.23"
"2015","2015-07-31","14973736","14973738","Department of the Army","4935860717.24"
"2015","2015-04-30","13224282","13224318","Intrabudgetary Transactions","'-2043403.80"
"2015","2015-04-30","13225233","13225251","United States Marshals Service","61352255.53"
"2015","2015-05-31","13834049","13834055","Housing Opportunities for Persons with AIDS","22533958.15"
"2015","2015-07-31","14973736","14973740","Department of the Navy","4982207268.45"
"2015","2015-03-31","12663508","12663574","Departmental Management","'-113948475.08"
"2015","2015-04-30","13224282","13224324","Total--Judicial Branch","562719419.34"
"2015","2015-05-31","13834049","13834061","Community Development Fund","454250699.17"
"2015","2015-07-31","14974802","14974812","Claims, Judgments, and Relief Acts","167825157.52"
"2015","2015-03-31","12663508","12663576","Other","43093475.27"
"2015","2015-04-30","null","13224330","Department of Agriculture:","null"
"2015","2015-05-31","13834049","13834067","Home Investment Partnership Program","91754984.96"
"2015","2015-06-30","14446686","14446696","Other","45806106.13"
"2015","2015-05-31","13834049","13834073","Neighborhood Stabilization Program","4506418.03"
"2015","2015-06-30","14445859","14445915","Departmental Management","40557097.85"
"2015","2015-03-31","12663508","12663578","Proprietary Receipts from the Public","132036.11"
"2015","2015-05-31","13834722","13834726","Cross Agency Support","204307966.27"
"2015","2015-03-31","12663051","12663065","Environmental and Other Defense Activities:","null"
"2015","2015-04-30","13225233","13225257","Assets Forfeiture Fund","97581022.94"
"2015","2015-05-31","13834049","13834079","Homeless Assistance Grants","141743125.70"
"2015","2015-06-30","14445859","14445919","Proprietary Receipts from the Public","'-6736918790.30"
"2015","2015-03-31","12663402","12663434","Fish and Wildlife and Parks:","null"
"2015","2015-04-30","13225221","13225269","Federal Bureau of Investigation","766575344.31"
"2015","2015-05-31","13834722","13834727","Space Operations","207726755.95"
"2015","2015-06-30","null","14445925","Department of Energy:","null"
"2015","2015-04-30","13224330","13224336","Agricultural Research Service","89113069.84"
"2015","2015-07-31","14973736","14973742","Department of the Air Force","5085235240.05"
"2015","2015-04-30","13224342","13224348","Research and Education Activities","77425343.52"
"2015","2015-04-30","13225979","13225982","Transfers to the Railroad Retirement Trust Funds from the National Railroad Retirement Investment Trust","49000000.00"
"2015","2015-06-30","14445927","14445929","Naval Reactors","99811708.58"
"2015","2015-03-31","12663508","12663580","Intrabudgetary Transactions","'-125546406.27"
"2015","2015-04-30","13225221","13225275","Drug Enforcement Administration","256705260.81"
"2015","2015-05-31","13834722","13834728","Other","97751622.32"
"2015","2015-06-30","14445927","14445931","Weapons Activities","583416115.41"
"2015","2015-07-31","14973736","14973744","Defense Agencies","6133590248.33"
"2015","2015-03-31","12663508","12663582","Total--Department of Labor","4190106870.22"
"2015","2015-04-30","13225221","13225281","Bureau of Alcohol, Tobacco, Firearms, and Explosives","100413122.38"
"2015","2015-04-30","13225966","13225983","Railroad Social Security Equivalent Benefit Account:","null"
"2015","2015-03-31","12663586","12663588","Diplomatic and Consular Programs","424176693.62"
"2015","2015-05-31","13834049","13834085","Other","4927851.85"
"2015","2015-06-30","14445937","14445939","Defense Environmental Cleanup","478695484.11"
"2015","2015-03-31","12663586","12663590","Educational and Cultural Exchange Programs","44551788.99"
"2015","2015-03-31","null","12663962","International Assistance Programs:","null"
"2015","2015-04-30","13225983","13225984","Benefit Payments","588146532.46"
"2015","2015-06-30","14445937","14445941","Other Defense Activities","64718983.70"
"2015","2015-07-31","14974802","14974814","Other","12218626.27"
"2015","2015-03-31","12663586","12663592","Embassy Security, Construction, and Maintenance","73848419.21"
"2015","2015-04-30","13224342","13224354","Extension Activities","40281750.23"
"2015","2015-06-30","14446700","14446702","Housing Accounts","'-1093020.65"
"2015","2015-03-31","12663586","12663594","Payment to Foreign Service Retirement and Disability Fund","null"
"2015","2015-04-30","13224342","13224360","Other","9665682.65"
"2015","2015-04-30","13225983","13225985","Transfer To Administrative Funds","3172627.00"
"2015","2015-07-31","14973736","14973746","Total--Operation and Maintenance","21136893474.07"
"2015","2015-04-30","13224330","13224366","Animal and Plant Health Inspection Service","79850192.74"
"2015","2015-07-31","14973722","14973752","Procurement:","null"
"2015","2015-03-31","12662542","12662750","Total--Department of Agriculture","11813590046.91"
"2015","2015-04-30","13225966","13225987","Proprietary Receipts from the Public","145003586.68"
"2015","2015-05-31","13834722","13834729","Proprietary Receipts from the Public","'-33719.69"
"2015","2015-03-31","12663586","12663596","Foreign Service Retirement and Disability Fund","77093816.03"
"2015","2015-04-30","13225221","13225287","Federal Prison System","563092363.14"
"2015","2015-06-30","14445937","14445943","Defense Nuclear Waste Disposal","160514.67"
"2015","2015-07-31","14974802","14974816","Total--Financial Management Service","888969607.15"
"2015","2015-03-31","12663586","12663598","Other","313701627.98"
"2015","2015-04-30","13225988","13225991","Other","'-211404506.85"
"2015","2015-07-31","14973752","14973754","Department of the Army","1442456304.08"
"2015","2015-03-31","12662752","12662754","Economic Development Administration","33911739.14"
"2015","2015-04-30","13224330","13224372","Food Safety and Inspection Service","72023841.43"
"2015","2015-06-30","14445925","14445947","Energy Programs:","null"
"2015","2015-03-31","12662752","12662756","Bureau of the Census","143833902.28"
"2015","2015-04-30","13224330","13224378","Agricultural Marketing Service","73123930.98"
"2015","2015-04-30","13225293","13225299","State and Local Law Enforcement Assistance","107126699.67"
"2015","2015-06-30","14446698","14446708","Readjustment Benefits","877471354.72"
"2015","2015-03-31","12663586","12663600","Total--Administration of Foreign Affairs","933372345.83"
"2015","2015-04-30","13224384","13224390","Administrative and Operating Expenses","5224461.89"
"2015","2015-05-31","13834049","13834091","Total--Community Planning and Development","719717037.86"
"2015","2015-07-31","14973752","14973756","Department of the Navy","3152135393.11"
"2015","2015-04-30","13224384","13224395","Federal Crop Insurance Corporation Fund","257274522.20"
"2015","2015-05-31","13834097","13834103","Credit Accounts:","null"
"2015","2015-05-31","13834722","13834730","Intrabudgetary Transactions","'-9810.05"
"2015","2015-04-30","13224330","13224399","Farm Service Agency:","null"
"2015","2015-05-31","13834103","13834109","FHA-Mutual Mortgage Insurance Fund, Program Account","10154239.94"
"2015","2015-06-30","14445947","14445949","Science","387973771.48"
"2015","2015-07-31","14974800","14974828","Bureau of the Public Debt","29996554.07"
"2015","2015-04-30","13224399","13224403","Salaries and Expenses","113336317.71"
"2015","2015-04-30","13225966","13225992","Total--Railroad Retirement Board","1186572384.21"
"2015","2015-03-31","12662752","12662760","National Oceanic and Atmospheric Administration","556548549.45"
"2015","2015-04-30","13225293","13225305","Community Oriented Policing Services","26157102.13"
"2015","2015-07-31","14973752","14973758","Department of the Air Force","1892277468.95"
"2015","2015-03-31","12662752","12662762","National Institute of Standards and Technology","88505632.90"
"2015","2015-05-31","13834722","13834731","Total--National Aeronautics and Space Administration","1232255319.80"
"2015","2015-06-30","14446698","14446710","Veterans Housing Benefit Program Fund","41267381.19"
"2015","2015-03-31","12662752","12662764","National Telecommunications and Information Administration","'-1931805.04"
"2015","2015-03-31","12662752","12662768","Proprietary Receipts from the Public","'-2702805.53"
"2015","2015-04-30","13224399","13224407","USDA Supplemental Assistance","3185.62"
"2015","2015-05-31","13834732","13834733","Research and Related Activities","417401139.81"
"2015","2015-06-30","14446712","14446714","National Service Life","79350359.66"
"2015","2015-04-30","13224399","13224410","Agricultural Disaster Relief Fund","180183.91"
"2015","2015-06-30","14446712","14446716","Veterans Special Life","'-31760423.29"
"2015","2015-04-30","13225293","13225311","Crime Victims Fund","78447601.07"
"2015","2015-06-30","14445947","14445951","Energy Supply","109982455.18"
"2015","2015-06-30","14446698","14446718","Other","5427897.95"
"2015","2015-03-31","12663584","12663604","Global Health and Child Survival","1017239420.75"
"2015","2015-05-31","13834732","13834734","Education and Human Resources","74377565.38"
"2015","2015-07-31","14974800","14974830","Total--Bureau of the Fiscal Service","918966161.22"
"2015","2015-03-31","12663584","12663606","Migration and Refugee Assistance","213338119.42"
"2015","2015-06-30","14446698","14446720","Total--Benefits Programs","7382554686.56"
"2015","2015-04-30","13225293","13225317","Other","17826626.48"
"2015","2015-05-31","13834732","13834735","Other","46177437.80"
"2015","2015-06-30","14446682","14446722","Departmental Administration:","null"
"2015","2015-04-30","13225221","13225323","Other","53307810.14"
"2015","2015-05-31","13834103","13834115","FHA-Mutual Mortgage Insurance Capital Reserve Account","'-707418300.70"
"2015","2015-06-30","14446722","14446724","Construction","116831424.42"
"2015","2015-03-31","12662752","12662770","Intrabudgetary Transactions","5995730.93"
"2015","2015-04-30","13225221","13225329","Proprietary Receipts from the Public","'-228987328.27"
"2015","2015-06-30","14446722","14446726","Information Technology Systems","298594504.84"
"2015","2015-07-31","14974786","14974832","Federal Financing Bank","'-84120657.37"
"2015","2015-03-31","12663584","12663608","International Narcotics Control and Law Enforcement","92495655.20"
"2015","2015-05-31","13834103","13834121","FHA-Mutual Mortgage and Cooperative Housing Insurance Fund, Liquidating Account","603080.97"
"2015","2015-04-30","13224399","13224413","Commodity Credit Corporation","'-275986392.38"
"2015","2015-06-30","14445947","14445953","Energy Efficiency and Renewable Energy","153720246.53"
"2015","2015-07-31","14974786","14974834","Alcohol and Tobacco Tax and Trade Bureau:","null"
"2015","2015-05-31","13834103","13834127","FHA-General and Special Risk Fund, Program Account","null"
"2015","2015-06-30","14446722","14446728","General Operating Expenses","258785101.26"
"2015","2015-06-30","14445947","14445955","Fossil Energy Research and Development","74737642.84"
"2015","2015-07-31","14973752","14973760","Defense Agencies","508143198.67"
"2015","2015-07-31","14974834","14974836","Salaries and Expenses","7564864.45"
"2015","2015-03-31","12662752","12662772","Offsetting Governmental Receipts","'-423530.87"
"2015","2015-04-30","13225221","13225335","Intrabudgetary Transactions","'-105716827.51"
"2015","2015-05-31","13834732","13834736","Proprietary Receipts from the Public","'-6558101.32"
"2015","2015-04-30","13224399","13224416","Tobacco Trust Fund","185475243.49"
"2015","2015-06-30","14446722","14446730","Other","80642557.29"
"2015","2015-07-31","14974786","14974842","United States Mint","'-179814052.28"
"2015","2015-03-31","12663530","12663532","Federal-State Unemployment Insurance:","null"
"2015","2015-04-30","13225925","13225993","Securities and Exchange Commission","117658976.56"
"2015","2015-05-31","13834732","13834738","Total--National Science Foundation","531398041.67"
"2015","2015-06-30","14446732","14446734","National Service Life","'-12411003.80"
"2015","2015-07-31","14973752","14973763","Total--Procurement","6995012364.81"
"2015","2015-07-31","14973765","14973767","Department of the Army","653517118.55"
"2015","2015-06-30","14445947","14445957","Uranium Enrichment Decontamination and Decommissioning Fund","48488715.90"
"2015","2015-07-31","14975208","14975224","Social Security Administration:","null"
"2015","2015-03-31","12663584","12663610","Andean Counterdrug Programs","238936.39"
"2015","2015-05-31","13834103","13834133","FHA-General and Special Risk Fund, Liquidating Account","'-6657560.71"
"2015","2015-06-30","14446732","14446736","Other","'-320780625.06"
"2015","2015-07-31","14974786","14974844","Internal Revenue Service:","null"
"2015","2015-03-31","12663584","12663612","Other","44826043.03"
"2015","2015-04-30","13225221","13225341","Offsetting Governmental Receipts","'-43160719.56"
"2015","2015-06-30","14445947","14445959","Advanced Technology Vehicles Manufacturing Loan Program","274978.40"
"2015","2015-07-31","14973765","14973769","Department of the Navy","1241052072.67"
"2015","2015-03-31","12662752","12662774","Total--Department of Commerce","954150944.12"
"2015","2015-06-30","14445947","14445961","Title 17 Innovative Technology Loan Guarantee Program","'-2063634.64"
"2015","2015-06-30","14446682","14446738","Intrabudgetary Transactions","4647793.75"
"2015","2015-03-31","12662776","12662778","Military Personnel:","null"
"2015","2015-04-30","13225221","13225347","Total--Department of Justice","2218042322.56"
"2015","2015-06-30","14445947","14445963","Other","177448203.80"
"2015","2015-07-31","14974844","14974846","Taxpayer Services","153818337.84"
"2015","2015-03-31","12663584","12663614","Proprietary Receipts from the Public","'-1689255.65"
"2015","2015-07-31","14974844","14974848","Enforcement","385402082.64"
"2015","2015-03-31","12663584","12663616","Intrabudgetary Transactions","36960200.35"
"2015","2015-04-30","13224399","13224419","Agricultural Credit Insurance Fund","3794716.00"
"2015","2015-04-30","13225353","13225359","Employment and Training Administration:","null"
"2015","2015-06-30","14446682","14446740","Total--Department of Veterans Affairs","12897189402.58"
"2015","2015-07-31","14974844","14974852","Build America Bond Payments, Recovery Act","180275654.52"
"2015","2015-04-30","13224399","13224422","Other","2539766.04"
"2015","2015-04-30","13225359","13225365","Training and Employment Services","278874882.33"
"2015","2015-06-30","14445947","14445965","Total--Energy Programs","950562379.49"
"2015","2015-05-31","13834739","13834740","Government Payment for Annuitants, Employees Health and Life Insurance Benefits","989627191.34"
"2015","2015-06-30","14446742","14446744","Construction","207361183.65"
"2015","2015-06-30","14446742","14446746","Operation and Maintenance","193066385.41"
"2015","2015-07-31","14974844","14974854","Refundable Premium Tax Credits and Cost Sharing Reductions","2666136305.28"
"2015","2015-03-31","12663584","12663618","Total--Department of State","2338582313.67"
"2015","2015-05-31","13833613","13833625","Environmental and Other Defense Activities:","null"
"2015","2015-05-31","13834103","13834139","Housing for the Elderly or Handicapped Fund, Liquidating Account","'-45582511.89"
"2015","2015-07-31","14974844","14974856","Payment Where Earned Income Credit Exceeds Liability for Tax","317775899.48"
"2015","2015-03-31","12663630","12663632","Grants-In-Aid for Airports","242405308.21"
"2015","2015-04-30","13225925","13225994","Smithsonian Institution","88362001.61"
"2015","2015-05-31","13834739","13834743","Civil Service Retirement and Disability Fund","6783646527.93"
"2015","2015-04-30","13224399","13224424","Total--Farm Service Agency","29343020.39"
"2015","2015-03-31","12662778","12662780","Department of the Army","2500280189.12"
"2015","2015-04-30","13225359","13225371","Office of Job Corps","105509006.14"
"2015","2015-06-30","14446742","14446748","Flood Control and Coastal Emergencies","43045752.30"
"2015","2015-03-31","12662778","12662782","Department of the Navy","1916747723.33"
"2015","2015-04-30","13224426","13224430","Farm Security and Rural Investment Programs","140211055.38"
"2015","2015-04-30","13225925","13225997","Total--Independent Agencies","671686067.82"
"2015","2015-06-30","14445925","14445967","Power Marketing Administration","49638656.64"
"2015","2015-07-31","14973765","14973771","Department of the Air Force","1149804248.79"
"2015","2015-03-31","12663630","12663634","Facilities and Equipment","239226037.30"
"2015","2015-04-30","13225998","13225999","Other Interest","'-7.36"
"2015","2015-05-31","13834739","13834744","Employees Life Insurance Fund","'-372326759.37"
"2015","2015-07-31","14973765","14973773","Defense Agencies","1709531766.34"
"2015","2015-03-31","12663630","12663636","Research, Engineering, and Development","15464209.25"
"2015","2015-04-30","13224426","13224432","Other","2962552.17"
"2015","2015-04-30","13225998","13226000","Employer Share, Employee Retirement:","null"
"2015","2015-04-30","13226000","13226002","Department of Health and Human Services:","null"
"2015","2015-06-30","14445925","14445969","Departmental Administration","21707364.94"
"2015","2015-04-30","13224330","13224434","Rural Development","51106950.56"
"2015","2015-07-31","14973765","14973775","Total--Research, Development, Test, and Evaluation","4753905206.35"
"2015","2015-04-30","13226002","13226003","Federal Hospital Insurance Trust Fund:","null"
"2015","2015-06-30","14445925","14445971","Proprietary Receipts from the Public","'-69829581.27"
"2015","2015-03-31","12662778","12662784","Department of the Air Force","1770993454.72"
"2015","2015-05-31","13834739","13834745","Employees and Retired Employees Health Benefits Fund","'-226719764.77"
"2015","2015-06-30","14446742","14446750","Harbor Maintenance Trust Fund","92284166.66"
"2015","2015-03-31","12662778","12662786","Defense Agencies","null"
"2015","2015-05-31","13834097","13834151","Housing for the Elderly","59976714.73"
"2015","2015-05-31","13834739","13834746","Other","'-3860665.57"
"2015","2015-07-31","14974844","14974858","Payment Where Child Tax Credit Exceeds Liability for Tax","136299214.60"
"2015","2015-03-31","12662778","12662788","Total--Military Personnel","6188021367.17"
"2015","2015-04-30","13224436","13224438","Rural Housing Insurance Fund","'-42122497.76"
"2015","2015-05-31","13834739","13834747","Proprietary Receipts from the Public","'-753171.00"
"2015","2015-04-30","13224436","13224441","Rental Assistance Program","97986473.49"
"2015","2015-04-30","13226003","13226004","Federal Employer Contributions","'-286000000.00"
"2015","2015-03-31","12662776","12662790","Operation and Maintenance:","null"
"2015","2015-03-31","12664210","12664211","Off-Budget:","null"
"2015","2015-04-30","13226003","13226005","Postal Service Employer Contributions","'-52000000.00"
"2015","2015-05-31","13834097","13834157","Housing for Persons with Disabilities","15038030.67"
"2015","2015-07-31","14973777","14973779","Department of the Army","160009384.57"
"2015","2015-04-30","13226007","13226008","Foreign Service Retirement and Disability Fund","'-36977270.90"
"2015","2015-05-31","13834748","13834749","Postal Service Contributions","null"
"2015","2015-03-31","12663630","12663638","Trust Fund Share of FAA Operations","500000000.00"
"2015","2015-07-31","14973777","14973781","Department of the Navy","147804192.46"
"2015","2015-05-31","13834097","13834170","Total--Housing Programs","'-657881996.87"
"2015","2015-06-30","14445925","14445973","Intrabudgetary Transactions","'-76998906.63"
"2015","2015-06-30","14445979","14445985","Indian Health Service","189389532.24"
"2015","2015-07-31","14974844","14974860","Payment Where American Opportunity Tax Credit Exceeds Liability for Tax","30399876.52"
"2015","2015-03-31","12662790","12662792","Department of the Army","6023430926.99"
"2015","2015-04-30","13224656","13224658","Office of Elementary and Secondary Education:","null"
"2015","2015-05-31","13834174","13834176","Guarantees of Mortgage-Backed Securities","8597939.70"
"2015","2015-07-31","14973777","14973783","Department of the Air Force","94740423.94"
"2015","2015-04-30","13226010","13226011","Military Retirement Fund","'-1659547824.95"
"2015","2015-04-30","13224436","13224446","Other","12361218.22"
"2015","2015-05-31","13834748","13834750","Civil Service Retirement and Disability Fund:","null"
"2015","2015-04-30","13224330","13224450","Rural Utilities Service:","null"
"2015","2015-04-30","13226013","13226015","Civil Service Retirement and Disability Fund","'-2249819258.16"
"2015","2015-05-31","13834739","13834753","Total--Office of Personnel Management","7165932421.95"
"2015","2015-04-30","13226000","13226016","Social Security Administration:","null"
"2015","2015-05-31","13833983","13834180","Management and Administration","136404002.78"
"2015","2015-07-31","14973777","14973785","Defense Agencies","291898986.15"
"2015","2015-07-31","14974844","14974864","Refunding Internal Revenue Collections, Interest","114106401.76"
"2015","2015-04-30","13224450","13224454","Rural Electrification and Telecommunications Fund","'-120557759.32"
"2015","2015-07-31","14974844","14974866","Other","85452288.76"
"2015","2015-03-31","12662790","12662794","Department of the Navy","4702461977.25"
"2015","2015-05-31","13833983","13834184","Other","15652221.54"
"2015","2015-07-31","14973777","14973787","Total--Military Construction","694452987.12"
"2015","2015-04-30","13225359","13225377","Community Service Employment for Older Americans","39108956.38"
"2015","2015-04-30","13226016","13226017","Federal Old-Age and Survivors Insurance Trust Fund:","null"
"2015","2015-06-30","14445979","14445987","Centers for Disease Control and Prevention","691907136.86"
"2015","2015-04-30","13224450","13224462","Other","67530342.19"
"2015","2015-05-31","13833983","13834188","Proprietary Receipts from the Public:","null"
"2015","2015-05-31","13834754","13834755","Salaries and Expenses","42142148.01"
"2015","2015-03-31","12663630","12663640","Total--Airport and Airway Trust Fund","997095554.76"
"2015","2015-05-31","13834754","13834756","Business Loans Program","4693798.58"
"2015","2015-07-31","14974844","14974868","Total--Internal Revenue Service","4370366092.71"
"2015","2015-03-31","12663626","12663642","Other","'-34486386.84"
"2015","2015-04-30","13226017","13226018","Federal Employer Contributions","'-1179000000.00"
"2015","2015-05-31","13834188","13834196","FHA-General and Special Risk Fund","'-20454815.27"
"2015","2015-06-30","14445979","14445989","National Institutes of Health","2494015796.79"
"2015","2015-03-31","12663626","12663644","Total--Federal Aviation Administration","1637272073.76"
"2015","2015-07-31","14973789","14973791","Department of the Army","37147333.91"
"2015","2015-03-31","12663620","12663646","Federal Highway Administration:","null"
"2015","2015-06-30","14445979","14445991","Substance Abuse and Mental Health Services Administration","315128970.70"
"2015","2015-03-31","12663646","12663648","Highway Trust Fund:","null"
"2015","2015-07-31","14973789","14973793","Department of the Navy","43083430.76"
"2015","2015-04-30","13224330","13224466","Foreign Agricultural Service","242781544.91"
"2015","2015-04-30","13226016","13226020","Federal Disability Insurance Trust Fund:","null"
"2015","2015-03-31","12662790","12662796","Department of the Air Force","4816313024.41"
"2015","2015-04-30","13226027","13226033","Department of Homeland Security:","null"
"2015","2015-05-31","13834754","13834757","Disaster Loans Program","1513249.08"
"2015","2015-06-30","14445979","14445993","Agency for Healthcare Research and Quality","13691161.45"
"2015","2015-07-31","14974786","14974870","Comptroller of the Currency","73662012.29"
"2015","2015-03-31","12663648","12663650","Federal-Aid Highways","2459286014.66"
"2015","2015-05-31","13834754","13834758","Other","10024742.20"
"2015","2015-07-31","14973789","14973795","Department of the Air Force","30460629.18"
"2015","2015-03-31","12662790","12662798","Defense Agencies","5995112350.63"
"2015","2015-03-31","12663648","12663652","Other","753771.38"
"2015","2015-03-31","12662806","12662808","Department of the Army","1590428676.03"
"2015","2015-04-30","13226033","13226035","Other","'-14494.57"
"2015","2015-05-31","13834754","13834759","Proprietary Receipts from the Public","169480.79"
"2015","2015-06-30","14446742","14446752","Rivers and Harbors Contributed Funds","27737174.57"
"2015","2015-03-31","12662806","12662810","Department of the Navy","3691907683.73"
"2015","2015-04-30","13226027","13226036","Department of Labor:","null"
"2015","2015-05-31","13834754","13834760","Intrabudgetary Transactions","362137.21"
"2015","2015-06-30","14446742","14446754","Other","7379929.27"
"2015","2015-07-31","14973722","14973799","Revolving and Management Funds:","null"
"2015","2015-03-31","12663646","12663654","Highway Infrastructure Investment, Recovery Act","7062519.29"
"2015","2015-06-30","14445995","14445997","Grants to States for Medicaid","30708014162.73"
"2015","2015-05-31","13834754","13834761","Total--Small Business Administration","58905555.87"
"2015","2015-06-30","14446742","14446756","Proprietary Receipts from the Public","'-38473453.56"
"2015","2015-03-31","12663664","12663666","Operating Subsidy Grants to the National Railroad Passenger Corporation","null"
"2015","2015-03-31","12663664","12663668","Capital and Debt Service Grants to the National Railroad Passenger Corporation","61509.31"
"2015","2015-04-30","13225359","13225383","Federal Unemployment Benefits and Allowances","46767072.22"
"2015","2015-07-31","14974786","14974874","Interest on the Public Debt:","null"
"2015","2015-03-31","12663676","12663678","Formula Grants","2160229.20"
"2015","2015-03-31","12663676","12663680","Capital Investment Grants","122825004.95"
"2015","2015-05-31","13834762","13834763","Payments to Social Security Trust Funds","16721567.00"
"2015","2015-06-30","14445995","14445999","Payments to Health Care Trust Funds","24543147775.94"
"2015","2015-07-31","14973799","14973803","Department of the Navy","23110985.95"
"2015","2015-03-31","12662806","12662812","Department of the Air Force","5164744702.96"
"2015","2015-05-31","13834762","13834764","Supplemental Security Income Program","5128459790.82"
"2015","2015-04-30","13224468","13224470","Supplemental Nutrition Assistance Program","6274679082.26"
"2015","2015-04-30","13226036","13226037","Unemployment Trust Fund","'-12539269.30"
"2015","2015-04-30","13224468","13224472","Child Nutrition Programs","1993440369.21"
"2015","2015-06-30","14446742","14446758","Intrabudgetary Transactions","684863.28"
"2015","2015-04-30","13225359","13225389","Federal Additional Unemployment Compensation Program-Recovery Act","'-668756.47"
"2015","2015-05-31","13834188","13834200","Other","'-4478283.96"
"2015","2015-03-31","12662806","12662814","Defense Agencies","490006045.69"
"2015","2015-04-30","13224468","13224474","Special Supplemental Nutrition Program for Women, Infants, and Children (WIC)","550012066.45"
"2015","2015-06-30","14446742","14446760","Total--Corps of Engineers","533086001.58"
"2015","2015-07-31","14974874","14974876","Interest on Treasury Debt Securities (Gross):","null"
"2015","2015-03-31","12662806","12662816","Total--Procurement","10937087108.41"
"2015","2015-04-30","13226027","13226038","Department of State:","null"
"2015","2015-06-30","14445995","14446001","Children's Health Insurance Fund","734803776.17"
"2015","2015-07-31","14973799","14973807","Defense Agencies:","null"
"2015","2015-03-31","12662776","12662818","Research, Development, Test, and Evaluation:","null"
"2015","2015-05-31","13834762","13834765","Federal Old-Age and Survivors Insurance Trust Fund (Off-Budget):","null"
"2015","2015-06-30","14446764","14446768","Military Retirement Fund","4736850954.71"
"2015","2015-07-31","14974876","14974878","Public Issues (Accrual Basis)","26270825696.36"
"2015","2015-03-31","12663676","12663682","Transit Formula Grants","917855165.27"
"2015","2015-04-30","13226038","13226039","Foreign Service Retirement and Disability Fund","'-263569.01"
"2015","2015-06-30","14446770","14446772","Payment to Department of Defense Medicare-Eligible Retiree Health Care Fund","null"
"2015","2015-07-31","14974876","14974880","Special Issues (Cash Basis)","6123268466.56"
"2015","2015-05-31","13834765","13834766","Benefit Payments","61860974270.31"
"2015","2015-07-31","14974876","14974882","Total--Interest on Treasury Debt Securities (Gross)","32394094162.92"
"2015","2015-03-31","12662818","12662820","Department of the Army","634409596.74"
"2015","2015-04-30","13225359","13225395","State Unemployment Insurance and Employment Service Operations","151189936.88"
"2015","2015-04-30","13224468","13224476","Other","40007688.42"
"2015","2015-04-30","13226027","13226040","Department of Transportation:","null"
"2015","2015-06-30","14446770","14446774","Department of Defense Medicare-Eligible Retiree Health Care Fund","680976436.08"
"2015","2015-07-31","14974874","14974884","Total--Interest on the Public Debt","32394094162.92"
"2015","2015-04-30","13224468","13224478","Total--Food and Nutrition Service","8858139206.34"
"2015","2015-05-31","13834765","13834767","Administrative Expenses","306912716.97"
"2015","2015-07-31","14973807","14973809","Working Capital Fund","'-41672537.68"
"2015","2015-03-31","12663676","12663684","Transit Capital Assistance, Recovery Act","9978081.47"
"2015","2015-05-31","13833983","13834204","Intrabudgetary Transactions","105872.51"
"2015","2015-07-31","14973807","14973811","Other","133650821.61"
"2015","2015-07-31","14974786","14974886","Other","9358345.62"
"2015","2015-03-31","12663676","12663686","Other","69502239.78"
"2015","2015-04-30","13225359","13225404","Advances to the Unemployment Trust Fund and Other Funds","null"
"2015","2015-05-31","13834765","13834770","Total--Federal Old-Age and Survivors Insurance Trust Fund (Off-Budget)","62167886987.28"
"2015","2015-07-31","14973722","14973813","Allowances","'-82852.91"
"2015","2015-04-30","13225408","13225410","Federal-State Unemployment Insurance:","null"
"2015","2015-04-30","13225410","13225412","State Unemployment Benefits","2895411810.96"
"2015","2015-05-31","13833983","13834208","Offsetting Governmental Receipts","'-895100.00"
"2015","2015-06-30","14446762","14446776","Educational Benefits","17125787.96"
"2015","2015-04-30","13224480","13224482","National Forest System","109560086.97"
"2015","2015-06-30","14445995","14446003","State Grants and Demonstrations","60079424.47"
"2015","2015-03-31","12662818","12662822","Department of the Navy","1584790800.78"
"2015","2015-04-30","13224480","13224484","Capital Improvement and Maintenance","22253490.58"
"2015","2015-05-31","13834762","13834771","Federal Disability Insurance Trust Fund (Off-Budget):","null"
"2015","2015-06-30","14445995","14446007","Federal Hospital Insurance Trust Fund:","null"
"2015","2015-04-30","13225408","13225414","State Administrative Expenses","206000000.00"
"2015","2015-04-30","13226040","13226041","Airport and Airway Trust Fund","'-5070266.52"
"2015","2015-04-30","13224480","13224486","Wildland Fire Management","142863423.73"
"2015","2015-04-30","13226027","13226042","Department of Veterans Affairs:","null"
"2015","2015-06-30","14446762","14446778","Other","22554087.33"
"2015","2015-07-31","14974786","14974888","Proprietary Receipts from the Public","'-27064644.90"
"2015","2015-03-31","12663676","12663688","Total--Federal Transit Administration","1122320720.67"
"2015","2015-05-31","13834771","13834772","Benefit Payments","12099698880.71"
"2015","2015-07-31","14973815","14973817","Department of the Army","746796.70"
"2015","2015-07-31","14974786","14974890","Intrabudgetary Transactions","'-173851957.47"
"2015","2015-04-30","13225408","13225416","Federal Administrative Expenses","23527405.75"
"2015","2015-06-30","14446762","14446780","Proprietary Receipts from the Public","'-2342425.49"
"2015","2015-06-30","14446007","14446009","Benefit Payments","21927129394.25"
"2015","2015-06-30","14446762","14446782","Intrabudgetary Transactions","'-453247699.95"
"2015","2015-03-31","12662818","12662824","Department of the Air Force","3529457440.40"
"2015","2015-06-30","14446762","14446784","Total--Other Defense Civil Programs","5001917140.64"
"2015","2015-03-31","12662818","12662826","Defense Agencies","1682321068.06"
"2015","2015-06-30","14446007","14446011","Administrative Expenses","329564267.55"
"2015","2015-07-31","14973815","14973819","Department of the Navy","2568075.42"
"2015","2015-04-30","13224480","13224488","Forest Service Permanent Appropriations","10013431.98"
"2015","2015-06-30","14446786","14446788","Science and Technology","57141298.68"
"2015","2015-03-31","12662818","12662828","Total--Research, Development, Test, and Evaluation","7430978905.98"
"2015","2015-03-31","12663620","12663690","Maritime Administration","80728886.42"
"2015","2015-07-31","14973815","14973821","Department of the Air Force","4388697.08"
"2015","2015-03-31","12662776","12662830","Military Construction:","null"
"2015","2015-04-30","13225408","13225420","Other","12152746.48"
"2015","2015-04-30","13226042","13226043","National Service Life Insurance Fund","'-1792037.58"
"2015","2015-06-30","14446786","14446790","Environmental Programs and Management","210941797.44"
"2015","2015-05-31","13833983","13834212","Total--Department of Housing and Urban Development","3166630252.16"
"2015","2015-06-30","14446786","14446792","State and Tribal Assistance Grants","347327099.34"
"2015","2015-07-31","14974786","14974894","Total--Department of the Treasury","38005803184.79"
"2015","2015-04-30","13224480","13224490","Other","65644918.54"
"2015","2015-04-30","13226042","13226044","United States Government Life Insurance Fund","'-3785.54"
"2015","2015-06-30","14446786","14446794","Payment to the Hazardous Substance Superfund","null"
"2015","2015-03-31","12663620","12663692","Other","44826701.00"
"2015","2015-06-30","14446786","14446796","Hazardous Substance Superfund","93710596.50"
"2015","2015-07-31","14974896","14974898","Joint DOD-VA Medical Facility Demonstration Fund","38110712.14"
"2015","2015-03-31","12663620","12663694","Proprietary Receipts from the Public","'-3258023.91"
"2015","2015-04-30","13226027","13226045","Corps of Engineers","'-185280.82"
"2015","2015-07-31","14973815","14973823","Defense Agencies","6164168.36"
"2015","2015-05-31","13834771","13834773","Administrative Expenses","226180347.82"
"2015","2015-04-30","13225408","13225422","Total--Unemployment Trust Fund","3137091963.19"
"2015","2015-06-30","14446786","14446798","Other","30032558.90"
"2015","2015-07-31","14974896","14974900","Veterans Health Administration:","null"
"2015","2015-03-31","12663696","12663698","Payment from the General Fund, Highway Trust Fund","null"
"2015","2015-05-31","13834771","13834776","Total--Federal Disability Insurance Trust Fund (Off-Budget)","12325879228.53"
"2015","2015-06-30","14446786","14446800","Proprietary Receipts from the Public","'-5051447.91"
"2015","2015-03-31","12662830","12662832","Department of the Army","251520388.72"
"2015","2015-04-30","13226027","13226046","Other Defense Civil Programs:","null"
"2015","2015-05-31","13834762","13834777","Other","20818113.37"
"2015","2015-06-30","14446786","14446802","Intrabudgetary Transactions","'-6132371.61"
"2015","2015-03-31","12662830","12662834","Department of the Navy","115035648.46"
"2015","2015-03-31","12663696","12663700","Other","'-36871.24"
"2015","2015-05-31","13834224","13834228","Management of Lands and Resources","78288514.99"
"2015","2015-07-31","14973722","14973825","Proprietary Receipts from the Public:","null"
"2015","2015-03-31","12662830","12662836","Department of the Air Force","64647390.14"
"2015","2015-05-31","13834224","13834232","Other","41415761.80"
"2015","2015-06-30","14446786","14446804","Offsetting Governmental Receipts","'-2175832.80"
"2015","2015-07-31","14973825","14973827","Department of the Army","38961510.67"
"2015","2015-03-31","12662830","12662838","Defense Agencies","265326221.47"
"2015","2015-04-30","13226046","13226047","Military Retirement Fund","'-4751355932.20"
"2015","2015-05-31","13834778","13834780","Off-Budget","'-8214972.59"
"2015","2015-07-31","14974900","14974902","Veterans Choice Fund, Veterans Health Administration","81143337.19"
"2015","2015-05-31","13834220","13834236","Bureau of Ocean Energy Management","6589790.18"
"2015","2015-06-30","14446786","14446806","Total--Environmental Protection Agency","725793698.54"
"2015","2015-04-30","13224480","13224492","Total--Forest Service","350335351.80"
"2015","2015-04-30","13226046","13226048","Educational Benefits Fund","'-2709101.43"
"2015","2015-07-31","14973825","14973829","Department of the Navy","'-35929015.04"
"2015","2015-06-30","14446808","14446810","The White House","4373735.60"
"2015","2015-03-31","12662830","12662841","Total--Military Construction","696529648.79"
"2015","2015-04-30","13224330","13224494","Other","12799996.81"
"2015","2015-07-31","14974900","14974904","Medical Services","5190766876.77"
"2015","2015-03-31","12662776","12662843","Family Housing:","null"
"2015","2015-03-31","12662843","12662854","Defense Agencies","8104806.96"
"2015","2015-03-31","12663620","12663702","Offsetting Governmental Receipts","'-1892.21"
"2015","2015-05-31","13834220","13834240","Office of Surface Mining Reclamation and Enforcement","27355403.55"
"2015","2015-03-31","12663620","12663704","Total--Department of Transportation","5717056260.56"
"2015","2015-04-30","13225359","13225426","Total--Employment and Training Administration","3796570806.80"
"2015","2015-04-30","13226051","13226052","Civil Service Retirement and Disability Fund","null"
"2015","2015-05-31","13834781","13834784","Off-Budget","'-16721567.00"
"2015","2015-06-30","14446808","14446812","Office of Management and Budget","6827982.24"
"2015","2015-03-31","12662858","12662866","Department of the Navy","19590402.95"
"2015","2015-03-31","null","12663706","Department of the Treasury:","null"
"2015","2015-06-30","14446808","14446814","Unanticipated Needs","11500926498.88"
"2015","2015-07-31","14973825","14973831","Department of the Air Force","'-30469275.33"
"2015","2015-03-31","12662858","12662874","Defense Agencies:","null"
"2015","2015-04-30","13226027","13226053","Social Security Administration:","null"
"2015","2015-06-30","14446007","14446013","Total--Federal Hospital Insurance Trust Fund","22256693661.80"
"2015","2015-03-31","12663706","12663708","Departmental Offices:","null"
"2015","2015-05-31","13834220","13834244","Total--Land and Minerals Management","153649470.52"
"2015","2015-03-31","12662874","12662878","Working Capital Fund","'-409660251.39"
"2015","2015-04-30","13225353","13225428","Pension Benefit Guaranty Corporation","125276230.53"
"2015","2015-05-31","13834216","13834248","Water and Science:","null"
"2015","2015-05-31","13834248","13834252","Bureau of Reclamation:","null"
"2015","2015-06-30","14445995","14446015","Health Care Fraud and Abuse Control","132773792.89"
"2015","2015-06-30","14446808","14446816","Other","18912291.50"
"2015","2015-07-31","14974900","14974906","Medical Support and Compliance","576885385.31"
"2015","2015-03-31","12662874","12662882","Other","'-10980151.34"
"2015","2015-04-30","13225353","13225430","Employment Standards Administration","25323.14"
"2015","2015-06-30","14446017","14446019","Benefit Payments","22575262642.80"
"2015","2015-07-31","14974900","14974908","Medical Facilities","465618043.34"
"2015","2015-04-30","13225353","13225432","Office of Workers' Compensation Programs:","null"
"2015","2015-05-31","13834786","13834787","Broadcasting Board of Governors","56952202.12"
"2015","2015-07-31","14973825","14973833","Defense Agencies","'-94684214.15"
"2015","2015-03-31","12663708","12663710","Exchange Stabilization Fund","4074167.82"
"2015","2015-05-31","13834252","13834256","Water and Related Resources","64877977.19"
"2015","2015-06-30","14446017","14446021","Administrative Expenses","427556501.30"
"2015","2015-07-31","14973722","14973835","Intrabudgetary Transactions:","null"
"2015","2015-07-31","14973835","14973837","Department of the Army","'-100716652.23"
"2015","2015-03-31","12663510","12663528","Program Administration","14331508.01"
"2015","2015-04-30","13224330","13224496","Proprietary Receipts from the Public","'-166033062.88"
"2015","2015-06-30","14446023","14446025","Benefit Payments","5557068988.28"
"2015","2015-07-31","14973722","14973845","Offsetting Governmental Receipts:","null"
"2015","2015-03-31","12662776","12662886","Allowances","417782.13"
"2015","2015-05-31","13834786","13834788","Bureau of Consumer Financial Protection","34224507.03"
"2015","2015-07-31","14974900","14974910","Other","75607892.93"
"2015","2015-06-30","14446023","14446027","Administrative Expenses","34116645.55"
"2015","2015-04-30","13224330","13224498","Intrabudgetary Transactions","'-17786053.53"
"2015","2015-04-30","13225432","13225434","Special Benefits","250994814.11"
"2015","2015-06-30","14446017","14446029","Total--Federal Supplementary Medical Insurance Trust Fund","28594004777.93"
"2015","2015-06-30","14446808","14446818","Proprietary Receipts from the Public","'-2354.91"
"2015","2015-03-31","12663708","12663712","Grants for Specified Energy Property in Lieu of Tax Credit","60987750.00"
"2015","2015-04-30","13224330","13224500","Total--Department of Agriculture","10285423880.10"
"2015","2015-07-31","14973845","14973847","Department of the Army","'-278520.80"
"2015","2015-07-31","14974914","14974916","Housing Accounts","'-933709.84"
"2015","2015-03-31","12662890","12662898","Department of the Navy","1615951.73"
"2015","2015-04-30","null","13224502","Department of Commerce:","null"
"2015","2015-04-30","13226053","13226054","Federal Old-Age and Survivors Insurance Trust Fund","'-24864346.28"
"2015","2015-06-30","14445995","14446031","Other","195266081.57"
"2015","2015-07-31","14973722","14973851","Total--Department of Defense--Military Programs","49103981473.58"
"2015","2015-03-31","12662890","12662902","Department of the Air Force","2768027.80"
"2015","2015-04-30","13225432","13225436","Energy Employees Occupational Illness Compensation Fund","98582808.48"
"2015","2015-05-31","13834252","13834260","Other","4105884.15"
"2015","2015-05-31","13834248","13834264","Central Utah Project","354360.13"
"2015","2015-06-30","14445995","14446033","Total--Centers for Medicare and Medicaid Services","107224783453.50"
"2015","2015-03-31","12663708","12663714","Housing and Economic Recovery Programs","null"
"2015","2015-04-30","13224502","13224504","Economic Development Administration","30470119.48"
"2015","2015-04-30","13226056","13226059","Other","'-366019.77"
"2015","2015-06-30","14446808","14446822","Total--Executive Office of the President","11531038153.31"
"2015","2015-03-31","12663708","12663716","Troubled Asset Relief Program","349724847.59"
"2015","2015-04-30","13224502","13224506","Bureau of the Census","84481208.43"
"2015","2015-04-30","13226027","13226060","Other","'-605633.56"
"2015","2015-06-30","null","14446824","General Services Administration:","null"
"2015","2015-04-30","13224502","13224508","International Trade Administration","47369600.36"
"2015","2015-05-31","13834248","13834268","United States Geological Survey","80756494.56"
"2015","2015-06-30","14446035","14446037","Temporary Assistance for Needy Families","1620270676.25"
"2015","2015-07-31","14973853","14973855","Office of Elementary and Secondary Education:","null"
"2015","2015-04-30","13224502","13224510","National Oceanic and Atmospheric Administration","382639500.62"
"2015","2015-05-31","13834248","13834276","Total--Water and Science","150094716.03"
"2015","2015-03-31","12663708","12663718","Other","72295838.87"
"2015","2015-04-30","13225432","13225438","Special Benefits for Disabled Coal Miners","10179171.28"
"2015","2015-07-31","14973855","14973857","Accelerating Achievement and Ensuring Equity","1114534725.89"
"2015","2015-09-30","null","15698327","Department of Housing and Urban Development:","null"
"2015","2015-07-31","14973855","14973859","Impact Aid","32383334.91"
"2015","2015-04-30","13224502","13224512","National Institute of Standards and Technology","60124467.46"
"2015","2015-05-31","13834280","13834284","United States Fish and Wildlife Service","198596939.53"
"2015","2015-06-30","14446035","14446040","Contingency Fund","56122575.16"
"2015","2015-04-30","13225432","13225440","Black Lung Disability Trust Fund","20314266.21"
"2015","2015-07-31","14974914","14974918","Other","'-1084151.72"
"2015","2015-03-31","12662890","12662906","Defense Agencies","17259697.48"
"2015","2015-03-31","12663706","12663720","Bureau of the Fiscal Service:","null"
"2015","2015-05-31","13834280","13834288","National Park Service","229540358.04"
"2015","2015-05-31","13834786","13834789","Corporation for National and Community Service","64962355.42"
"2015","2015-03-31","12663720","12663722","Financial Management Service:","null"
"2015","2015-04-30","13224502","13224514","National Telecommunications and Information Administration","32017835.91"
"2015","2015-05-31","13834280","13834292","Total--Fish and Wildlife and Parks","428137297.57"
"2015","2015-07-31","14974912","14974920","Compensation and Pensions","12150862200.98"
"2015","2015-03-31","12663722","12663726","Payment to the Resolution Funding Corporation","null"
"2015","2015-06-30","14446824","14446826","Real Property Activities","'-218217326.30"
"2015","2015-04-30","13226027","13226061","Total--Interest Received by Trust Funds","'-4874363548.91"
"2015","2015-04-30","13225998","13226063","Rents and Royalties on the Outer Continental Shelf Lands","'-324151840.82"
"2015","2015-05-31","13834786","13834790","Corporation for Public Broadcasting","null"
"2015","2015-06-30","14446824","14446828","Supply and Technology Activities","227415415.78"
"2015","2015-07-31","14973855","14973861","Education Improvement Programs","350782037.82"
"2015","2015-03-31","12662910","12662914","Department of the Army","444131836.61"
"2015","2015-03-31","12663822","12663824","Public Enterprise Funds:","null"
"2015","2015-05-31","13834216","13834296","Bureau of Indian Affairs and Bureau of Indian Education","151568988.33"
"2015","2015-05-31","13834791","13834793","Courts","27082602.05"
"2015","2015-04-30","13225353","13225444","Wage and Hour Division","28583642.39"
"2015","2015-05-31","13834216","13834300","Departmental Offices:","null"
"2015","2015-06-30","14446838","14446842","International Security Assistance:","null"
"2015","2015-07-31","14974912","14974922","Readjustment Benefits","1042972296.73"
"2015","2015-07-31","14974926","14974928","National Service Life","88846454.88"
"2015","2015-07-31","14974926","14974930","Veterans Special Life","14160674.94"
"2015","2015-07-31","14974912","14974934","Total--Benefits Programs","13375992987.86"
"2015","2015-07-31","14974936","14974938","Construction","144181071.65"
"2015","2015-07-31","14974936","14974940","Information Technology Systems","328805820.46"
"2015","2015-07-31","14974936","14974942","General Operating Expenses","279319795.34"
"2015","2015-07-31","14974936","14974944","Other","106677709.32"
"2015","2015-07-31","14974896","14974946","Proprietary Receipts from the Public:","null"
"2015","2015-07-31","14974946","14974948","National Service Life","'-1169511.54"
"2015","2015-07-31","14974946","14974950","Other","'-354486518.95"
"2015","2015-07-31","14974896","14974952","Intrabudgetary Transactions","'-2793023.97"
"2015","2015-07-31","14974896","14974954","Total--Department of Veterans Affairs","20304660577.85"
"2015","2015-07-31","14974956","14974958","Construction","204786867.43"
"2015","2015-07-31","14974956","14974960","Operation and Maintenance","201515569.81"
"2015","2015-07-31","14974956","14974962","Flood Control and Coastal Emergencies","61009472.87"
"2015","2015-07-31","14974956","14974964","Harbor Maintenance Trust Fund","92284166.66"
"2015","2015-07-31","14974956","14974966","Rivers and Harbors Contributed Funds","38697530.92"
"2015","2015-07-31","14974956","14974968","Other","32663662.44"
"2015","2015-07-31","14974956","14974970","Proprietary Receipts from the Public","'-51151105.90"
"2015","2015-07-31","14974956","14974972","Intrabudgetary Transactions","'-234507.38"
"2015","2015-07-31","14974956","14974974","Total--Corps of Engineers","579571656.85"
"2015","2015-07-31","14974978","14974980","Payment to Military Retirement Fund","null"
"2015","2015-07-31","14974978","14974982","Military Retirement Fund","9077025841.74"
"2015","2015-07-31","14974984","14974986","Payment to Department of Defense Medicare-Eligible Retiree Health Care Fund","null"
"2015","2015-07-31","14974984","14974988","Department of Defense Medicare-Eligible Retiree Health Care Fund","1087906555.89"
"2015","2015-07-31","14974976","14974990","Educational Benefits","16798199.49"
"2015","2015-07-31","14974976","14974994","Proprietary Receipts from the Public","'-1510198.36"
"2015","2015-07-31","14974976","14974996","Intrabudgetary Transactions","'-1455931310.08"
"2015","2015-07-31","14974976","14974998","Total--Other Defense Civil Programs","8745629521.77"
"2015","2015-07-31","null","14975000","Environmental Protection Agency:","null"
"2015","2015-07-31","14975000","14975002","Science and Technology","76758727.86"
"2015","2015-07-31","14975000","14975004","Environmental Programs and Management","256703827.35"
"2015","2015-03-31","12663822","12663836","Insurance Funds:","null"
"2015","2015-04-30","13224526","13224618","Trust Funds:","null"
"2015","2015-05-31","13833277","13833291","USDA Supplemental Assistance","'-211.82"
"2015","2015-05-31","13834398","13834418","Unemployment Trust Fund:","null"
"2015","2015-06-30","null","14446146","Department of Housing and Urban Development:","null"
"2015","2015-06-30","null","14446946","Office of Personnel Management:","null"
"2015","2015-07-31","14975000","14975006","State and Tribal Assistance Grants","248463403.92"
"2015","2015-07-31","14975000","14975008","Payment to the Hazardous Substance Superfund","null"
"2015","2015-07-31","14975000","14975010","Hazardous Substance Superfund","93696051.52"
"2015","2015-07-31","14975000","14975012","Other","38195741.20"
"2015","2015-07-31","14975000","14975014","Proprietary Receipts from the Public","'-7325025.00"
"2015","2015-07-31","14975000","14975015","Intrabudgetary Transactions","225919.32"
"2015","2015-07-31","14975000","14975016","Offsetting Governmental Receipts","'-2552761.97"
"2015","2015-07-31","14975000","14975017","Total--Environmental Protection Agency","704165884.20"
"2015","2015-07-31","14975018","14975019","The White House","6159122.76"
"2015","2015-07-31","14975018","14975020","Office of Management and Budget","9785361.94"
"2015","2015-07-31","14975018","14975021","Unanticipated Needs","1270261.48"
"2015","2015-07-31","14975018","14975022","Other","19030720.13"
"2015","2015-07-31","14975018","14975023","Proprietary Receipts from the Public","'-5164.81"
"2015","2015-07-31","14975018","14975024","Intrabudgetary Transactions","null"
"2015","2015-07-31","14975018","14975025","Total--Executive Office of the President","36240301.50"
"2015","2015-07-31","14975026","14975029","General Activities","52042985.19"
"2015","2015-07-31","14975026","14975032","Total--General Services Administration","'-119425394.69"
"2015","2015-07-31","14975033","14975034","Millennium Challenge Corporation","64694529.04"
"2015","2015-07-31","14975035","14975038","Economic Support Fund","292213995.41"
"2015","2015-07-31","14975035","14975039","Other","74420274.19"
"2015","2015-07-31","14975035","14975041","Total--International Security Assistance","490979085.78"
"2015","2015-07-31","14975042","14975043","Contribution to the International Development Association","null"
"2015","2015-04-30","null","13224723","Department of Energy:","null"
"2015","2015-05-31","13833417","13833425","Defense Agencies","null"
"2015","2015-05-31","13834888","13834894","Department of Homeland Security:","null"
"2015","2015-06-30","14446992","14447010","Federal Disability Insurance Trust Fund (Off-Budget):","null"
"2015","2015-07-31","14974012","14974018","Medicare Prescription Drugs:","null"
"2015","2015-07-31","14975042","14975044","Other","2066654.63"
"2015","2015-07-31","14975042","14975046","Total--Multilateral Assistance","2066654.63"
"2015","2015-07-31","14975033","14975047","Agency for International Development:","null"
"2015","2015-07-31","14975047","14975048","Development Assistance Program","295484242.47"
"2015","2015-07-31","14975047","14975049","Assistance for Europe, Eurasia and Central Asia","5941270.88"
"2015","2015-07-31","14975047","14975050","International Disaster Assistance","298360884.59"
"2015","2015-07-31","14975047","14975051","Operating Expenses","59234007.31"
"2015","2015-07-31","14975047","14975052","Other","63729819.64"
"2015","2015-07-31","14975047","14975053","Proprietary Receipts from the Public","'-220649.79"
"2015","2015-07-31","14975047","14975054","Intrabudgetary Transactions","'-103389620.78"
"2015","2015-07-31","14975047","14975055","Total--Agency for International Development","619139954.32"
"2015","2015-07-31","14975033","14975056","Overseas Private Investment Corporation:","null"
"2015","2015-07-31","14975056","14975057","Overseas Private Investment Corporation Accounts","3980257.66"
"2015","2015-07-31","14975056","14975058","Proprietary Receipts from the Public","'-12672503.79"
"2015","2015-07-31","14975056","14975060","Total--Overseas Private Investment Corporation","'-8692246.13"
"2015","2015-07-31","14975033","14975061","Peace Corps","29112352.53"
"2015","2015-07-31","14975033","14975062","International Monetary Programs","82369746.38"
"2015","2015-07-31","14975063","14975064","Foreign Military Sales Trust Fund","2383037776.74"
"2015","2015-07-31","14975063","14975065","Other","3976699.75"
"2015","2015-05-31","null","13834932","Total Surplus (+) or Deficit (-)","'-82385278419.04"
"2015","2015-07-31","14975063","14975066","Proprietary Receipts from the Public","'-3363155522.95"
"2015","2015-07-31","14975033","14975067","Other","8332331.31"
"2015","2015-07-31","14975033","14975068","Total--International Assistance Programs","311861361.40"
"2015","2015-07-31","14975069","14975070","Science","468097159.71"
"2015","2015-07-31","14975069","14975071","Aeronautics","57597516.74"
"2015","2015-07-31","14975069","14975072","Exploration","405884260.81"
"2015","2015-07-31","14975069","14975073","Cross Agency Support","198625738.13"
"2015","2015-07-31","14975069","14975074","Space Operations","223770206.87"
"2015","2015-07-31","14975069","14975075","Other","125724676.69"
"2015","2015-07-31","14975069","14975076","Proprietary Receipts from the Public","'-116884.40"
"2015","2015-07-31","14975069","14975078","Total--National Aeronautics and Space Administration","1479435261.78"
"2015","2015-07-31","14975079","14975080","Research and Related Activities","608119140.65"
"2015","2015-07-31","14975079","14975083","Proprietary Receipts from the Public","'-64735.45"
"2015","2015-07-31","14975079","14975085","Total--National Science Foundation","759022494.11"
"2015","2015-07-31","14975086","14975087","Government Payment for Annuitants, Employees Health and Life Insurance Benefits","992187710.42"
"2015","2015-07-31","14975086","14975090","Civil Service Retirement and Disability Fund","7031748380.94"
"2015","2015-07-31","14975086","14975091","Employees Life Insurance Fund","'-28781758.55"
"2015","2015-07-31","14975086","14975092","Employees and Retired Employees Health Benefits Fund","'-283530352.61"
"2015","2015-07-31","14975086","14975093","Other","28218764.52"
"2015","2015-07-31","14975086","14975094","Proprietary Receipts from the Public","'-736401.59"
"2015","2015-07-31","14975095","14975096","Postal Service Contributions","null"
"2015","2015-07-31","14975097","14975099","Other","'-4004520.05"
"2015","2015-07-31","14975086","14975100","Total--Office of Personnel Management","7735101823.08"
"2015","2015-07-31","14975101","14975102","Salaries and Expenses","41886476.78"
"2015","2015-07-31","14975101","14975103","Business Loans Program","3442749.85"
"2015","2015-07-31","14975101","14975104","Disaster Loans Program","3482206.49"
"2015","2015-07-31","14975101","14975105","Other","12686950.05"
"2015","2015-07-31","14975101","14975106","Proprietary Receipts from the Public","'-253746.70"
"2015","2015-07-31","14975101","14975107","Intrabudgetary Transactions","'-219145.22"
"2015","2015-07-31","14975101","14975108","Total--Small Business Administration","61025491.25"
"2015","2015-07-31","null","14975109","Social Security Administration:","null"
"2015","2015-07-31","14975109","14975110","Payments to Social Security Trust Funds","8328551083.70"
"2015","2015-07-31","14975112","14975113","Benefit Payments","61920277593.07"
"2015","2015-07-31","14975112","14975114","Administrative Expenses","339789155.48"
"2015","2015-07-31","14975112","14975115","Payment to Railroad Retirement Account","null"
"2015","2015-03-31","12662444","12662446","Senate","73209931.37"
"2015","2015-03-31","12662444","12662448","House of Representatives","101024970.85"
"2015","2015-03-31","12662444","12662450","Joint Items","1874084.49"
"2015","2015-03-31","12662444","12662452","Capitol Police","36738353.82"
"2015","2015-03-31","12662444","12662454","Congressional Budget Office","4843447.41"
"2015","2015-03-31","null","12663402","Department of the Interior:","null"
"2015","2015-04-30","null","13225818","General Services Administration:","null"
"2015","2015-06-30","14445537","14445567","Other","22469812.87"
"2015","2015-07-31","14975112","14975117","Total--Federal Old-Age and Survivors Insurance Trust Fund (Off-Budget)","62260066748.55"
"2015","2015-07-31","14975109","14975118","Federal Disability Insurance Trust Fund (Off-Budget):","null"
"2015","2015-07-31","14975118","14975119","Benefit Payments","12001695056.07"
"2015","2015-07-31","14975118","14975120","Administrative Expenses","287328228.79"
"2015","2015-07-31","14975118","14975121","Payment to Railroad Retirement Account","null"
"2015","2015-07-31","14975118","14975123","Total--Federal Disability Insurance Trust Fund (Off-Budget)","12289023284.86"
"2015","2015-07-31","14975125","14975126","On-Budget","'-197387418.28"
"2015","2015-07-31","14975125","14975127","Off-Budget","'-3238675.51"
"2015","2015-07-31","14975128","14975131","Off-Budget","'-8328551083.70"
"2015","2015-07-31","14975109","14975132","Total--Social Security Administration","83652114492.13"
"2015","2015-07-31","14975133","14975134","Broadcasting Board of Governors","71416402.73"
"2015","2015-07-31","14975133","14975135","Bureau of Consumer Financial Protection","43941274.24"
"2015","2015-07-31","14975133","14975136","Corporation for National and Community Service","91128096.95"
"2015","2015-07-31","14975138","14975141","General and Special Payments","57575850.46"
"2015","2015-07-31","14975133","14975143","Equal Employment Opportunity Commission","38748081.58"
"2015","2015-07-31","14975133","14975144","Export-Import Bank of the United States","'-50945770.72"
"2015","2015-07-31","14975145","14975146","Universal Service Fund","788840211.03"
"2015","2015-07-31","14975145","14975147","Spectrum Auction Program Account","3584.52"
"2015","2015-07-31","14975145","14975148","Other","31821865.25"
"2015","2015-07-31","14975133","14975149","Federal Deposit Insurance Corporation:","null"
"2015","2015-07-31","14975149","14975154","Deposit Insurance Fund","'-152512693.14"
"2015","2015-03-31","12662596","12662608","USDA Supplemental Assistance","'-3356.35"
"2015","2015-03-31","12662596","12662614","Agricultural Disaster Relief Fund","'-5849.62"
"2015","2015-03-31","12663464","12663468","Legal Activities and U.S. Marshals:","null"
"2015","2015-05-31","13834610","13834614","Medical Facilities","388724160.04"
"2015","2015-06-30","null","14445729","Department of Defense--Military Programs:","null"
"2015","2015-06-30","14446530","14446531","Administration of Foreign Affairs:","null"
"2015","2015-07-31","14975149","14975155","FSLIC Resolution Fund","'-3485718.52"
"2015","2015-07-31","14975149","14975157","Total--Federal Deposit Insurance Corporation","'-155998411.66"
"2015","2015-07-31","14975133","14975158","Federal Drug Control Programs","18777941.11"
"2015","2015-07-31","14975133","14975159","Federal Housing Finance Agency","17394885.85"
"2015","2015-07-31","14975133","14975160","Institute of Museum and Library Services","21429513.15"
"2015","2015-07-31","14975133","14975161","Intelligence Community Management Account","36021930.64"
"2015","2015-07-31","14975133","14975162","Legal Services Corporation","33000090.37"
"2015","2015-07-31","14975133","14975163","National Archives and Records Administration","32394780.62"
"2015","2015-07-31","14975133","14975164","National Credit Union Administration","12208119.80"
"2015","2015-07-31","14975133","14975165","National Endowment for the Arts","18165198.66"
"2015","2015-07-31","14975133","14975166","National Endowment for the Humanities","12364149.34"
"2015","2015-07-31","14975133","14975167","National Labor Relations Board","29538821.73"
"2015","2015-07-31","14975133","14975168","Nuclear Regulatory Commission","101430525.10"
"2015","2015-07-31","14975170","14975171","Public Enterprise Funds","769095342.90"
"2015","2015-07-31","14975174","14975175","Federal Windfall Subsidy","2460258.39"
"2015","2015-07-31","14975174","14975176","Federal Payments to the Railroad Retirement Accounts","161422357.32"
"2015","2015-07-31","14975174","14975177","Railroad Unemployment Insurance Trust Fund:","null"
"2015","2015-07-31","14975177","14975178","Benefit Payments","5855756.56"
"2015","2015-07-31","14975181","14975182","Benefit Payments","429935327.00"
"2015","2015-07-31","14975181","14975183","Advances from FOASDI Fund","null"
"2015","2015-07-31","14975181","14975184","OASDI Certifications","'-1956750.71"
"2015","2015-07-31","14975181","14975185","Transfer to Administrative Funds","6035266.00"
"2015","2015-07-31","14975174","14975187","National Railroad Retirement Investment Trust:","null"
"2015","2015-07-31","14975187","14975189","Administrative Expenses","10876005.55"
"2015","2015-07-31","14975187","14975190","Transfers to the Railroad Retirement Trust Funds from the National Railroad Retirement Investment Trust","190000000.00"
"2015","2015-07-31","14975174","14975191","Railroad Social Security Equivalent Benefit Account:","null"
"2015","2015-07-31","14975191","14975192","Benefit Payments","588663772.57"
"2015","2015-07-31","14975191","14975193","Transfer To Administrative Funds","2666242.00"
"2015","2015-03-31","12662752","12662758","International Trade Administration","48029952.16"
"2015","2015-03-31","12662752","12662766","Other","82383578.70"
"2015","2015-04-30","13225901","13225917","Proprietary Receipts from the Public:","null"
"2015","2015-05-31","13834660","13834664","Payment to the Hazardous Substance Superfund","null"
"2015","2015-06-30","14445729","14445805","Revolving and Management Funds:","null"
"2015","2015-07-31","14974564","14974604","Unemployment Trust Fund:","null"
"2015","2015-07-31","14975191","14975194","Other","4990655.20"
"2015","2015-07-31","14975174","14975195","Proprietary Receipts from the Public","339395988.16"
"2015","2015-07-31","14975174","14975196","Intrabudgetary Transactions:","null"
"2015","2015-07-31","14975196","14975197","Payments from Other Funds to the Railroad Retirement Trust Funds","null"
"2015","2015-07-31","14975196","14975199","Other","'-351421150.68"
"2015","2015-07-31","14975174","14975200","Total--Railroad Retirement Board","1390234609.33"
"2015","2015-07-31","14975133","14975201","Securities and Exchange Commission","156917482.21"
"2015","2015-07-31","14975133","14975202","Smithsonian Institution","77107370.23"
"2015","2015-07-31","14975133","14975203","Tennessee Valley Authority","7357860.48"
"2015","2015-07-31","14975133","14975204","Other","162141777.08"
"2015","2015-07-31","14975133","14975205","Total--Independent Agencies","3835676053.60"
"2015","2015-07-31","null","14975206","Undistributed Offsetting Receipts:","null"
"2015","2015-07-31","14975206","14975207","Other Interest","null"
"2015","2015-07-31","14975206","14975208","Employer Share, Employee Retirement:","null"
"2015","2015-07-31","14975208","14975210","Department of Health and Human Services:","null"
"2015","2015-07-31","14975210","14975211","Federal Hospital Insurance Trust Fund:","null"
"2015","2015-07-31","14975211","14975212","Federal Employer Contributions","'-294000000.00"
"2015","2015-07-31","14975211","14975213","Postal Service Employer Contributions","'-53000000.00"
"2015","2015-07-31","14975208","14975215","Department of State:","null"
"2015","2015-07-31","14975215","14975216","Foreign Service Retirement and Disability Fund","'-26372792.26"
"2015","2015-07-31","14975208","14975218","Other Defense Civil Programs:","null"
"2015","2015-07-31","14975218","14975219","Military Retirement Fund","'-1664097507.71"
"2015","2015-07-31","14975218","14975220","Department of Defense Medicare-Eligible Retiree Health Care Fund","null"
"2015","2015-07-31","14975208","14975221","Office of Personnel Management:","null"
"2015","2015-07-31","14975221","14975223","Civil Service Retirement and Disability Fund","'-2615616878.13"
"2015","2015-07-31","14975224","14975225","Federal Old-Age and Survivors Insurance Trust Fund:","null"
"2015","2015-07-31","14975225","14975226","Federal Employer Contributions","'-1183000000.00"
"2015","2015-07-31","14975224","14975228","Federal Disability Insurance Trust Fund:","null"
"2015","2015-07-31","14975238","14975239","Federal Hospital Insurance Trust Fund","'-33913515.79"
"2015","2015-07-31","14975238","14975240","Federal Supplementary Medical Insurance Trust Fund","'-25450242.29"
"2015","2015-07-31","14975235","14975241","Department of Homeland Security:","null"
"2015","2015-03-31","12662843","12662845","Department of the Army","23943980.62"
"2015","2015-03-31","12662843","12662847","Department of the Navy","27530136.63"
"2015","2015-03-31","12662843","12662850","Department of the Air Force","31862046.99"
"2015","2015-04-30","null","13225353","Department of Labor:","null"
"2015","2015-07-31","14973543","14973549","USDA Supplemental Assistance","401830.98"
"2015","2015-07-31","14975241","14975242","Oil Spill Liability Trust Fund","'-79050.30"
"2015","2015-07-31","14975241","14975243","Other","'-18255.48"
"2015","2015-07-31","14975235","14975244","Department of Labor:","null"
"2015","2015-07-31","14975244","14975245","Unemployment Trust Fund","'-3016548.64"
"2015","2015-07-31","14975235","14975246","Department of State:","null"
"2015","2015-07-31","14975246","14975247","Foreign Service Retirement and Disability Fund","'-3656.16"
"2015","2015-07-31","14975235","14975248","Department of Transportation:","null"
"2015","2015-07-31","14975248","14975249","Airport and Airway Trust Fund","'-3197279.35"
"2015","2015-07-31","14975235","14975250","Department of Veterans Affairs:","null"
"2015","2015-07-31","14975250","14975251","National Service Life Insurance Fund","'-205371.20"
"2015","2015-07-31","14975250","14975252","United States Government Life Insurance Fund","'-318.75"
"2015","2015-07-31","14975235","14975253","Corps of Engineers","'-279212.46"
"2015","2015-07-31","14975235","14975254","Other Defense Civil Programs:","null"
"2015","2015-07-31","14975254","14975255","Military Retirement Fund","'-4219455473.29"
"2015","2015-07-31","14975254","14975256","Educational Benefits Fund","'-9974389.29"
"2015","2015-07-31","14975254","14975257","Armed Forces Retirement Home","'-137.83"
"2015","2015-07-31","14975235","14975258","Environmental Protection Agency","'-35728.12"
"2015","2015-07-31","14975259","14975260","Civil Service Retirement and Disability Fund","'-277008.24"
"2015","2015-07-31","14975235","14975261","Social Security Administration:","null"
"2015","2015-07-31","14975261","14975262","Federal Old-Age and Survivors Insurance Trust Fund","'-20382652.70"
"2015","2015-07-31","14975261","14975263","Federal Disability Insurance Trust Fund","'-2496375.24"
"2015","2015-07-31","14975264","14975266","Railroad Retirement Board","'-2845182.50"
"2015","2015-07-31","14975264","14975267","Other","'-389400.65"
"2015","2015-07-31","14975206","14975271","Rents and Royalties on the Outer Continental Shelf Lands","'-287823053.81"
"2015","2015-07-31","14975206","14975273","Spectrum Auction Proceeds","null"
"2015","2015-07-31","14975206","14975274","Spectrum Relocation Activities","null"
"2015","2015-07-31","14975276","14975277","Total On-Budget","309100751077.74"
"2015","2015-07-31","14975276","14975278","Total Off-Budget","65579382502.79"
"2015","2015-07-31","null","14975279","Total Surplus (+) or Deficit (-)","'-149186766112.85"
"2015","2015-07-31","14975279","14975280","Total On-Budget","'-140804383610.06"
"2015","2015-09-30","15697762","15697764","Senate","76847454.19"
"2015","2015-09-30","15697762","15697766","House of Representatives","100152650.52"
"2015","2015-05-31","13834216","13834280","Fish and Wildlife and Parks:","null"
"2015","2015-05-31","13834750","13834752","Other","'-3680936.61"
"2015","2015-06-30","14446762","14446770","Retiree Health Care:","null"
"2015","2015-07-31","14974700","14974756","Federal Transit Administration:","null"
"2015","2015-09-30","15697762","15697769","Joint Items","2119089.04"
"2015","2015-09-30","15697762","15697775","Congressional Budget Office","4017260.46"
"2015","2015-09-30","15697762","15697778","Architect of the Capitol","39806325.10"
"2015","2015-09-30","15697762","15697781","Library of Congress","57096596.00"
"2015","2015-09-30","15697762","15697784","Government Printing Office","'-6771099.21"
"2015","2015-09-30","15697762","15697787","Government Accountability Office","42989325.61"
"2015","2015-09-30","15697762","15697791","United States Tax Court","4172627.49"
"2015","2015-09-30","15697762","15697795","Other Legislative Branch Agencies","5577391.69"
"2015","2015-09-30","15697762","15697801","Proprietary Receipts from the Public","'-564172.04"
"2015","2015-09-30","15697762","15697807","Intrabudgetary Transactions","'-59702.68"
"2015","2015-09-30","15697762","15697809","Offsetting Governmental Receipts","null"
"2015","2015-09-30","15697762","15697815","Total--Legislative Branch","355686173.76"
"2015","2015-09-30","15697817","15697821","Supreme Court of the United States","6629448.43"
"2015","2015-09-30","15697817","15697823","Courts of Appeals, District Courts, and Other Judicial Services","616635720.94"
"2015","2015-09-30","15697817","15697827","Other","10826638.09"
"2015","2015-09-30","15697817","15697829","Proprietary Receipts from the Public","'-3575513.18"
"2015","2015-09-30","15697817","15697833","Intrabudgetary Transactions","'-1950910.58"
"2015","2015-09-30","15697817","15697836","Total--Judicial Branch","628565383.70"
"2015","2015-09-30","15697840","15697842","Agricultural Research Service","87565647.45"
"2015","2015-09-30","15697848","15697850","Research and Education Activities","68067467.14"
"2015","2015-09-30","15697848","15697856","Extension Activities","56664513.70"
"2015","2015-09-30","15697848","15697858","Other","16121236.55"
"2015","2015-09-30","15697840","15697864","Animal and Plant Health Inspection Service","267848947.43"
"2015","2015-09-30","15697888","15697899","Agricultural Disaster Relief Fund","'-60539.39"
"2015","2015-09-30","15697888","15697905","Commodity Credit Corporation","81741722.09"
"2015","2015-09-30","15697888","15697907","Tobacco Trust Fund","28246104.37"
"2015","2015-09-30","15697888","15697913","Agricultural Credit Insurance Fund","83763515.65"
"2015","2015-09-30","15697888","15697921","Total--Farm Service Agency","226982454.59"
"2015","2015-09-30","15697923","15697929","Conservation Operations","63087245.19"
"2015","2015-09-30","15697923","15697931","Farm Security and Rural Investment Programs","60057503.09"
"2015","2015-09-30","15697923","15697937","Other","5422051.59"
"2015","2015-09-30","15697840","15697939","Rural Development","59423109.92"
"2015","2015-03-31","null","12663107","Department of Health and Human Services:","null"
"2015","2015-05-31","null","13833160","Judicial Branch:","null"
"2015","2015-09-30","15697945","15697951","Rural Housing Insurance Fund","1050294116.38"
"2015","2015-09-30","15697945","15697957","Rental Assistance Program","65927194.33"
"2015","2015-09-30","15697969","15697975","Rural Electrification and Telecommunications Fund","738020864.41"
"2015","2015-09-30","15697969","15697987","Other","361932038.88"
"2015","2015-09-30","15697999","15698017","Special Supplemental Nutrition Program for Women, Infants, and Children (WIC)","621705488.26"
"2015","2015-09-30","15697999","15698022","Other","38288903.78"
"2015","2015-09-30","15697999","15698025","Total--Food and Nutrition Service","7950473625.63"
"2015","2015-09-30","15697840","15698028","Forest Service:","null"
"2015","2015-09-30","15698028","15698031","National Forest System","110169333.37"
"2015","2015-09-30","15698028","15698034","Capital Improvement and Maintenance","28944945.59"
"2015","2015-09-30","15698028","15698036","Wildland Fire Management","532625990.99"
"2015","2015-09-30","15698028","15698038","Forest Service Permanent Appropriations","24041911.61"
"2015","2015-09-30","15698028","15698040","Other","137241835.50"
"2015","2015-09-30","15698028","15698042","Total--Forest Service","833024017.06"
"2015","2015-09-30","15697840","15698050","Total--Department of Agriculture","9217274675.37"
"2015","2015-09-30","null","15698052","Department of Commerce:","null"
"2015","2015-09-30","15698052","15698054","Economic Development Administration","34353504.04"
"2015","2015-09-30","15698052","15698055","Bureau of the Census","69827449.47"
"2015","2015-09-30","15698052","15698057","International Trade Administration","42808886.24"
"2015","2015-09-30","15698052","15698058","National Oceanic and Atmospheric Administration","577129385.52"
"2015","2015-09-30","15698052","15698060","National Institute of Standards and Technology","'-27633552.49"
"2015","2015-09-30","15698052","15698061","National Telecommunications and Information Administration","202142157.12"
"2015","2015-09-30","15698052","15698062","Other","29526171.76"
"2015","2015-09-30","15698052","15698063","Proprietary Receipts from the Public","'-5586795.79"
"2015","2015-09-30","15698052","15698064","Intrabudgetary Transactions","'-11497898.34"
"2015","2015-09-30","15698052","15698065","Offsetting Governmental Receipts","'-371532.36"
"2015","2015-09-30","15698052","15698066","Total--Department of Commerce","910697775.17"
"2015","2015-09-30","null","15698067","Department of Defense--Military Programs:","null"
"2015","2015-09-30","15698068","15698069","Department of the Army","5207005725.74"
"2015","2015-09-30","15698068","15698070","Department of the Navy","3693998616.62"
"2015","2015-09-30","15698068","15698071","Department of the Air Force","2789898526.76"
"2015","2015-09-30","15698068","15698072","Defense Agencies","null"
"2015","2015-09-30","15698068","15698073","Total--Military Personnel","11690902869.12"
"2015","2015-09-30","15698074","15698075","Department of the Army","7125432324.97"
"2015","2015-09-30","15698074","15698076","Department of the Navy","4911090549.32"
"2015","2015-03-31","12663107","12663209","Total--Department of Health and Human Services","68366568029.42"
"2015","2015-03-31","12663211","12663213","Departmental Management and Operations","93351386.69"
"2015","2015-03-31","12663211","12663215","Citizenship and Immigration Services","322399641.84"
"2015","2015-03-31","12663211","12663219","United States Secret Service","181834525.21"
"2015","2015-03-31","12663211","12663221","Transportation Security Administration","838312826.28"
"2015","2015-03-31","12663211","12663225","Immigration and Customs Enforcement","587360754.12"
"2015","2015-03-31","12663211","12663237","Federal Emergency Management Agency:","null"
"2015","2015-07-31","14974896","14974936","Departmental Administration:","null"
"2015","2015-09-30","15698074","15698077","Department of the Air Force","5059024074.96"
"2015","2015-09-30","15698074","15698078","Defense Agencies","7485630944.18"
"2015","2015-09-30","15698074","15698079","Total--Operation and Maintenance","24581177893.43"
"2015","2015-09-30","15698067","15698080","International Reconstruction and Other Assistance:","null"
"2015","2015-09-30","15698080","15698081","Department of the Army","null"
"2015","2015-09-30","15698082","15698083","Department of the Army","1245731641.14"
"2015","2015-09-30","15698082","15698084","Department of the Navy","4338439495.61"
"2015","2015-09-30","15698082","15698085","Department of the Air Force","3145234975.12"
"2015","2015-09-30","15698082","15698086","Defense Agencies","1024440355.84"
"2015","2015-09-30","15698082","15698087","Total--Procurement","9753846467.71"
"2015","2015-09-30","15698067","15698088","Research, Development, Test, and Evaluation:","null"
"2015","2015-09-30","15698088","15698089","Department of the Army","766156083.64"
"2015","2015-09-30","15698088","15698091","Department of the Air Force","2868525483.87"
"2015","2015-09-30","15698088","15698092","Defense Agencies","1927440812.98"
"2015","2015-09-30","15698088","15698093","Total--Research, Development, Test, and Evaluation","7162429156.97"
"2015","2015-09-30","15698094","15698097","Department of the Air Force","66344222.62"
"2015","2015-09-30","15698094","15698098","Defense Agencies","423311045.26"
"2015","2015-09-30","15698094","15698099","Total--Military Construction","551413658.57"
"2015","2015-09-30","15698100","15698104","Defense Agencies","9629547.94"
"2015","2015-09-30","15698109","15698110","Working Capital Fund","'-860925943.63"
"2015","2015-09-30","15698109","15698111","Other","'-74868251.77"
"2015","2015-09-30","15698067","15698112","Allowances","8686299.66"
"2015","2015-09-30","15698113","15698114","Department of the Army","1185818.07"
"2015","2015-03-31","12663402","12663418","Water and Science:","null"
"2015","2015-05-31","13833667","13833727","Administration for Children and Families:","null"
"2015","2015-05-31","13834888","13834903","Department of Veterans Affairs:","null"
"2015","2015-07-31","14974976","14974992","Other","21340433.09"
"2015","2015-09-30","15698113","15698115","Department of the Navy","927955.96"
"2015","2015-09-30","15698118","15698120","Department of the Navy","'-34842420.95"
"2015","2015-09-30","15698067","15698123","Intrabudgetary Transactions:","null"
"2015","2015-09-30","15698123","15698124","Department of the Army","38776106.71"
"2015","2015-09-30","15698123","15698125","Department of the Navy","17355278.96"
"2015","2015-09-30","15698123","15698126","Department of the Air Force","18015304.07"
"2015","2015-09-30","15698123","15698127","Defense Agencies","'-17184926.34"
"2015","2015-09-30","15698067","15698128","Offsetting Governmental Receipts:","null"
"2015","2015-09-30","15698128","15698129","Department of the Army","null"
"2015","2015-09-30","15698067","15698131","Total--Department of Defense--Military Programs","52457158256.84"
"2015","2015-09-30","15698132","15698133","Office of Elementary and Secondary Education:","null"
"2015","2015-09-30","15698133","15698134","Accelerating Achievement and Ensuring Equity","1423274848.37"
"2015","2015-09-30","15698133","15698135","Impact Aid","16659337.47"
"2015","2015-09-30","15698133","15698136","Education Improvement Programs","400825577.58"
"2015","2015-09-30","15698133","15698137","State Fiscal Stabilization Fund, Recovery Act","130419650.93"
"2015","2015-09-30","15698133","15698138","Other","28226929.05"
"2015","2015-09-30","15698133","15698139","Total--Office of Elementary and Secondary Education","1999406343.40"
"2015","2015-09-30","15698132","15698140","Office of Innovation and Improvement","117765196.03"
"2015","2015-09-30","15698132","15698141","Office of English Language Acquisition","39215690.71"
"2015","2015-09-30","15698142","15698143","Special Education","747579043.77"
"2015","2015-09-30","15698142","15698144","Rehabilitation Services and Disability Research","268007259.09"
"2015","2015-09-30","15698142","15698145","Special Institutions for Persons with Disabilities","15518302.09"
"2015","2015-09-30","15698132","15698146","Office of Vocational and Adult Education","119284030.13"
"2015","2015-09-30","15698147","15698149","Other","7784063.87"
"2015","2015-09-30","15698151","15698155","Federal Direct Student Loans","null"
"2015","2015-09-30","15698151","15698156","Federal Family Education Loans","'-15075855.21"
"2015","2015-09-30","15698151","15698157","Other","'-948428.11"
"2015","2015-09-30","15698151","15698158","Total--Office of Federal Student Aid","5814442039.97"
"2015","2015-09-30","15698132","15698159","Institute of Education Sciences","61747723.12"
"2015","2015-09-30","15698132","15698160","Departmental Management","62269180.77"
"2015","2015-09-30","15698132","15698162","Proprietary Receipts from the Public","'-4213271.93"
"2015","2015-09-30","15698132","15698163","Intrabudgetary Transactions","'-2682801.59"
"2015","2015-09-30","15698132","15698164","Total--Department of Education","9457484551.27"
"2015","2015-03-31","12663444","12663448","Other","31681595.71"
"2015","2015-03-31","12664215","12664222","Rail Industry Pension Fund:","null"
"2015","2015-04-30","13225825","13225839","Agency for International Development:","null"
"2015","2015-06-30","14445490","14445537","Farm Service Agency:","null"
"2015","2015-09-30","15698166","15698169","Defense Nuclear Nonproliferation","179795136.61"
"2015","2015-09-30","15698166","15698170","Other","26122401.82"
"2015","2015-09-30","15698165","15698171","Environmental and Other Defense Activities:","null"
"2015","2015-09-30","15698171","15698172","Defense Environmental Cleanup","495901140.26"
"2015","2015-09-30","15698171","15698173","Other Defense Activities","59333056.29"
"2015","2015-09-30","15698171","15698174","Defense Nuclear Waste Disposal","26051.05"
"2015","2015-09-30","15698176","15698177","Science","449351068.05"
"2015","2015-09-30","15698176","15698178","Energy Supply","105255426.23"
"2015","2015-09-30","15698176","15698179","Energy Efficiency and Renewable Energy","165595396.87"
"2015","2015-09-30","15698176","15698180","Fossil Energy Research and Development","43583611.52"
"2015","2015-09-30","15698176","15698181","Uranium Enrichment Decontamination and Decommissioning Fund","91610934.86"
"2015","2015-09-30","15698176","15698182","Advanced Technology Vehicles Manufacturing Loan Program","439896.22"
"2015","2015-09-30","15698176","15698183","Title 17 Innovative Technology Loan Guarantee Program","3574418.73"
"2015","2015-09-30","15698176","15698184","Other","52052988.14"
"2015","2015-09-30","15698176","15698185","Total--Energy Programs","911463740.62"
"2015","2015-09-30","15698165","15698187","Departmental Administration","'-31998.72"
"2015","2015-09-30","15698165","15698188","Proprietary Receipts from the Public","'-75964958.41"
"2015","2015-09-30","15698192","15698193","Food and Drug Administration","'-307689808.18"
"2015","2015-09-30","15698192","15698194","Health Resources and Services Administration","843177057.93"
"2015","2015-09-30","15698192","15698195","Indian Health Service","240297929.56"
"2015","2015-09-30","15698192","15698196","Centers for Disease Control and Prevention","762897973.62"
"2015","2015-09-30","15698192","15698197","National Institutes of Health","2808906834.98"
"2015","2015-09-30","15698192","15698198","Substance Abuse and Mental Health Services Administration","224903201.98"
"2015","2015-09-30","15698192","15698199","Agency for Healthcare Research and Quality","10118419.24"
"2015","2015-09-30","15698200","15698201","Grants to States for Medicaid","25545484768.87"
"2015","2015-09-30","15698200","15698202","Payments to Health Care Trust Funds","29272337179.41"
"2015","2015-09-30","15698200","15698203","Children's Health Insurance Fund","903829761.92"
"2015","2015-09-30","15698200","15698204","State Grants and Demonstrations","67942965.78"
"2015","2015-09-30","15698206","15698207","Benefit Payments","23771779962.27"
"2015","2015-09-30","15698206","15698209","Administrative Expenses","625129030.86"
"2015","2015-09-30","15698206","15698211","Total--Federal Hospital Insurance Trust Fund","24396908993.13"
"2015","2015-09-30","15698200","15698213","Health Care Fraud and Abuse Control","155468535.60"
"2015","2015-03-31","12663530","12663542","Other","77103.98"
"2015","2015-03-31","12663530","12663544","Total--Unemployment Trust Fund","3682488849.01"
"2015","2015-03-31","12663510","12663546","Other","47142316.09"
"2015","2015-03-31","12663508","12663554","Office of Workers' Compensation Programs:","null"
"2015","2015-03-31","12663584","12663586","Administration of Foreign Affairs:","null"
"2015","2015-05-31","13833613","13833635","Energy Programs:","null"
"2015","2015-06-30","14446486","14446523","Mine Safety and Health Administration","26533221.41"
"2015","2015-09-30","15698215","15698217","Benefit Payments","25672272690.93"
"2015","2015-09-30","15698215","15698219","Administrative Expenses","1075772014.02"
"2015","2015-09-30","15698221","15698223","Benefit Payments","6118227951.23"
"2015","2015-09-30","15698221","15698225","Administrative Expenses","7113950.52"
"2015","2015-09-30","15698215","15698227","Total--Federal Supplementary Medical Insurance Trust Fund","32873386606.70"
"2015","2015-09-30","15698200","15698231","Total--Centers for Medicare and Medicaid Services","114869028865.28"
"2015","2015-09-30","15698233","15698235","Temporary Assistance for Needy Families","1332062500.72"
"2015","2015-09-30","15698233","15698237","Contingency Fund","96732285.89"
"2015","2015-09-30","15698233","15698239","Payments to States for Child Support Enforcement and Family Support Programs","979639231.55"
"2015","2015-09-30","15698233","15698241","Low Income Home Energy Assistance","122390756.01"
"2015","2015-09-30","15698233","15698251","Children and Families Services Programs","852372915.53"
"2015","2015-09-30","15698233","15698253","Payments to States for Foster Care and Adoption Assistance","514022344.53"
"2015","2015-09-30","15698233","15698255","Other","78112894.98"
"2015","2015-09-30","15698233","15698257","Total--Administration for Children and Families","4689215910.60"
"2015","2015-09-30","15698192","15698259","Administration for Community Living","165436341.54"
"2015","2015-09-30","15698192","15698261","Departmental Management","105754809.56"
"2015","2015-09-30","15698192","15698263","Other","64875205.86"
"2015","2015-09-30","15698192","15698265","Proprietary Receipts from the Public","'-12928743916.75"
"2015","2015-09-30","15698269","15698271","Federal Supplementary Medical Insurance Trust Fund","'-25598279893.98"
"2015","2015-09-30","15698273","15698275","Federal Hospital Insurance Trust Fund","'-3666523233.03"
"2015","2015-09-30","15698267","15698277","Other","'-82797352.34"
"2015","2015-09-30","15698192","15698279","Total--Department of Health and Human Services","82200578345.87"
"2015","2015-09-30","15698281","15698283","Departmental Management and Operations","81542844.53"
"2015","2015-09-30","15698281","15698285","Citizenship and Immigration Services","257393520.52"
"2015","2015-09-30","15698281","15698287","United States Secret Service","160727696.23"
"2015","2015-03-31","12663620","12663622","Office of the Secretary","88624098.26"
"2015","2015-03-31","12663620","12663626","Federal Aviation Administration:","null"
"2015","2015-03-31","12663626","12663628","Operations","674662905.84"
"2015","2015-09-30","15698281","15698289","Transportation Security Administration","300992102.41"
"2015","2015-09-30","15698281","15698291","Immigration and Customs Enforcement","518994060.13"
"2015","2015-09-30","15698281","15698293","U.S. Customs and Border Protection","1259046122.60"
"2015","2015-09-30","15698299","15698301","State and Local Programs","190428173.00"
"2015","2015-09-30","15698299","15698303","Firefighter Assistance Grants","39694493.98"
"2015","2015-09-30","15698299","15698305","Disaster Relief","402242358.35"
"2015","2015-09-30","15698299","15698307","National Flood Insurance Fund","126634226.62"
"2015","2015-09-30","15698299","15698309","Other","83683181.80"
"2015","2015-09-30","15698299","15698311","Total--Federal Emergency Management Agency","842682433.75"
"2015","2015-09-30","15698281","15698313","Science and Technology","74170660.94"
"2015","2015-09-30","15698281","15698315","Domestic Nuclear Detection Office","26105116.49"
"2015","2015-09-30","15698281","15698317","Other","25166160.70"
"2015","2015-09-30","15698281","15698319","Proprietary Receipts from the Public","'-103364998.97"
"2015","2015-09-30","15698281","15698321","Intrabudgetary Transactions","'-97718656.80"
"2015","2015-09-30","15698281","15698323","Offsetting Governmental Receipts","'-638649845.14"
"2015","2015-09-30","15698329","15698333","Housing Certificate Fund","18382290.86"
"2015","2015-09-30","15698329","15698337","Public Housing Capital Fund","164379430.87"
"2015","2015-09-30","15698329","15698339","Public Housing Operating Fund","388226849.91"
"2015","2015-09-30","15698329","15698341","Revitalization of Severely Distressed Public Housing (Hope VI)","26136604.42"
"2015","2015-09-30","15698329","15698343","Native American Housing Block Grant","64118421.81"
"2015","2015-09-30","15698329","15698347","Total--Public and Indian Housing Programs","2263918137.24"
"2015","2015-09-30","15698349","15698351","Housing Opportunities for Persons with AIDS","16255843.28"
"2015","2015-09-30","15698349","15698353","Community Development Fund","621233702.88"
"2015","2015-09-30","15698349","15698355","Home Investment Partnership Program","122814929.92"
"2015","2015-09-30","15698349","15698357","Neighborhood Stabilization Program","9023973.37"
"2015","2015-09-30","15698349","15698359","Homeless Assistance Grants","158648521.39"
"2015","2015-09-30","15698349","15698361","Other","7189984.85"
"2015","2015-09-30","15698349","15698363","Total--Community Planning and Development","935166955.69"
"2015","2015-09-30","15698367","15698377","FHA-General and Special Risk Fund, Liquidating Account","'-2952921.88"
"2015","2015-09-30","15698367","15698379","Housing for the Elderly or Handicapped Fund, Liquidating Account","'-26607840.79"
"2015","2015-09-30","15698365","15698381","HUD Project-Based Rental Assistance","875910080.62"
"2015","2015-09-30","15698365","15698385","Housing for the Elderly","73137948.04"
"2015","2015-04-30","13225966","13225988","Intrabudgetary Transactions:","null"
"2015","2015-05-31","null","13834762","Social Security Administration:","null"
"2015","2015-07-31","14974560","14974564","Employment and Training Administration:","null"
"2015","2015-09-30","15698365","15698387","Housing for Persons with Disabilities","15204503.42"
"2015","2015-09-30","15698365","15698389","Other Assisted Housing Programs","23512234.06"
"2015","2015-09-30","15698365","15698391","Other","9333623.86"
"2015","2015-09-30","15698365","15698393","Total--Housing Programs","'-236865302.94"
"2015","2015-09-30","15698327","15698395","Government National Mortgage Association:","null"
"2015","2015-09-30","15698395","15698397","Guarantees of Mortgage-Backed Securities","'-4191951785.43"
"2015","2015-09-30","15698327","15698399","Management and Administration","153369071.52"
"2015","2015-09-30","15698327","15698401","Other","13857803.12"
"2015","2015-09-30","15698327","15698403","Proprietary Receipts from the Public:","null"
"2015","2015-09-30","15698403","15698407","FHA-General and Special Risk Fund","'-59000122.19"
"2015","2015-09-30","15698403","15698409","Other","'-25667109.64"
"2015","2015-09-30","15698327","15698415","Total--Department of Housing and Urban Development","'-1149483138.26"
"2015","2015-09-30","15698421","15698423","Management of Lands and Resources","128307573.92"
"2015","2015-09-30","15698421","15698425","Other","20676241.28"
"2015","2015-09-30","15698419","15698427","Bureau of Ocean Energy Management","21459069.65"
"2015","2015-09-30","15698419","15698429","Office of Surface Mining Reclamation and Enforcement","33293846.55"
"2015","2015-09-30","15698419","15698431","Total--Land and Minerals Management","203736731.40"
"2015","2015-09-30","15698433","15698435","Bureau of Reclamation:","null"
"2015","2015-09-30","15698435","15698437","Water and Related Resources","154020773.78"
"2015","2015-09-30","15698435","15698439","Other","67264469.68"
"2015","2015-09-30","15698433","15698441","Central Utah Project","539811.47"
"2015","2015-09-30","15698433","15698443","United States Geological Survey","110330216.81"
"2015","2015-09-30","15698433","15698447","Total--Water and Science","332155271.74"
"2015","2015-09-30","15698449","15698451","United States Fish and Wildlife Service","291184501.17"
"2015","2015-09-30","15698449","15698453","National Park Service","348058235.26"
"2015","2015-09-30","15698449","15698455","Total--Fish and Wildlife and Parks","639242736.43"
"2015","2015-09-30","15698417","15698457","Bureau of Indian Affairs and Bureau of Indian Education","203497208.22"
"2015","2015-09-30","15698459","15698461","Mineral Leasing and Associated Payments","95218146.07"
"2015","2015-09-30","15698459","15698463","Other","83766275.37"
"2015","2015-09-30","15698417","15698465","Insular Affairs","307877404.56"
"2015","2015-09-30","15698417","15698467","Office of the Special Trustee for American Indians","30010181.08"
"2015","2015-09-30","15698417","15698469","Department-Wide Programs","119641325.55"
"2015","2015-09-30","15698417","15698473","Proprietary Receipts from the Public","'-522617714.41"
"2015","2015-09-30","15698417","15698475","Intrabudgetary Transactions","63532324.23"
"2015","2015-03-31","12663810","12663820","Other","58160060.69"
"2015","2015-03-31","12663824","12663826","Housing Accounts","'-1400147.03"
"2015","2015-03-31","12663824","12663828","Other","6487557.89"
"2015","2015-04-30","13225359","13225401","Payments to the Unemployment Trust Fund","null"
"2015","2015-06-30","14446698","14446700","Public Enterprise Funds:","null"
"2015","2015-09-30","15698417","15698477","Total--Department of the Interior","1589816270.03"
"2015","2015-09-30","15698479","15698481","General Administration","'-29578889.90"
"2015","2015-09-30","15698483","15698485","General Legal Activities","111020784.22"
"2015","2015-09-30","15698483","15698487","United States Attorneys","74374436.41"
"2015","2015-09-30","15698483","15698489","United States Marshals Service","158183776.11"
"2015","2015-09-30","15698483","15698491","Assets Forfeiture Fund","118633610.36"
"2015","2015-09-30","15698483","15698493","Other","177641172.05"
"2015","2015-09-30","15698479","15698495","Federal Bureau of Investigation","696553841.05"
"2015","2015-09-30","15698479","15698497","Drug Enforcement Administration","238238431.86"
"2015","2015-09-30","15698479","15698499","Bureau of Alcohol, Tobacco, Firearms, and Explosives","88959508.44"
"2015","2015-09-30","15698479","15698501","Federal Prison System","587877745.29"
"2015","2015-09-30","15698503","15698505","State and Local Law Enforcement Assistance","87569089.81"
"2015","2015-09-30","15698503","15698507","Community Oriented Policing Services","14628142.25"
"2015","2015-09-30","15698503","15698509","Crime Victims Fund","105112405.45"
"2015","2015-09-30","15698503","15698511","Other","55573723.70"
"2015","2015-09-30","15698479","15698513","Other","49997963.37"
"2015","2015-09-30","15698479","15698515","Proprietary Receipts from the Public","'-69492638.23"
"2015","2015-09-30","15698479","15698517","Intrabudgetary Transactions","127208459.17"
"2015","2015-09-30","15698479","15698519","Offsetting Governmental Receipts","'-41242467.10"
"2015","2015-09-30","15698479","15698521","Total--Department of Justice","2551259094.31"
"2015","2015-09-30","15698525","15698527","Training and Employment Services","272963847.00"
"2015","2015-09-30","15698525","15698529","Office of Job Corps","145169959.69"
"2015","2015-09-30","15698525","15698531","Community Service Employment for Older Americans","17202084.49"
"2015","2015-09-30","15698525","15698533","Federal Unemployment Benefits and Allowances","34866851.98"
"2015","2015-09-30","15698525","15698535","Federal Additional Unemployment Compensation Program-Recovery Act","'-1284215.27"
"2015","2015-09-30","15698525","15698537","State Unemployment Insurance and Employment Service Operations","76709710.53"
"2015","2015-09-30","15698525","15698539","Payments to the Unemployment Trust Fund","'-49247767.00"
"2015","2015-09-30","15698525","15698541","Advances to the Unemployment Trust Fund and Other Funds","null"
"2015","2015-09-30","15698525","15698543","Program Administration","12808690.54"
"2015","2015-03-31","12663886","12663904","Proprietary Receipts from the Public","'-1415760.33"
"2015","2015-03-31","12663910","12663920","Hazardous Substance Superfund","54293514.21"
"2015","2015-03-31","12663910","12663922","Other","'-39529717.26"
"2015","2015-03-31","12663910","12663924","Proprietary Receipts from the Public","'-2323333.77"
"2015","2015-03-31","12663910","12663926","Intrabudgetary Transactions","'-30951814.17"
"2015","2015-03-31","12663910","12663928","Offsetting Governmental Receipts","'-4178329.72"
"2015","2015-05-31","13834786","13834818","National Endowment for the Arts","11791396.38"
"2015","2015-09-30","15698525","15698545","Unemployment Trust Fund:","null"
"2015","2015-09-30","15698547","15698549","State Unemployment Benefits","2419891020.87"
"2015","2015-09-30","15698545","15698551","State Administrative Expenses","219267436.15"
"2015","2015-09-30","15698545","15698553","Federal Administrative Expenses","72715597.87"
"2015","2015-09-30","15698545","15698557","Other","327165758.45"
"2015","2015-09-30","15698545","15698559","Total--Unemployment Trust Fund","3039039813.34"
"2015","2015-09-30","15698525","15698561","Other","'-16416419.39"
"2015","2015-09-30","15698525","15698563","Total--Employment and Training Administration","3531812555.91"
"2015","2015-09-30","15698523","15698565","Pension Benefit Guaranty Corporation","'-73949059.16"
"2015","2015-09-30","15698523","15698567","Employment Standards Administration","54444.60"
"2015","2015-09-30","15698569","15698571","Special Benefits","236761701.52"
"2015","2015-09-30","15698569","15698573","Energy Employees Occupational Illness Compensation Fund","73263004.97"
"2015","2015-09-30","15698569","15698575","Special Benefits for Disabled Coal Miners","9067130.68"
"2015","2015-09-30","15698523","15698587","Bureau of Labor Statistics","45429174.64"
"2015","2015-09-30","15698523","15698589","Departmental Management","52607149.10"
"2015","2015-09-30","15698523","15698593","Proprietary Receipts from the Public","'-262396054.69"
"2015","2015-09-30","15698523","15698595","Intrabudgetary Transactions","'-63281911.54"
"2015","2015-09-30","15698523","15698597","Total--Department of Labor","3779802126.78"
"2015","2015-09-30","15698601","15698603","Diplomatic and Consular Programs","934606857.54"
"2015","2015-09-30","15698601","15698605","Educational and Cultural Exchange Programs","73904717.52"
"2015","2015-09-30","15698601","15698607","Embassy Security, Construction, and Maintenance","79520029.67"
"2015","2015-09-30","15698601","15698609","Payment to Foreign Service Retirement and Disability Fund","124000000.00"
"2015","2015-09-30","15698601","15698611","Foreign Service Retirement and Disability Fund","76824496.51"
"2015","2015-09-30","15698601","15698613","Other","14670339.43"
"2015","2015-03-31","12663962","12664008","Overseas Private Investment Corporation:","null"
"2015","2015-04-30","13224526","13224602","Revolving and Management Funds:","null"
"2015","2015-04-30","null","13225584","Department of the Treasury:","null"
"2015","2015-06-30","14446084","14446102","Federal Emergency Management Agency:","null"
"2015","2015-06-30","null","14446838","International Assistance Programs:","null"
"2015","2015-09-30","15698601","15698615","Total--Administration of Foreign Affairs","1303526440.67"
"2015","2015-09-30","15698599","15698617","International Organizations and Conferences","2012924330.44"
"2015","2015-09-30","15698599","15698619","Global Health and Child Survival","594150187.58"
"2015","2015-09-30","15698599","15698621","Migration and Refugee Assistance","580492510.68"
"2015","2015-09-30","15698599","15698623","International Narcotics Control and Law Enforcement","156736993.27"
"2015","2015-09-30","15698599","15698625","Andean Counterdrug Programs","2566270.57"
"2015","2015-09-30","15698599","15698627","Other","49139050.53"
"2015","2015-09-30","15698599","15698629","Proprietary Receipts from the Public","'-45516652.15"
"2015","2015-09-30","15698599","15698631","Intrabudgetary Transactions","'-192602480.08"
"2015","2015-09-30","15698599","15698633","Total--Department of State","4461416651.51"
"2015","2015-09-30","15698635","15698637","Office of the Secretary","105649816.91"
"2015","2015-09-30","15698649","15698653","Grants-In-Aid for Airports","381121201.97"
"2015","2015-09-30","15698649","15698657","Facilities and Equipment","319275457.24"
"2015","2015-09-30","15698649","15698661","Research, Engineering, and Development","17394735.25"
"2015","2015-09-30","15698649","15698665","Trust Fund Share of FAA Operations","null"
"2015","2015-09-30","15698681","15698697","Highway Infrastructure Investment, Recovery Act","11099498.71"
"2015","2015-09-30","15698681","15698701","Other Programs","49208308.00"
"2015","2015-09-30","15698681","15698705","Total--Federal Highway Administration","5641470792.44"
"2015","2015-09-30","15698635","15698709","Federal Motor Carrier Safety Administration","51577273.87"
"2015","2015-09-30","15698635","15698713","National Highway Traffic Safety Administration","82645606.28"
"2015","2015-09-30","15698717","15698721","Operating Subsidy Grants to the National Railroad Passenger Corporation","null"
"2015","2015-09-30","15698717","15698725","Capital and Debt Service Grants to the National Railroad Passenger Corporation","166193120.21"
"2015","2015-09-30","15698717","15698729","Capital Assistance for High Speed Rail Corridors and Intercity Passenger Rail Service","212981713.49"
"2015","2015-09-30","15698717","15698733","Other","34624817.56"
"2015","2015-09-30","15698717","15698737","Total--Federal Railroad Administration","413799651.26"
"2015","2015-09-30","15698741","15698745","Formula Grants","5105540.00"
"2015","2015-09-30","15698741","15698749","Capital Investment Grants","288936483.11"
"2015","2015-09-30","15698741","15698753","Transit Formula Grants","1169829995.15"
"2015","2015-09-30","15698741","15698757","Transit Capital Assistance, Recovery Act","48727304.88"
"2015","2015-09-30","15698635","15698773","Other","26846939.08"
"2015","2015-09-30","15698635","15698777","Proprietary Receipts from the Public","'-89622744.41"
"2015","2015-03-31","12664098","12664110","Intrabudgetary Transactions","3897609.51"
"2015","2015-03-31","null","12664114","Social Security Administration:","null"
"2015","2015-05-31","13834508","13834514","Federal Aviation Administration:","null"
"2015","2015-07-31","14974912","14974926","Insurance Funds:","null"
"2015","2015-09-30","15698781","15698785","Payment from the General Fund, Highway Trust Fund","null"
"2015","2015-09-30","15698635","15698791","Offsetting Governmental Receipts","'-42467.65"
"2015","2015-09-30","15698635","15698795","Total--Department of Transportation","9693549183.76"
"2015","2015-09-30","15698803","15698807","Exchange Stabilization Fund","6542522.84"
"2015","2015-09-30","15698803","15698811","Grants for Specified Energy Property in Lieu of Tax Credit","393369299.00"
"2015","2015-09-30","15698803","15698815","Housing and Economic Recovery Programs","null"
"2015","2015-09-30","15698803","15698819","Troubled Asset Relief Program","675021552.69"
"2015","2015-09-30","15698827","15698863","Payment to the Resolution Funding Corporation","null"
"2015","2015-09-30","15698827","15698867","Financial Agent Services","53891426.62"
"2015","2015-09-30","15698827","15698875","Claims, Judgements, and Relief Acts","189691234.70"
"2015","2015-09-30","15698827","15698879","Other","197356691.84"
"2015","2015-09-30","15698827","15698887","Total--Bureau of the Fiscal Service","8555919036.42"
"2015","2015-09-30","15698799","15698891","Federal Financing Bank","579815910.66"
"2015","2015-09-30","15698895","15698899","Salaries and Expenses","7673640.96"
"2015","2015-09-30","15698895","15698903","Internal Revenue Collections for Puerto Rico","18881060.25"
"2015","2015-09-30","15698799","15698907","Bureau of Engraving and Printing","'-1573148.32"
"2015","2015-09-30","15698799","15698911","United States Mint","556321971.03"
"2015","2015-09-30","15698799","15698915","Internal Revenue Service:","null"
"2015","2015-09-30","15698915","15698919","Taxpayer Services","162263738.26"
"2015","2015-09-30","15698915","15698923","Enforcement","365427793.21"
"2015","2015-09-30","15698915","15698927","Operations Support","326678215.10"
"2015","2015-09-30","15698915","15698931","Build America Bond Payments, Recovery Act","41570216.03"
"2015","2015-09-30","15698915","15698935","Refundable Premium Tax Credits and Cost Sharing Reductions","2728901020.86"
"2015","2015-09-30","15698915","15698939","Payment Where Earned Income Credit Exceeds Liability for Tax","126249083.20"
"2015","2015-09-30","15698915","15698943","Payment Where Child Tax Credit Exceeds Liability for Tax","55661369.64"
"2015","2015-09-30","15698915","15698947","Payment Where American Opportunity Tax Credit Exceeds Liability for Tax","8545550.88"
"2015","2015-09-30","15698915","15698955","Refunding Internal Revenue Collections, Interest","75218678.73"
"2015","2015-09-30","15698915","15698958","Other","55542226.76"
"2015","2015-09-30","15698915","15698962","Total--Internal Revenue Service","3946057892.67"
"2015","2015-09-30","15698799","15698965","Comptroller of the Currency","'-483106476.68"
"2015","2015-03-31","12664218","12664219","Benefit Payments","6550585.29"
"2015","2015-03-31","12664218","12664220","Transfer To Administrative Funds","945996.00"
"2015","2015-05-31","13834559","13834564","Other","94253350.19"
"2015","2015-09-30","15698971","15698973","Public Issues (Accrual Basis)","20489022432.65"
"2015","2015-09-30","15698971","15698975","Special Issues (Cash Basis)","349161098.97"
"2015","2015-09-30","15698971","15698977","Total--Interest on Treasury Debt Securities (Gross)","20838183531.62"
"2015","2015-09-30","15698969","15698979","Total--Interest on the Public Debt","20838183531.62"
"2015","2015-09-30","15698799","15698981","Other","10157304.63"
"2015","2015-09-30","15698799","15698983","Proprietary Receipts from the Public","'-47777573228.82"
"2015","2015-09-30","15698799","15698985","Intrabudgetary Transactions","'-1982398937.42"
"2015","2015-09-30","15698799","15698989","Total--Department of the Treasury","'-14544428427.74"
"2015","2015-09-30","15698991","15698993","Joint DOD-VA Medical Facility Demonstration Fund","32280362.35"
"2015","2015-09-30","15698995","15698997","Veterans Choice Fund, Veterans Health Administration","531409864.98"
"2015","2015-09-30","15698995","15698999","Medical Services","4336900024.30"
"2015","2015-09-30","15698995","15699001","Medical Support and Compliance","530890186.72"
"2015","2015-09-30","15698995","15699003","Medical Facilities","514654246.27"
"2015","2015-09-30","15698995","15699005","Other","31043704.37"
"2015","2015-09-30","15699009","15699011","Housing Accounts","'-1054447.39"
"2015","2015-09-30","15699009","15699013","Other","14077433.99"
"2015","2015-09-30","15699007","15699015","Compensation and Pensions","6450549126.67"
"2015","2015-09-30","15699007","15699017","Readjustment Benefits","1206109388.88"
"2015","2015-09-30","15699007","15699029","Total--Benefits Programs","7864968191.68"
"2015","2015-09-30","15699031","15699033","Construction","142353266.97"
"2015","2015-09-30","15699031","15699035","Information Technology Systems","343267945.62"
"2015","2015-09-30","15699031","15699037","General Operating Expenses","165671526.93"
"2015","2015-09-30","15699031","15699039","Other","'-175070859.52"
"2015","2015-09-30","15698991","15699041","Proprietary Receipts from the Public:","null"
"2015","2015-09-30","15699041","15699043","National Service Life","'-6366872.63"
"2015","2015-09-30","15699041","15699045","Other","'-289863107.42"
"2015","2015-09-30","15698991","15699047","Intrabudgetary Transactions","15749471.37"
"2015","2015-09-30","15698991","15699049","Total--Department of Veterans Affairs","14037887951.99"
"2015","2015-09-30","null","15699051","Corps of Engineers:","null"
"2015","2015-09-30","15699051","15699053","Construction","147386413.06"
"2015","2015-09-30","15699051","15699055","Operation and Maintenance","153123506.12"
"2015","2015-09-30","15699051","15699057","Flood Control and Coastal Emergencies","53005449.24"
"2015","2015-03-31","12664276","12664277","Judicial Branch:","null"
"2015","2015-05-31","13834608","13834616","Benefits Programs:","null"
"2015","2015-06-30","null","14445705","Department of Commerce:","null"
"2015","2015-06-30","14447122","14447128","Railroad Unemployment Insurance Trust Fund:","null"
"2015","2015-07-31","14974124","14974165","Community Planning and Development:","null"
"2015","2015-09-30","15699051","15699061","Rivers and Harbors Contributed Funds","48482379.96"
"2015","2015-09-30","15699051","15699063","Other","79844097.25"
"2015","2015-09-30","15699051","15699064","Proprietary Receipts from the Public","'-39223754.78"
"2015","2015-09-30","15699051","15699065","Intrabudgetary Transactions","'-906260.70"
"2015","2015-09-30","15699051","15699066","Total--Corps of Engineers","626280163.47"
"2015","2015-09-30","15699068","15699069","Payment to Military Retirement Fund","null"
"2015","2015-09-30","15699068","15699070","Military Retirement Fund","4744496345.50"
"2015","2015-09-30","15699071","15699072","Payment to Department of Defense Medicare-Eligible Retiree Health Care Fund","null"
"2015","2015-09-30","15699071","15699073","Department of Defense Medicare-Eligible Retiree Health Care Fund","658515485.89"
"2015","2015-09-30","15699067","15699074","Educational Benefits","21805459.54"
"2015","2015-09-30","15699067","15699075","Other","28632470.82"
"2015","2015-09-30","15699079","15699083","Payment to the Hazardous Substance Superfund","null"
"2015","2015-09-30","15699079","15699084","Hazardous Substance Superfund","1516322797.11"
"2015","2015-09-30","15699079","15699085","Other","30651311.01"
"2015","2015-09-30","15699079","15699086","Proprietary Receipts from the Public","'-1418759571.60"
"2015","2015-09-30","15699079","15699087","Intrabudgetary Transactions","'-44820845.89"
"2015","2015-09-30","15699079","15699088","Offsetting Governmental Receipts","'-1109492.25"
"2015","2015-09-30","15699090","15699093","Unanticipated Needs","1248329.51"
"2015","2015-09-30","15699090","15699094","Other","21973073.48"
"2015","2015-09-30","15699090","15699095","Proprietary Receipts from the Public","'-4878.64"
"2015","2015-09-30","15699090","15699096","Intrabudgetary Transactions","'-5739.33"
"2015","2015-09-30","15699090","15699097","Total--Executive Office of the President","34974566.57"
"2015","2015-09-30","15699098","15699099","Real Property Activities","'-83639582.47"
"2015","2015-09-30","15699098","15699100","Supply and Technology Activities","26401442.15"
"2015","2015-09-30","15699098","15699102","Proprietary Receipts from the Public","44072441.99"
"2015","2015-09-30","15699098","15699103","Intrabudgetary Transactions","216830.76"
"2015","2015-09-30","15699098","15699104","Total--General Services Administration","11815358.17"
"2015","2015-09-30","15699105","15699106","Millennium Challenge Corporation","81729034.21"
"2015","2015-09-30","15699107","15699109","Foreign Military Financing Program","215846979.69"
"2015","2015-09-30","15699107","15699110","Economic Support Fund","446462672.47"
"2015","2015-09-30","15699107","15699111","Other","206098568.16"
"2015","2015-04-30","13225893","13225895","Business Loans Program","7037399.34"
"2015","2015-07-31","null","14975101","Small Business Administration:","null"
"2015","2015-09-30","15699107","15699113","Total--International Security Assistance","887108220.32"
"2015","2015-09-30","15699114","15699115","Contribution to the International Development Association","null"
"2015","2015-09-30","15699114","15699116","Other","42049498.11"
"2015","2015-09-30","15699114","15699117","Proprietary Receipts from the Public","'-25350.00"
"2015","2015-09-30","15699114","15699118","Total--Multilateral Assistance","42024148.11"
"2015","2015-09-30","15699119","15699120","Development Assistance Program","230147267.33"
"2015","2015-09-30","15699119","15699121","Assistance for Europe, Eurasia and Central Asia","3202286.29"
"2015","2015-09-30","15699119","15699122","International Disaster Assistance","156257067.22"
"2015","2015-09-30","15699119","15699125","Proprietary Receipts from the Public","'-67792864.39"
"2015","2015-09-30","15699119","15699126","Intrabudgetary Transactions","'-9328943.14"
"2015","2015-09-30","15699119","15699127","Total--Agency for International Development","747852782.34"
"2015","2015-09-30","15699128","15699129","Overseas Private Investment Corporation Accounts","2909473.24"
"2015","2015-09-30","15699128","15699130","Proprietary Receipts from the Public","'-10014214.51"
"2015","2015-09-30","15699128","15699132","Total--Overseas Private Investment Corporation","'-7104741.27"
"2015","2015-09-30","15699105","15699134","International Monetary Programs","108858625.79"
"2015","2015-09-30","15699135","15699136","Foreign Military Sales Trust Fund","3715992407.22"
"2015","2015-09-30","15699135","15699137","Other","21268322.38"
"2015","2015-09-30","15699135","15699138","Proprietary Receipts from the Public","'-4128521108.18"
"2015","2015-09-30","15699105","15699139","Other","11269246.56"
"2015","2015-09-30","15699105","15699140","Total--International Assistance Programs","1522808778.11"
"2015","2015-09-30","15699141","15699142","Science","444570187.30"
"2015","2015-09-30","15699141","15699143","Aeronautics","52906015.56"
"2015","2015-09-30","15699141","15699144","Exploration","376323766.83"
"2015","2015-09-30","15699141","15699145","Cross Agency Support","317195700.41"
"2015","2015-09-30","15699151","15699152","Research and Related Activities","542330438.59"
"2015","2015-09-30","15699151","15699153","Education and Human Resources","79850010.83"
"2015","2015-09-30","15699151","15699154","Other","77936965.49"
"2015","2015-09-30","15699151","15699155","Proprietary Receipts from the Public","'-2520149.71"
"2015","2015-09-30","15699151","15699157","Total--National Science Foundation","697597265.20"
"2015","2015-09-30","15699158","15699159","Government Payment for Annuitants, Employees Health and Life Insurance Benefits","949920848.69"
"2015","2015-09-30","15699158","15699160","Payment to Civil Service Retirement and Disability Fund","36115270699.00"
"2015","2015-09-30","15699158","15699162","Civil Service Retirement and Disability Fund","6808277566.63"
"2015","2015-04-30","13224330","13224468","Food and Nutrition Service:","null"
"2015","2015-04-30","13225925","13225966","Railroad Retirement Board:","null"
"2015","2015-05-31","13834216","13834220","Land and Minerals Management:","null"
"2015","2015-06-30","14445859","14445917","Other","21950.00"
"2015","2015-06-30","14446599","14446603","Interest Paid to Credit Financing Accounts","null"
"2015","2015-06-30","14447278","14447279","Total On-Budget","7491712400.41"
"2015","2015-07-31","14975133","14975174","Railroad Retirement Board:","null"
"2015","2015-09-30","15699158","15699163","Employees Life Insurance Fund","'-3695011.48"
"2015","2015-09-30","15699158","15699164","Employees and Retired Employees Health Benefits Fund","429518901.84"
"2015","2015-09-30","15699158","15699165","Other","'-15156494.39"
"2015","2015-09-30","15699158","15699166","Proprietary Receipts from the Public","'-873143.78"
"2015","2015-09-30","15699158","15699167","Intrabudgetary Transactions:","null"
"2015","2015-09-30","15699167","15699168","Postal Service Contributions","null"
"2015","2015-09-30","15699167","15699169","Civil Service Retirement and Disability Fund:","null"
"2015","2015-09-30","15699169","15699170","General Fund Contributions","'-36115270699.00"
"2015","2015-09-30","15699169","15699171","Other","'-3888735.08"
"2015","2015-09-30","15699158","15699172","Total--Office of Personnel Management","8164103932.43"
"2015","2015-09-30","15699173","15699174","Salaries and Expenses","65883199.10"
"2015","2015-09-30","15699173","15699175","Business Loans Program","2492312.18"
"2015","2015-09-30","15699173","15699176","Disaster Loans Program","2095759.16"
"2015","2015-09-30","15699173","15699177","Other","30592152.80"
"2015","2015-09-30","15699173","15699178","Proprietary Receipts from the Public","'-17004.60"
"2015","2015-09-30","15699173","15699179","Intrabudgetary Transactions","'-556296.12"
"2015","2015-09-30","15699173","15699180","Total--Small Business Administration","100490122.52"
"2015","2015-09-30","15699181","15699182","Payments to Social Security Trust Funds","88606178.98"
"2015","2015-09-30","15699181","15699183","Supplemental Security Income Program","5103185998.33"
"2015","2015-09-30","15699181","15699184","Federal Old-Age and Survivors Insurance Trust Fund (Off-Budget):","null"
"2015","2015-09-30","15699184","15699185","Benefit Payments","62279244308.81"
"2015","2015-09-30","15699184","15699186","Administrative Expenses","250348227.32"
"2015","2015-09-30","15699184","15699189","Total--Federal Old-Age and Survivors Insurance Trust Fund (Off-Budget)","62529592536.13"
"2015","2015-09-30","15699190","15699191","Benefit Payments","11816231602.83"
"2015","2015-09-30","15699190","15699192","Administrative Expenses","243863112.46"
"2015","2015-09-30","15699190","15699195","Total--Federal Disability Insurance Trust Fund (Off-Budget)","12060094733.29"
"2015","2015-09-30","15699181","15699196","Other","17085181.36"
"2015","2015-09-30","15699181","15699197","Proprietary Receipts from the Public:","null"
"2015","2015-04-30","13224526","13224556","Procurement:","null"
"2015","2015-04-30","13226000","13226010","Other Defense Civil Programs:","null"
"2015","2015-05-31","null","13834396","Department of Labor:","null"
"2015","2015-06-30","14446698","14446712","Insurance Funds:","null"
"2015","2015-09-30","15699197","15699198","On-Budget","'-343687603.47"
"2015","2015-09-30","15699197","15699199","Off-Budget","'-2640458.75"
"2015","2015-09-30","15699200","15699203","Off-Budget","'-87956829.04"
"2015","2015-09-30","15699181","15699204","Total--Social Security Administration","79364279736.83"
"2015","2015-09-30","15699205","15699206","Broadcasting Board of Governors","67654126.16"
"2015","2015-09-30","15699205","15699207","Bureau of Consumer Financial Protection","39345200.94"
"2015","2015-09-30","15699205","15699208","Corporation for National and Community Service","77239025.74"
"2015","2015-09-30","15699205","15699209","Corporation for Public Broadcasting","null"
"2015","2015-09-30","15699205","15699216","Export-Import Bank of the United States","'-6796362.07"
"2015","2015-09-30","15699205","15699217","Federal Communications Commission:","null"
"2015","2015-09-30","15699217","15699218","Universal Service Fund","1132852697.72"
"2015","2015-09-30","15699217","15699219","Spectrum Auction Program Account","11466.84"
"2015","2015-09-30","15699217","15699220","Other","'-307661273.68"
"2015","2015-09-30","15699205","15699221","Federal Deposit Insurance Corporation:","null"
"2015","2015-09-30","15699221","15699226","Deposit Insurance Fund","'-1932189598.36"
"2015","2015-09-30","15699221","15699227","FSLIC Resolution Fund","283672.98"
"2015","2015-09-30","15699221","15699228","Office of Inspector General","29500000.00"
"2015","2015-09-30","15699221","15699229","Total--Federal Deposit Insurance Corporation","'-1902405925.38"
"2015","2015-09-30","15699205","15699230","Federal Drug Control Programs","107851890.90"
"2015","2015-09-30","15699205","15699231","Federal Housing Finance Agency","17789098.13"
"2015","2015-09-30","15699205","15699232","Institute of Museum and Library Services","29113719.73"
"2015","2015-09-30","15699205","15699233","Intelligence Community Management Account","56397567.65"
"2015","2015-09-30","15699205","15699235","National Archives and Records Administration","24289253.45"
"2015","2015-09-30","15699205","15699236","National Credit Union Administration","'-109157398.13"
"2015","2015-09-30","15699205","15699237","National Endowment for the Arts","15154261.57"
"2015","2015-09-30","15699205","15699238","National Endowment for the Humanities","12975984.05"
"2015","2015-09-30","15699205","15699240","Nuclear Regulatory Commission","'-50537590.50"
"2015","2015-09-30","15699205","15699241","Postal Service:","null"
"2015","2015-09-30","15699242","15699243","Public Enterprise Funds","'-365856598.13"
"2015","2015-09-30","15699242","15699244","Other","21380.25"
"2015","2015-09-30","15699241","15699245","Other","null"
"2015","2015-09-30","15699205","15699246","Railroad Retirement Board:","null"
"2015","2015-09-30","15699253","15699255","Advances from FOASDI Fund","null"
"2015","2015-09-30","15699253","15699256","OASDI Certifications","'-1075880.23"
"2015","2015-04-30","13224526","13224654","Total--Department of Defense--Military Programs","45441630093.85"
"2015","2015-04-30","13224658","13224660","Accelerating Achievement and Ensuring Equity","1226244164.96"
"2015","2015-04-30","13224658","13224664","Education Improvement Programs","329607799.53"
"2015","2015-04-30","13225498","13225554","Federal Transit Administration:","null"
"2015","2015-06-30","null","14446084","Department of Homeland Security:","null"
"2015","2015-09-30","15699253","15699257","Transfer to Administrative Funds","15458207.27"
"2015","2015-09-30","15699253","15699258","Other","'-15989.06"
"2015","2015-09-30","15699259","15699262","Transfers to the Railroad Retirement Trust Funds from the National Railroad Retirement Investment Trust","161000000.00"
"2015","2015-09-30","15699246","15699263","Railroad Social Security Equivalent Benefit Account:","null"
"2015","2015-09-30","15699263","15699264","Benefit Payments","758855600.62"
"2015","2015-09-30","15699263","15699265","Transfer To Administrative Funds","7523841.73"
"2015","2015-09-30","15699263","15699266","Other","'-13345663.74"
"2015","2015-09-30","15699246","15699267","Proprietary Receipts from the Public","885711258.15"
"2015","2015-09-30","15699246","15699268","Intrabudgetary Transactions:","null"
"2015","2015-09-30","15699268","15699269","Payments from Other Funds to the Railroad Retirement Trust Funds","null"
"2015","2015-09-30","15699268","15699271","Other","'-161419178.08"
"2015","2015-09-30","15699246","15699272","Total--Railroad Retirement Board","1932384477.04"
"2015","2015-08-31","15336050","15336068","Other","11733284.84"
"2015","2015-09-30","15699205","15699273","Securities and Exchange Commission","'-805299830.75"
"2015","2015-09-30","15699205","15699274","Smithsonian Institution","81942064.38"
"2015","2015-09-30","15699278","15699279","Other Interest","'-9.51"
"2015","2015-09-30","15699278","15699280","Employer Share, Employee Retirement:","null"
"2015","2015-09-30","15699280","15699282","Department of Health and Human Services:","null"
"2015","2015-09-30","15699282","15699283","Federal Hospital Insurance Trust Fund:","null"
"2015","2015-09-30","15699283","15699284","Federal Employer Contributions","'-292000000.00"
"2015","2015-09-30","15699283","15699285","Postal Service Employer Contributions","'-54000000.00"
"2015","2015-09-30","15699287","15699288","Foreign Service Retirement and Disability Fund","'-25868232.27"
"2015","2015-09-30","15699280","15699290","Other Defense Civil Programs:","null"
"2015","2015-09-30","15699290","15699291","Military Retirement Fund","'-1644528153.74"
"2015","2015-09-30","15699290","15699292","Department of Defense Medicare-Eligible Retiree Health Care Fund","null"
"2015","2015-09-30","15699280","15699293","Office of Personnel Management:","null"
"2015","2015-09-30","15699293","15699295","Civil Service Retirement and Disability Fund","'-2365340693.35"
"2015","2015-09-30","15699296","15699297","Federal Old-Age and Survivors Insurance Trust Fund:","null"
"2015","2015-09-30","15699297","15699298","Federal Employer Contributions","'-1181000000.00"
"2015","2015-09-30","15699300","15699301","Federal Employer Contributions","'-200000000.00"
"2015","2015-09-30","15699280","15699305","Other","'-438891.85"
"2015","2015-04-30","13224735","13224737","Defense Environmental Cleanup","463997817.80"
"2015","2015-04-30","13224735","13224739","Other Defense Activities","57749368.68"
"2015","2015-04-30","13224735","13224741","Defense Nuclear Waste Disposal","179491.27"
"2015","2015-04-30","13224723","13224745","Energy Programs:","null"
"2015","2015-04-30","13224745","13224747","Science","446193536.42"
"2015","2015-04-30","13224745","13224749","Energy Supply","116172532.07"
"2015","2015-04-30","13224745","13224761","Other","93650084.85"
"2015","2015-04-30","13225584","13225662","Interest on the Public Debt:","null"
"2015","2015-05-31","13833202","13833339","Rural Housing Service:","null"
"2015","2015-07-31","14973789","14973797","Defense Agencies","14578726.16"
"2015","2015-07-31","14974786","14974800","Bureau of the Fiscal Service:","null"
"2015","2015-09-30","15699280","15699306","Total--Employer Share, Employee Retirement","'-5763175971.21"
"2015","2015-09-30","15699308","15699309","Judicial Survivors Annuity Fund","1306036.11"
"2015","2015-09-30","15699307","15699310","Department of Health and Human Services:","null"
"2015","2015-09-30","15699310","15699311","Federal Hospital Insurance Trust Fund","'-41829902.97"
"2015","2015-09-30","15699310","15699312","Federal Supplementary Medical Insurance Trust Fund","'-20361902.74"
"2015","2015-09-30","15699307","15699313","Department of Homeland Security:","null"
"2015","2015-09-30","15699313","15699314","Oil Spill Liability Trust Fund","'-2219285.92"
"2015","2015-09-30","15699313","15699315","Other","'-832826.03"
"2015","2015-09-30","15699307","15699316","Department of Labor:","null"
"2015","2015-09-30","15699316","15699317","Unemployment Trust Fund","'-14192028.51"
"2015","2015-09-30","15699307","15699318","Department of State:","null"
"2015","2015-09-30","15699318","15699319","Foreign Service Retirement and Disability Fund","'-74001.97"
"2015","2015-09-30","15699307","15699320","Department of Transportation:","null"
"2015","2015-09-30","15699320","15699321","Airport and Airway Trust Fund","'-3324070.70"
"2015","2015-09-30","15699307","15699322","Department of Veterans Affairs:","null"
"2015","2015-09-30","15699322","15699323","National Service Life Insurance Fund","'-962272.40"
"2015","2015-09-30","15699322","15699324","United States Government Life Insurance Fund","'-1908.15"
"2015","2015-09-30","15699307","15699325","Corps of Engineers","'-408980.10"
"2015","2015-09-30","15699307","15699326","Other Defense Civil Programs:","null"
"2015","2015-09-30","15699326","15699327","Military Retirement Fund","'-79730658.01"
"2015","2015-09-30","15699326","15699328","Educational Benefits Fund","'-108049.52"
"2015","2015-04-30","13224793","13224815","Federal Supplementary Medical Insurance Trust Fund:","null"
"2015","2015-04-30","13224815","13224817","Benefit Payments","23348745524.05"
"2015","2015-04-30","13224815","13224819","Administrative Expenses","874630169.02"
"2015","2015-04-30","13224815","13224821","Medicare Prescription Drugs:","null"
"2015","2015-04-30","13224821","13224823","Benefit Payments","6428377380.07"
"2015","2015-04-30","13224821","13224825","Administrative Expenses","36299974.00"
"2015","2015-05-31","13834894","13834896","Other","'-7357.01"
"2015","2015-06-30","14446146","14446278","Government National Mortgage Association:","null"
"2015","2015-09-30","15699326","15699329","Armed Forces Retirement Home","'-140345.35"
"2015","2015-09-30","15699307","15699330","Environmental Protection Agency","'-782736.71"
"2015","2015-09-30","15699307","15699331","Office of Personnel Management:","null"
"2015","2015-09-30","15699331","15699332","Civil Service Retirement and Disability Fund","null"
"2015","2015-09-30","15699307","15699333","Social Security Administration:","null"
"2015","2015-09-30","15699333","15699334","Federal Old-Age and Survivors Insurance Trust Fund","'-74509717.64"
"2015","2015-09-30","15699336","15699339","Other","'-107672.04"
"2015","2015-09-30","15699307","15699340","Other","'-8970858.35"
"2015","2015-09-30","15699307","15699341","Total--Interest Received by Trust Funds","'-286537149.63"
"2015","2015-09-30","15699278","15699343","Rents and Royalties on the Outer Continental Shelf Lands","'-212094203.21"
"2015","2015-09-30","15699278","15699345","Spectrum Auction Proceeds","null"
"2015","2015-09-30","15699278","15699347","Total--Undistributed Offsetting Receipts","'-6261807333.56"
"2015","2015-09-30","null","15699348","Total Outlays","274412308651.86"
"2015","2015-09-30","15699348","15699349","Total On-Budget","201767179733.70"
"2015","2015-09-30","15699348","15699350","Total Off-Budget","72645128918.16"
"2015","2015-08-31","15335952","15335958","House of Representatives","97432220.83"
"2015","2015-08-31","15335952","15335962","Joint Items","1470990.27"
"2015","2015-08-31","15335952","15335964","Capitol Police","37513197.67"
"2015","2015-08-31","15335952","15335967","Congressional Budget Office","5209214.07"
"2015","2015-08-31","15335952","15335969","Architect of the Capitol","59641626.39"
"2015","2015-08-31","15335952","15335972","Library of Congress","66837390.95"
"2015","2015-08-31","15335952","15335974","Government Printing Office","8792828.53"
"2015","2015-08-31","15335952","15335977","Government Accountability Office","63703703.45"
"2015","2015-08-31","15335952","15335981","United States Tax Court","4179382.47"
"2015","2015-08-31","15335952","15335985","Other Legislative Branch Agencies","6156934.21"
"2015","2015-04-30","null","13224928","Department of Housing and Urban Development:","null"
"2015","2015-07-31","14973919","14973921","National Nuclear Security Administration:","null"
"2015","2015-08-31","15335952","15335989","Proprietary Receipts from the Public","'-155158.83"
"2015","2015-08-31","15335952","15335994","Intrabudgetary Transactions","'-5541.25"
"2015","2015-08-31","15335952","15335998","Offsetting Governmental Receipts","'-64836.10"
"2015","2015-08-31","15335952","15336001","Total--Legislative Branch","430711643.03"
"2015","2015-08-31","15336007","15336011","Supreme Court of the United States","6224874.31"
"2015","2015-08-31","15336007","15336015","Courts of Appeals, District Courts, and Other Judicial Services","572288423.92"
"2015","2015-08-31","15336007","15336019","Other","13679551.11"
"2015","2015-08-31","15336007","15336023","Proprietary Receipts from the Public","'-23377610.56"
"2015","2015-08-31","15336007","15336029","Intrabudgetary Transactions","'-5160476.91"
"2015","2015-08-31","15336007","15336033","Total--Judicial Branch","563654761.87"
"2015","2015-08-31","15336039","15336045","Agricultural Research Service","122159773.24"
"2015","2015-08-31","15336050","15336056","Research and Education Activities","68501428.07"
"2015","2015-08-31","15336050","15336062","Extension Activities","29315141.72"
"2015","2015-08-31","15336092","15336103","Federal Crop Insurance Corporation Fund","272006228.08"
"2015","2015-08-31","15336109","15336114","Salaries and Expenses","163403539.59"
"2015","2015-08-31","15336109","15336119","USDA Supplemental Assistance","11524.60"
"2015","2015-08-31","15336109","15336125","Agricultural Disaster Relief Fund","100641.56"
"2015","2015-08-31","15336109","15336131","Commodity Credit Corporation","'-288857251.55"
"2015","2015-08-31","15336109","15336137","Tobacco Trust Fund","374893.53"
"2015","2015-08-31","15336109","15336143","Agricultural Credit Insurance Fund","1057226.94"
"2015","2015-08-31","15336109","15336155","Total--Farm Service Agency","'-122481908.28"
"2015","2015-08-31","15336161","15336167","Conservation Operations","67088692.80"
"2015","2015-08-31","15336161","15336172","Farm Security and Rural Investment Programs","180884531.90"
"2015","2015-08-31","15336039","15336180","Rural Development","76767171.12"
"2015","2015-08-31","15336039","15336184","Rural Housing Service:","null"
"2015","2015-08-31","15336184","15336188","Rural Housing Insurance Fund","'-38699253.12"
"2015","2015-08-31","15336184","15336192","Rental Assistance Program","91077105.38"
"2015","2015-08-31","15336184","15336196","Other","12011246.60"
"2015","2015-08-31","15336039","15336200","Rural Utilities Service:","null"
"2015","2015-08-31","15336200","15336203","Rural Electrification and Telecommunications Fund","'-33147890.62"
"2015","2015-08-31","15336200","15336209","Other","75893405.13"
"2015","2015-08-31","15336039","15336211","Foreign Agricultural Service","74260063.33"
"2015","2015-08-31","15336039","15336212","Food and Nutrition Service:","null"
"2015","2015-08-31","15336212","15336214","Supplemental Nutrition Assistance Program","6319395425.10"
"2015","2015-08-31","15336212","15336216","Child Nutrition Programs","783304041.52"
"2015","2015-04-30","13224966","13224988","Housing for the Elderly","67494546.54"
"2015","2015-04-30","13225825","13225848","Overseas Private Investment Corporation:","null"
"2015","2015-05-31","13834633","13834635","Other","'-276133598.48"
"2015","2015-06-30","14445490","14445605","Rural Housing Service:","null"
"2015","2015-09-30","15698799","15698895","Alcohol and Tobacco Tax and Trade Bureau:","null"
"2015","2015-08-31","15336212","15336217","Special Supplemental Nutrition Program for Women, Infants, and Children (WIC)","484315532.30"
"2015","2015-08-31","15336223","15336226","National Forest System","174542639.76"
"2015","2015-08-31","15336223","15336228","Capital Improvement and Maintenance","40280405.19"
"2015","2015-08-31","15336223","15336230","Wildland Fire Management","365551583.14"
"2015","2015-08-31","15336223","15336232","Forest Service Permanent Appropriations","26268050.53"
"2015","2015-08-31","15336223","15336234","Other","209753928.68"
"2015","2015-08-31","15336223","15336236","Total--Forest Service","816396607.30"
"2015","2015-08-31","15336039","15336240","Proprietary Receipts from the Public","'-96809922.44"
"2015","2015-08-31","15336039","15336244","Total--Department of Agriculture","9751745592.60"
"2015","2015-08-31","15336246","15336248","Economic Development Administration","27640991.59"
"2015","2015-08-31","15336246","15336250","Bureau of the Census","111250922.65"
"2015","2015-08-31","15336246","15336252","International Trade Administration","55153066.33"
"2015","2015-08-31","15336246","15336254","National Oceanic and Atmospheric Administration","517151938.56"
"2015","2015-08-31","15336246","15336256","National Institute of Standards and Technology","77758714.12"
"2015","2015-08-31","15336246","15336258","National Telecommunications and Information Administration","28537306.05"
"2015","2015-08-31","15336246","15336260","Other","99263397.26"
"2015","2015-08-31","15336246","15336264","Intrabudgetary Transactions","2057954.15"
"2015","2015-08-31","15336246","15336266","Offsetting Governmental Receipts","'-229270.02"
"2015","2015-08-31","15336246","15336268","Total--Department of Commerce","913437286.11"
"2015","2015-08-31","15336272","15336274","Department of the Army","3185852321.52"
"2015","2015-08-31","15336272","15336276","Department of the Navy","2323456620.74"
"2015","2015-08-31","15336272","15336278","Department of the Air Force","1865793553.95"
"2015","2015-08-31","15336272","15336280","Defense Agencies","null"
"2015","2015-08-31","15336272","15336282","Total--Military Personnel","7375102496.21"
"2015","2015-08-31","15336270","15336284","Operation and Maintenance:","null"
"2015","2015-08-31","15336284","15336288","Department of the Navy","4283449549.77"
"2015","2015-08-31","15336284","15336290","Department of the Air Force","4180120054.01"
"2015","2015-08-31","15336284","15336292","Defense Agencies","5373216593.65"
"2015","2015-08-31","15336284","15336294","Total--Operation and Maintenance","18890597089.01"
"2015","2015-08-31","15336270","15336296","International Reconstruction and Other Assistance:","null"
"2015","2015-04-30","13225054","13225203","Proprietary Receipts from the Public","'-332374940.50"
"2015","2015-04-30","13225054","13225209","Intrabudgetary Transactions","'-68031160.27"
"2015","2015-04-30","13225054","13225215","Total--Department of the Interior","857928883.36"
"2015","2015-04-30","13225221","13225227","General Administration","35767020.34"
"2015","2015-04-30","13225901","13225904","Federal Old-Age and Survivors Insurance Trust Fund (Off-Budget):","null"
"2015","2015-09-30","15698151","15698154","Federal Student Loan Reserve Fund","'-107517008.00"
"2015","2015-08-31","15336296","15336298","Department of the Army","null"
"2015","2015-08-31","15336300","15336302","Department of the Army","1381051389.41"
"2015","2015-08-31","15336300","15336304","Department of the Navy","3130308246.54"
"2015","2015-08-31","15336300","15336306","Department of the Air Force","2381328332.92"
"2015","2015-08-31","15336300","15336308","Defense Agencies","465314239.92"
"2015","2015-08-31","15336300","15336310","Total--Procurement","7358002208.79"
"2015","2015-08-31","15336270","15336312","Research, Development, Test, and Evaluation:","null"
"2015","2015-08-31","15336312","15336314","Department of the Army","587379746.61"
"2015","2015-08-31","15336312","15336316","Department of the Navy","1244352182.17"
"2015","2015-08-31","15336324","15336330","Department of the Air Force","95662027.99"
"2015","2015-08-31","15336324","15336332","Defense Agencies","262928533.67"
"2015","2015-08-31","15336324","15336334","Total--Military Construction","651652365.74"
"2015","2015-08-31","15336336","15336338","Department of the Army","22332188.48"
"2015","2015-08-31","15336336","15336340","Department of the Navy","44666872.58"
"2015","2015-08-31","15336336","15336342","Department of the Air Force","30762107.76"
"2015","2015-08-31","15336336","15336344","Defense Agencies","10941714.61"
"2015","2015-08-31","15336354","15336356","Working Capital Fund","'-348851517.49"
"2015","2015-08-31","15336372","15336374","Department of the Army","'-5515290.92"
"2015","2015-08-31","15336372","15336376","Department of the Navy","11932289.31"
"2015","2015-08-31","15336372","15336378","Department of the Air Force","'-25864057.26"
"2015","2015-08-31","15336372","15336380","Defense Agencies","'-167762651.99"
"2015","2015-08-31","15336382","15336384","Department of the Army","28576987.91"
"2015","2015-08-31","15336382","15336386","Department of the Navy","'-33652946.97"
"2015","2015-08-31","15336382","15336388","Department of the Air Force","28206994.55"
"2015","2015-08-31","15336382","15336390","Defense Agencies","'-38269577.91"
"2015","2015-08-31","15336270","15336392","Offsetting Governmental Receipts:","null"
"2015","2015-04-30","13225359","13225406","Program Administration","7041525.02"
"2015","2015-05-31","null","13833846","Department of Homeland Security:","null"
"2015","2015-06-30","14446591","14446592","Departmental Offices:","null"
"2015","2015-07-31","14975069","14975077","Intrabudgetary Transactions","'-147412.77"
"2015","2015-09-30","15699067","15699071","Retiree Health Care:","null"
"2015","2015-08-31","15336392","15336394","Department of the Army","null"
"2015","2015-08-31","15336270","15336398","Total--Department of Defense--Military Programs","38137108520.21"
"2015","2015-08-31","15336400","15336402","Office of Elementary and Secondary Education:","null"
"2015","2015-08-31","15336402","15336404","Accelerating Achievement and Ensuring Equity","910886013.18"
"2015","2015-08-31","15336402","15336406","Impact Aid","89866955.69"
"2015","2015-08-31","15336402","15336408","Education Improvement Programs","308197108.76"
"2015","2015-08-31","15336402","15336410","State Fiscal Stabilization Fund, Recovery Act","144679936.89"
"2015","2015-08-31","15336402","15336412","Other","30481001.65"
"2015","2015-08-31","15336402","15336414","Total--Office of Elementary and Secondary Education","1484111016.17"
"2015","2015-08-31","15336400","15336416","Office of Innovation and Improvement","139092917.74"
"2015","2015-08-31","15336400","15336418","Office of English Language Acquisition","64720237.86"
"2015","2015-08-31","15336420","15336424","Rehabilitation Services and Disability Research","237680631.35"
"2015","2015-08-31","15336420","15336426","Special Institutions for Persons with Disabilities","11604332.32"
"2015","2015-08-31","15336400","15336428","Office of Vocational and Adult Education","143386842.19"
"2015","2015-08-31","15336430","15336432","Higher Education","187329356.10"
"2015","2015-08-31","15336430","15336434","Other","'-1112227.45"
"2015","2015-08-31","15336430","15336436","Total--Office of Postsecondary Education","186217128.65"
"2015","2015-08-31","15336400","15336438","Office of Federal Student Aid:","null"
"2015","2015-08-31","15336438","15336440","Student Financial Assistance","3146939533.74"
"2015","2015-08-31","15336438","15336442","Student Aid Administration","129270447.86"
"2015","2015-08-31","15336438","15336444","Federal Student Loan Reserve Fund","null"
"2015","2015-08-31","15336438","15336446","Federal Direct Student Loans","null"
"2015","2015-08-31","15336438","15336448","Federal Family Education Loans","'-26514499.81"
"2015","2015-08-31","15336400","15336454","Institute of Education Sciences","40933174.92"
"2015","2015-08-31","15336400","15336456","Departmental Management","49209834.09"
"2015","2015-08-31","15336400","15336460","Proprietary Receipts from the Public","'-7964841.49"
"2015","2015-08-31","15336400","15336462","Intrabudgetary Transactions","'-9609979.02"
"2015","2015-08-31","15336400","15336464","Total--Department of Education","6445087017.75"
"2015","2015-08-31","15336466","15336468","National Nuclear Security Administration:","null"
"2015","2015-08-31","15336468","15336470","Naval Reactors","62028210.62"
"2015","2015-08-31","15336468","15336472","Weapons Activities","577761358.94"
"2015","2015-04-30","null","13225498","Department of Transportation:","null"
"2015","2015-05-31","13834786","13834791","District of Columbia:","null"
"2015","2015-06-30","14445925","14445937","Environmental and Other Defense Activities:","null"
"2015","2015-07-31","14973373","14973443","Intrabudgetary Transactions","'-1050.73"
"2015","2015-07-31","14974457","14974469","Legal Activities and U.S. Marshals:","null"
"2015","2015-07-31","14975109","14975124","Other","19309158.11"
"2015","2015-09-30","null","15699151","National Science Foundation:","null"
"2015","2015-08-31","15336468","15336474","Defense Nuclear Nonproliferation","142147394.96"
"2015","2015-08-31","15336468","15336476","Other","37824963.59"
"2015","2015-08-31","15336466","15336478","Environmental and Other Defense Activities:","null"
"2015","2015-08-31","15336478","15336480","Defense Environmental Cleanup","371443394.78"
"2015","2015-08-31","15336478","15336482","Other Defense Activities","75531909.57"
"2015","2015-08-31","15336478","15336484","Defense Nuclear Waste Disposal","154559.04"
"2015","2015-08-31","15336488","15336490","Science","413198092.38"
"2015","2015-08-31","15336488","15336492","Energy Supply","121093298.17"
"2015","2015-08-31","15336488","15336494","Energy Efficiency and Renewable Energy","147592789.82"
"2015","2015-08-31","15336488","15336496","Fossil Energy Research and Development","64744717.01"
"2015","2015-08-31","15336488","15336498","Uranium Enrichment Decontamination and Decommissioning Fund","34007974.10"
"2015","2015-08-31","15336488","15336500","Advanced Technology Vehicles Manufacturing Loan Program","205093.53"
"2015","2015-08-31","15336488","15336502","Title 17 Innovative Technology Loan Guarantee Program","2316074.93"
"2015","2015-08-31","15336488","15336506","Total--Energy Programs","622829004.70"
"2015","2015-08-31","15336466","15336508","Power Marketing Administration","34804340.73"
"2015","2015-08-31","15336466","15336510","Departmental Administration","22512530.87"
"2015","2015-08-31","15336466","15336512","Proprietary Receipts from the Public","'-99982802.06"
"2015","2015-08-31","15336466","15336514","Intrabudgetary Transactions","'-164606445.09"
"2015","2015-08-31","15336466","15336518","Total--Department of Energy","1682448420.65"
"2015","2015-08-31","15336520","15336522","Food and Drug Administration","276037253.19"
"2015","2015-08-31","15336520","15336524","Health Resources and Services Administration","717396597.49"
"2015","2015-08-31","15336520","15336526","Indian Health Service","201673243.08"
"2015","2015-08-31","15336520","15336528","Centers for Disease Control and Prevention","504783997.55"
"2015","2015-08-31","15336520","15336530","National Institutes of Health","2434455592.62"
"2015","2015-08-31","15336520","15336532","Substance Abuse and Mental Health Services Administration","304623276.71"
"2015","2015-08-31","15336548","15336550","Benefit Payments","15406641364.53"
"2015","2015-08-31","15336548","15336552","Administrative Expenses","293891854.07"
"2015","2015-04-30","13225598","13225616","Bureau of the Public Debt","53873859.93"
"2015","2015-04-30","13225598","13225618","Total--Bureau of the Fiscal Service","1033028217.42"
"2015","2015-06-30","14445995","14446017","Federal Supplementary Medical Insurance Trust Fund:","null"
"2015","2015-08-31","15336548","15336554","Total--Federal Hospital Insurance Trust Fund","15700533218.60"
"2015","2015-08-31","15336536","15336556","Health Care Fraud and Abuse Control","125396200.78"
"2015","2015-08-31","15336558","15336560","Benefit Payments","15131149255.59"
"2015","2015-08-31","15336558","15336562","Administrative Expenses","291036481.23"
"2015","2015-08-31","15336564","15336566","Benefit Payments","103174449.89"
"2015","2015-08-31","15336564","15336568","Administrative Expenses","106951089.90"
"2015","2015-08-31","15336558","15336570","Total--Federal Supplementary Medical Insurance Trust Fund","15632311276.61"
"2015","2015-08-31","15336536","15336572","Other","7516659100.43"
"2015","2015-08-31","15336536","15336574","Total--Centers for Medicare and Medicaid Services","85303790200.25"
"2015","2015-08-31","15336520","15336576","Administration for Children and Families:","null"
"2015","2015-08-31","15336576","15336578","Temporary Assistance for Needy Families","1784238996.39"
"2015","2015-08-31","15336576","15336580","Contingency Fund","10895191.17"
"2015","2015-08-31","15336576","15336582","Payments to States for Child Support Enforcement and Family Support Programs","371281456.64"
"2015","2015-08-31","15336576","15336584","Low Income Home Energy Assistance","160284389.22"
"2015","2015-08-31","15336576","15336586","Refugee and Entrant Assistance","112699124.77"
"2015","2015-08-31","15336576","15336588","Child Care Entitlement to States","240588404.17"
"2015","2015-08-31","15336576","15336590","Payments to States for the Child Care and Development Block Grant","217550842.77"
"2015","2015-08-31","15336576","15336592","Social Services Block Grant","216076407.58"
"2015","2015-08-31","15336576","15336594","Children and Families Services Programs","737981265.82"
"2015","2015-08-31","15336520","15336606","Other","'-1014176.16"
"2015","2015-08-31","15336520","15336608","Proprietary Receipts from the Public","'-7264179416.71"
"2015","2015-08-31","15336612","15336614","Federal Supplementary Medical Insurance Trust Fund","'-16861339165.09"
"2015","2015-08-31","15336616","15336618","Federal Hospital Insurance Trust Fund","'-6166704.72"
"2015","2015-08-31","15336624","15336626","Departmental Management and Operations","81508495.34"
"2015","2015-08-31","15336624","15336628","Citizenship and Immigration Services","318098606.02"
"2015","2015-08-31","15336624","15336630","United States Secret Service","224471255.47"
"2015","2015-08-31","15336624","15336632","Transportation Security Administration","479310225.75"
"2015","2015-08-31","15336624","15336634","Immigration and Customs Enforcement","586471777.50"
"2015","2015-08-31","15337070","15337079","Other","29146471.09"
"2015","2015-08-31","15336624","15336636","U.S. Customs and Border Protection","1306503867.03"
"2015","2015-08-31","15336624","15336638","United States Coast Guard","761878918.99"
"2015","2015-04-30","13225702","13225704","Housing Accounts","'-1346786.85"
"2015","2015-04-30","13225702","13225706","Other","'-405360.79"
"2015","2015-04-30","13225700","13225708","Compensation and Pensions","6376227942.10"
"2015","2015-04-30","13225700","13225710","Readjustment Benefits","1087938805.73"
"2015","2015-04-30","13225700","13225712","Veterans Housing Benefit Program Fund","48162275.72"
"2015","2015-04-30","13225700","13225714","Insurance Funds:","null"
"2015","2015-05-31","13833202","13833319","Natural Resources Conservation Service:","null"
"2015","2015-05-31","13834861","13834871","Other Defense Civil Programs:","null"
"2015","2015-07-31","14973722","14973765","Research, Development, Test, and Evaluation:","null"
"2015","2015-09-30","15699205","15699210","District of Columbia:","null"
"2015","2015-08-31","15336624","15336640","National Protection and Programs Directorate","146641008.71"
"2015","2015-08-31","15336624","15336642","Federal Emergency Management Agency:","null"
"2015","2015-08-31","15336642","15336644","State and Local Programs","179678973.78"
"2015","2015-08-31","15336642","15336646","Firefighter Assistance Grants","53699867.21"
"2015","2015-08-31","15336642","15336648","Disaster Relief","502498398.73"
"2015","2015-08-31","15336642","15336650","National Flood Insurance Fund","12168047.02"
"2015","2015-08-31","15336642","15336654","Total--Federal Emergency Management Agency","878111689.48"
"2015","2015-08-31","15336624","15336656","Science and Technology","69404392.36"
"2015","2015-08-31","15336624","15336658","Domestic Nuclear Detection Office","32489362.24"
"2015","2015-08-31","15336624","15336660","Other","36637860.44"
"2015","2015-08-31","15336624","15336662","Proprietary Receipts from the Public","'-96650538.61"
"2015","2015-08-31","15336624","15336664","Intrabudgetary Transactions","140504263.85"
"2015","2015-08-31","15336624","15336666","Offsetting Governmental Receipts","'-814346733.94"
"2015","2015-08-31","15336624","15336668","Total--Department of Homeland Security","4151034450.63"
"2015","2015-08-31","15336672","15336676","Tenant Based Rental Assistance","1591470574.00"
"2015","2015-08-31","15336672","15336692","Public Housing Operating Fund","360234941.93"
"2015","2015-08-31","15336672","15336696","Revitalization of Severely Distressed Public Housing (Hope VI)","12614429.65"
"2015","2015-08-31","15336672","15336700","Native American Housing Block Grant","42948965.83"
"2015","2015-08-31","15336672","15336708","Total--Public and Indian Housing Programs","3095023131.45"
"2015","2015-08-31","15336670","15336712","Community Planning and Development:","null"
"2015","2015-08-31","15336712","15336716","Housing Opportunities for Persons with AIDS","26283289.82"
"2015","2015-04-30","13225764","13225782","Proprietary Receipts from the Public","'-1451750.37"
"2015","2015-04-30","13225764","13225784","Intrabudgetary Transactions","'-2506261937.78"
"2015","2015-04-30","13225764","13225786","Total--Other Defense Civil Programs","3517561055.23"
"2015","2015-06-30","null","14446910","National Aeronautics and Space Administration:","null"
"2015","2015-08-31","15336712","15336720","Community Development Fund","603568907.29"
"2015","2015-08-31","15336712","15336724","Home Investment Partnership Program","103429747.22"
"2015","2015-08-31","15336712","15336728","Neighborhood Stabilization Program","3020540.43"
"2015","2015-08-31","15336712","15336732","Homeless Assistance Grants","167060698.54"
"2015","2015-08-31","15336712","15336736","Other","8079941.38"
"2015","2015-08-31","15336712","15336740","Total--Community Planning and Development","911443124.68"
"2015","2015-08-31","15336748","15336752","FHA-Mutual Mortgage Insurance Fund, Program Account","7625695.05"
"2015","2015-08-31","15336748","15336756","FHA-Mutual Mortgage Insurance Capital Reserve Account","'-1353747769.42"
"2015","2015-08-31","15336748","15336760","FHA-Mutual Mortgage and Cooperative Housing Insurance Fund, Liquidating Account","237127.20"
"2015","2015-08-31","15336748","15336764","FHA-General and Special Risk Fund, Program Account","null"
"2015","2015-08-31","15336748","15336768","FHA-General and Special Risk Fund, Liquidating Account","'-11212251.12"
"2015","2015-08-31","15336748","15336772","Housing for the Elderly or Handicapped Fund, Liquidating Account","'-34613225.97"
"2015","2015-08-31","15336744","15336780","Housing for the Elderly","60969752.78"
"2015","2015-08-31","15336744","15336784","Housing for Persons with Disabilities","13992106.24"
"2015","2015-08-31","15336744","15336788","Other Assisted Housing Programs","19139447.35"
"2015","2015-08-31","15336744","15336796","Total--Housing Programs","'-1294591362.27"
"2015","2015-08-31","15336800","15336804","Guarantees of Mortgage-Backed Securities","5523408.73"
"2015","2015-08-31","15336670","15336808","Management and Administration","173363344.86"
"2015","2015-08-31","15336670","15336812","Other","19112295.84"
"2015","2015-08-31","15336670","15336816","Proprietary Receipts from the Public:","null"
"2015","2015-08-31","15336816","15336823","FHA-General and Special Risk Fund","'-53343302.80"
"2015","2015-08-31","15336670","15336830","Intrabudgetary Transactions","'-2603875.06"
"2015","2015-08-31","15336670","15336834","Offsetting Governmental Receipts","'-1031900.00"
"2015","2015-08-31","15336670","15336838","Total--Department of Housing and Urban Development","2861510446.44"
"2015","2015-08-31","15336850","15336854","Management of Lands and Resources","61723481.49"
"2015","2015-08-31","15336850","15336858","Other","19385045.74"
"2015","2015-08-31","15336846","15336862","Bureau of Ocean Energy Management","10199692.98"
"2015","2015-05-31","13833415","13833481","Family Housing:","null"
"2015","2015-07-31","14974912","14974914","Public Enterprise Funds:","null"
"2015","2015-08-31","15336846","15336866","Office of Surface Mining Reclamation and Enforcement","34192972.89"
"2015","2015-08-31","15336846","15336870","Total--Land and Minerals Management","125501193.10"
"2015","2015-08-31","15336842","15336874","Water and Science:","null"
"2015","2015-08-31","15336874","15336878","Bureau of Reclamation:","null"
"2015","2015-08-31","15336878","15336882","Water and Related Resources","75346206.40"
"2015","2015-08-31","15336878","15336886","Other","'-19855211.56"
"2015","2015-08-31","15336874","15336890","Central Utah Project","814855.01"
"2015","2015-08-31","15336874","15336894","United States Geological Survey","85552944.43"
"2015","2015-08-31","15336842","15336922","Bureau of Indian Affairs and Bureau of Indian Education","304942100.63"
"2015","2015-08-31","15336926","15336930","Mineral Leasing and Associated Payments","137907411.38"
"2015","2015-08-31","15336926","15336934","Other","78430421.02"
"2015","2015-08-31","15336842","15336938","Insular Affairs","25536266.15"
"2015","2015-08-31","15336842","15336942","Office of the Special Trustee for American Indians","12285104.53"
"2015","2015-08-31","15336842","15336946","Department-Wide Programs","166959438.39"
"2015","2015-08-31","15336842","15336950","Other","24352073.57"
"2015","2015-08-31","15336842","15336962","Total--Department of the Interior","853723480.59"
"2015","2015-08-31","15336966","15336970","General Administration","55902933.95"
"2015","2015-08-31","15336974","15336978","General Legal Activities","72200478.89"
"2015","2015-08-31","15336974","15336982","United States Attorneys","245329795.97"
"2015","2015-08-31","15336974","15336986","United States Marshals Service","140328855.86"
"2015","2015-08-31","15336974","15336989","Assets Forfeiture Fund","159160203.17"
"2015","2015-08-31","15336974","15336992","Other","169147638.88"
"2015","2015-08-31","15336966","15336996","Federal Bureau of Investigation","788734917.46"
"2015","2015-08-31","15336966","15336998","Drug Enforcement Administration","208547428.17"
"2015","2015-08-31","15336966","15337000","Bureau of Alcohol, Tobacco, Firearms, and Explosives","128773974.72"
"2015","2015-08-31","15336966","15337002","Federal Prison System","683730470.37"
"2015","2015-08-31","15337004","15337006","State and Local Law Enforcement Assistance","50542680.37"
"2015","2015-08-31","15337004","15337008","Community Oriented Policing Services","26521847.62"
"2015","2015-08-31","15337004","15337010","Crime Victims Fund","48145030.23"
"2015","2015-08-31","15337004","15337012","Other","87004319.84"
"2015","2015-08-31","15336966","15337014","Other","115875391.59"
"2015","2015-08-31","15336966","15337016","Proprietary Receipts from the Public","'-24654922.56"
"2015","2015-08-31","15336966","15337018","Intrabudgetary Transactions","116775733.20"
"2015","2015-08-31","15336966","15337020","Offsetting Governmental Receipts","'-47907176.66"
"2015","2015-08-31","15336966","15337022","Total--Department of Justice","3024159601.07"
"2015","2015-04-30","13225878","13225885","Other","'-1824018.85"
"2015","2015-04-30","13225878","13225886","Proprietary Receipts from the Public","'-89561.57"
"2015","2015-04-30","13225878","13225887","Intrabudgetary Transactions:","null"
"2015","2015-04-30","13225887","13225888","Postal Service Contributions","null"
"2015","2015-04-30","13225887","13225889","Civil Service Retirement and Disability Fund:","null"
"2015","2015-04-30","null","13225893","Small Business Administration:","null"
"2015","2015-05-31","13834558","13834582","Internal Revenue Service:","null"
"2015","2015-06-30","null","14446486","Department of Labor:","null"
"2015","2015-06-30","14447114","14447118","Other","null"
"2015","2015-07-31","14974976","14974978","Military Retirement:","null"
"2015","2015-09-30","15698635","15698741","Federal Transit Administration:","null"
"2015","2015-08-31","15337026","15337028","Training and Employment Services","225601661.15"
"2015","2015-08-31","15337026","15337030","Office of Job Corps","121490825.21"
"2015","2015-08-31","15337026","15337032","Community Service Employment for Older Americans","73201957.44"
"2015","2015-08-31","15337026","15337034","Federal Unemployment Benefits and Allowances","29318221.32"
"2015","2015-08-31","15337026","15337036","Federal Additional Unemployment Compensation Program-Recovery Act","'-465906.66"
"2015","2015-08-31","15337026","15337038","State Unemployment Insurance and Employment Service Operations","'-114341598.78"
"2015","2015-08-31","15337026","15337040","Payments to the Unemployment Trust Fund","null"
"2015","2015-08-31","15337026","15337042","Advances to the Unemployment Trust Fund and Other Funds","null"
"2015","2015-08-31","15337026","15337044","Program Administration","8378210.40"
"2015","2015-08-31","15337048","15337050","State Unemployment Benefits","2555118589.94"
"2015","2015-08-31","15337046","15337052","State Administrative Expenses","400000000.00"
"2015","2015-08-31","15337046","15337054","Federal Administrative Expenses","12731472.91"
"2015","2015-08-31","15337046","15337058","Other","42656544.89"
"2015","2015-08-31","15337046","15337060","Total--Unemployment Trust Fund","3010506607.74"
"2015","2015-08-31","15337026","15337062","Other","50556691.80"
"2015","2015-08-31","15337026","15337064","Total--Employment and Training Administration","3404246669.62"
"2015","2015-08-31","15337024","15337066","Pension Benefit Guaranty Corporation","'-170236633.17"
"2015","2015-08-31","15337070","15337072","Special Benefits","249030890.76"
"2015","2015-05-31","13833667","13833681","Agency for Healthcare Research and Quality","9824846.15"
"2015","2015-06-30","14445805","14445813","Defense Agencies:","null"
"2015","2015-06-30","14447234","14447235","Judicial Branch:","null"
"2015","2015-09-30","15698067","15698074","Operation and Maintenance:","null"
"2015","2015-08-31","15337070","15337074","Energy Employees Occupational Illness Compensation Fund","76636567.52"
"2015","2015-08-31","15337070","15337076","Special Benefits for Disabled Coal Miners","8990252.56"
"2015","2015-08-31","15337070","15337078","Black Lung Disability Trust Fund","19778700.81"
"2015","2015-08-31","15337024","15337080","Wage and Hour Division","35615518.60"
"2015","2015-08-31","15337024","15337083","Bureau of Labor Statistics","52077807.08"
"2015","2015-08-31","15337024","15337084","Departmental Management","69209916.03"
"2015","2015-08-31","15337024","15337085","Other","34951039.11"
"2015","2015-08-31","15337024","15337086","Proprietary Receipts from the Public","'-386954.05"
"2015","2015-08-31","15337024","15337087","Intrabudgetary Transactions","'-39845703.15"
"2015","2015-08-31","null","15337089","Department of State:","null"
"2015","2015-08-31","15337090","15337092","Educational and Cultural Exchange Programs","45993203.02"
"2015","2015-08-31","15337090","15337093","Embassy Security, Construction, and Maintenance","234439467.31"
"2015","2015-08-31","15337090","15337094","Payment to Foreign Service Retirement and Disability Fund","39725000.00"
"2015","2015-08-31","15337090","15337095","Foreign Service Retirement and Disability Fund","76948372.93"
"2015","2015-08-31","15337090","15337096","Other","141415629.95"
"2015","2015-08-31","15337090","15337097","Total--Administration of Foreign Affairs","1029236209.31"
"2015","2015-08-31","15337089","15337098","International Organizations and Conferences","56557.61"
"2015","2015-08-31","15337089","15337099","Global Health and Child Survival","537525334.50"
"2015","2015-08-31","15337089","15337100","Migration and Refugee Assistance","393476901.63"
"2015","2015-08-31","15337089","15337101","International Narcotics Control and Law Enforcement","135098432.53"
"2015","2015-08-31","15337089","15337102","Andean Counterdrug Programs","384905.08"
"2015","2015-08-31","15337089","15337103","Other","45386914.40"
"2015","2015-08-31","15337089","15337104","Proprietary Receipts from the Public","2172790.80"
"2015","2015-08-31","15337089","15337105","Intrabudgetary Transactions","'-53202900.23"
"2015","2015-08-31","15337089","15337106","Total--Department of State","2090135145.63"
"2015","2015-08-31","15337107","15337108","Office of the Secretary","121024084.29"
"2015","2015-08-31","15337110","15337111","Operations","'-146981291.51"
"2015","2015-08-31","15337112","15337113","Grants-In-Aid for Airports","268685863.60"
"2015","2015-08-31","15337112","15337114","Facilities and Equipment","231293908.02"
"2015","2015-08-31","15337112","15337115","Research, Engineering, and Development","14200621.46"
"2015","2015-08-31","15337112","15337116","Trust Fund Share of FAA Operations","895000000.00"
"2015","2015-08-31","15337112","15337117","Total--Airport and Airway Trust Fund","1409180393.08"
"2015","2015-04-30","13225983","13225986","Other","'-1169423.17"
"2015","2015-06-30","14445859","14445879","Office of Special Education and Rehabilitative Services:","null"
"2015","2015-07-31","14973974","14974064","Intrabudgetary Transactions:","null"
"2015","2015-09-30","15698799","15698969","Interest on the Public Debt:","null"
"2015","2015-08-31","15337110","15337118","Other","8200760.04"
"2015","2015-08-31","15337110","15337119","Total--Federal Aviation Administration","1270399861.61"
"2015","2015-08-31","15337121","15337122","Federal-Aid Highways","4281489923.10"
"2015","2015-08-31","15337121","15337123","Other","241720.54"
"2015","2015-08-31","15337120","15337124","Highway Infrastructure Investment, Recovery Act","5053178.36"
"2015","2015-08-31","15337120","15337125","Other Programs","8122719834.16"
"2015","2015-08-31","15337120","15337126","Total--Federal Highway Administration","12409504656.16"
"2015","2015-08-31","15337107","15337129","Federal Railroad Administration:","null"
"2015","2015-08-31","15337129","15337130","Operating Subsidy Grants to the National Railroad Passenger Corporation","null"
"2015","2015-08-31","15337129","15337131","Capital and Debt Service Grants to the National Railroad Passenger Corporation","87040172.57"
"2015","2015-08-31","15337129","15337132","Capital Assistance for High Speed Rail Corridors and Intercity Passenger Rail Service","24439253.26"
"2015","2015-08-31","15337129","15337133","Other","40144316.45"
"2015","2015-08-31","15337129","15337134","Total--Federal Railroad Administration","151623742.28"
"2015","2015-08-31","15337135","15337136","Formula Grants","4473647.36"
"2015","2015-08-31","15337135","15337137","Capital Investment Grants","353514800.08"
"2015","2015-08-31","15337135","15337138","Transit Formula Grants","832899450.91"
"2015","2015-08-31","15337135","15337139","Transit Capital Assistance, Recovery Act","7181176.32"
"2015","2015-08-31","15337135","15337140","Other","55313494.10"
"2015","2015-08-31","15337135","15337141","Total--Federal Transit Administration","1253382568.77"
"2015","2015-08-31","15337107","15337142","Maritime Administration","37436878.66"
"2015","2015-08-31","15337107","15337143","Other","13482126.57"
"2015","2015-08-31","15337107","15337144","Proprietary Receipts from the Public","'-3682836.39"
"2015","2015-08-31","15337145","15337146","Payment from the General Fund, Highway Trust Fund","'-8068000000.00"
"2015","2015-08-31","15337107","15337148","Offsetting Governmental Receipts","'-82562.64"
"2015","2015-08-31","15337107","15337149","Total--Department of Transportation","7311118027.74"
"2015","2015-08-31","15337150","15337151","Departmental Offices:","null"
"2015","2015-08-31","15337151","15337152","Exchange Stabilization Fund","7656687.22"
"2015","2015-08-31","15337151","15337153","Grants for Specified Energy Property in Lieu of Tax Credit","7073553.00"
"2015","2015-08-31","15337151","15337154","Housing and Economic Recovery Programs","371192.54"
"2015","2015-08-31","15337151","15337155","Troubled Asset Relief Program","267985099.32"
"2015","2015-08-31","15337151","15337156","Other","198340668.09"
"2015","2015-04-30","13226053","13226055","Federal Disability Insurance Trust Fund","'-14456329.14"
"2015","2015-04-30","13226027","13226056","Independent Agencies:","null"
"2015","2015-04-30","13226056","13226058","Railroad Retirement Board","'-7190388.39"
"2015","2015-07-31","14974330","14974334","Bureau of Reclamation:","null"
"2015","2015-07-31","14975086","14975095","Intrabudgetary Transactions:","null"
"2015","2015-09-30","15699051","15699059","Harbor Maintenance Trust Fund","184568333.32"
"2015","2015-08-31","15337158","15337160","Payment to the Resolution Funding Corporation","null"
"2015","2015-08-31","15337158","15337161","Financial Agent Services","55153254.60"
"2015","2015-08-31","15337158","15337162","Interest Paid to Credit Financing Accounts","null"
"2015","2015-08-31","15337158","15337163","Claims, Judgments, and Relief Acts","277395572.91"
"2015","2015-08-31","15337158","15337164","Other","15495127.96"
"2015","2015-08-31","15337158","15337165","Total--Financial Management Service","348043955.47"
"2015","2015-08-31","15337157","15337171","Bureau of the Public Debt","26711137.08"
"2015","2015-08-31","15337157","15337172","Total--Bureau of the Fiscal Service","374755092.55"
"2015","2015-08-31","15337150","15337173","Federal Financing Bank","87554123.28"
"2015","2015-08-31","15337150","15337174","Alcohol and Tobacco Tax and Trade Bureau:","null"
"2015","2015-08-31","15337174","15337175","Salaries and Expenses","10944676.31"
"2015","2015-08-31","15337174","15337176","Internal Revenue Collections for Puerto Rico","34424501.99"
"2015","2015-08-31","15337150","15337177","Bureau of Engraving and Printing","8416946.31"
"2015","2015-08-31","15337150","15337178","United States Mint","'-41130725.47"
"2015","2015-08-31","15337179","15337180","Taxpayer Services","247339939.71"
"2015","2015-08-31","15337179","15337181","Enforcement","535281880.23"
"2015","2015-08-31","15337179","15337182","Operations Support","369770138.65"
"2015","2015-08-31","15337179","15337183","Build America Bond Payments, Recovery Act","311899257.96"
"2015","2015-08-31","15337179","15337184","Refundable Premium Tax Credits and Cost Sharing Reductions","2689217500.27"
"2015","2015-08-31","15337179","15337185","Payment Where Earned Income Credit Exceeds Liability for Tax","211484015.92"
"2015","2015-08-31","15337179","15337186","Payment Where Child Tax Credit Exceeds Liability for Tax","84127684.17"
"2015","2015-08-31","15337150","15337192","Comptroller of the Currency","93984435.67"
"2015","2015-08-31","15337195","15337196","Public Issues (Accrual Basis)","24870579170.34"
"2015","2015-08-31","15337195","15337197","Special Issues (Cash Basis)","5855844068.60"
"2015","2015-08-31","15337195","15337198","Total--Interest on Treasury Debt Securities (Gross)","30726423238.94"
"2015","2015-08-31","15337194","15337199","Total--Interest on the Public Debt","30726423238.94"
"2015","2015-05-31","13833214","13833220","Research and Education Activities","51513066.77"
"2015","2015-05-31","13833202","13833277","Farm Service Agency:","null"
"2015","2015-05-31","13834762","13834778","Proprietary Receipts from the Public:","null"
"2015","2015-07-31","14974457","14974548","Intrabudgetary Transactions","'-50092817.37"
"2015","2015-09-30","null","15699141","National Aeronautics and Space Administration:","null"
"2015","2015-08-31","15337150","15337200","Other","9635575.37"
"2015","2015-08-31","15337150","15337201","Proprietary Receipts from the Public","'-1668604.70"
"2015","2015-08-31","15337150","15337202","Intrabudgetary Transactions","'-312063433.09"
"2015","2015-08-31","15337150","15337204","Total--Department of the Treasury","36096744596.36"
"2015","2015-08-31","15337205","15337206","Joint DOD-VA Medical Facility Demonstration Fund","30810551.85"
"2015","2015-08-31","15337207","15337208","Veterans Choice Fund, Veterans Health Administration","536942209.17"
"2015","2015-08-31","15337207","15337209","Medical Services","3803457837.51"
"2015","2015-08-31","15337207","15337210","Medical Support and Compliance","370417096.21"
"2015","2015-08-31","15337207","15337212","Other","47995682.93"
"2015","2015-08-31","15337214","15337216","Other","'-263007.70"
"2015","2015-08-31","15337213","15337219","Veterans Housing Benefit Program Fund","34026590.62"
"2015","2015-08-31","15337220","15337221","National Service Life","70696549.27"
"2015","2015-08-31","15337220","15337222","Veterans Special Life","12471777.02"
"2015","2015-08-31","15337213","15337224","Total--Benefits Programs","1581656760.64"
"2015","2015-08-31","15337225","15337226","Construction","144307458.13"
"2015","2015-08-31","15337225","15337227","Information Technology Systems","292019299.79"
"2015","2015-08-31","15337225","15337228","General Operating Expenses","302390043.37"
"2015","2015-08-31","15337205","15337230","Proprietary Receipts from the Public:","null"
"2015","2015-08-31","15337230","15337231","National Service Life","'-5969511.48"
"2015","2015-08-31","15337230","15337232","Other","'-297594650.27"
"2015","2015-08-31","15337205","15337233","Intrabudgetary Transactions","'-20183981.46"
"2015","2015-08-31","15337205","15337234","Total--Department of Veterans Affairs","7227487881.18"
"2015","2015-08-31","15337235","15337236","Construction","150634914.06"
"2015","2015-08-31","15337235","15337237","Operation and Maintenance","289525638.92"
"2015","2015-08-31","15337235","15337238","Flood Control and Coastal Emergencies","49326966.66"
"2015","2015-08-31","15337235","15337239","Harbor Maintenance Trust Fund","null"
"2015","2015-08-31","15337235","15337240","Rivers and Harbors Contributed Funds","61885038.45"
"2015","2015-08-31","15337235","15337241","Other","33082408.04"
"2015","2015-08-31","15337235","15337242","Proprietary Receipts from the Public","'-64864120.75"
"2015","2015-08-31","15337235","15337243","Intrabudgetary Transactions","365758.43"
"2015","2015-05-31","13833415","13833417","Military Personnel:","null"
"2015","2015-05-31","null","13834472","Department of State:","null"
"2015","2015-06-30","null","14446786","Environmental Protection Agency:","null"
"2015","2015-07-31","14973748","14973750","Department of the Army","null"
"2015","2015-07-31","14974706","14974710","Airport and Airway Trust Fund:","null"
"2015","2015-07-31","14975181","14975186","Other","102389.97"
"2015","2015-08-31","15337235","15337244","Total--Corps of Engineers","519956603.81"
"2015","2015-08-31","15337245","15337246","Military Retirement:","null"
"2015","2015-08-31","15337246","15337247","Payment to Military Retirement Fund","null"
"2015","2015-08-31","15337246","15337248","Military Retirement Fund","418089743.41"
"2015","2015-08-31","15337249","15337250","Payment to Department of Defense Medicare-Eligible Retiree Health Care Fund","null"
"2015","2015-08-31","15337249","15337251","Department of Defense Medicare-Eligible Retiree Health Care Fund","578279990.11"
"2015","2015-08-31","15337245","15337252","Educational Benefits","13830768.40"
"2015","2015-08-31","15337245","15337254","Proprietary Receipts from the Public","'-1506337.24"
"2015","2015-08-31","15337245","15337255","Intrabudgetary Transactions","'-1275386311.58"
"2015","2015-08-31","15337245","15337256","Total--Other Defense Civil Programs","'-250451850.36"
"2015","2015-08-31","15337257","15337258","Science and Technology","61019294.03"
"2015","2015-08-31","15337257","15337259","Environmental Programs and Management","189967230.76"
"2015","2015-08-31","15337257","15337260","State and Tribal Assistance Grants","323376047.98"
"2015","2015-08-31","15337257","15337261","Payment to the Hazardous Substance Superfund","null"
"2015","2015-08-31","15337257","15337262","Hazardous Substance Superfund","80064307.67"
"2015","2015-08-31","15337257","15337263","Other","32592585.11"
"2015","2015-08-31","15337257","15337264","Proprietary Receipts from the Public","'-5532627.52"
"2015","2015-08-31","15337257","15337265","Intrabudgetary Transactions","10338451.11"
"2015","2015-08-31","15337257","15337266","Offsetting Governmental Receipts","'-1792887.39"
"2015","2015-08-31","15337257","15337267","Total--Environmental Protection Agency","690032401.75"
"2015","2015-08-31","15337268","15337270","Office of Management and Budget","8489701.81"
"2015","2015-08-31","15337268","15337275","Total--Executive Office of the President","34172561.77"
"2015","2015-08-31","15337276","15337278","Supply and Technology Activities","31524803.58"
"2015","2015-08-31","15337276","15337279","General Activities","22459698.83"
"2015","2015-08-31","15337276","15337280","Proprietary Receipts from the Public","4603925.35"
"2015","2015-08-31","15337276","15337281","Intrabudgetary Transactions","'-394645.16"
"2015","2015-08-31","15337276","15337282","Total--General Services Administration","'-25156241.58"
"2015","2015-08-31","15337283","15337284","Millennium Challenge Corporation","54648496.48"
"2015","2015-08-31","15337283","15337285","International Security Assistance:","null"
"2015","2015-05-31","13833481","13833483","Department of the Army","20624319.96"
"2015","2015-07-31","14974786","14974788","Departmental Offices:","null"
"2015","2015-08-31","15337285","15337286","Pakistan Counterinsurgency Capability Fund","null"
"2015","2015-08-31","15337285","15337287","Foreign Military Financing Program","1463177019.96"
"2015","2015-08-31","15337285","15337288","Economic Support Fund","422929173.79"
"2015","2015-08-31","15337285","15337289","Other","158239024.72"
"2015","2015-08-31","15337285","15337291","Total--International Security Assistance","2044345218.47"
"2015","2015-08-31","15337283","15337292","Multilateral Assistance:","null"
"2015","2015-08-31","15337292","15337293","Contribution to the International Development Association","null"
"2015","2015-08-31","15337292","15337294","Other","5297796.97"
"2015","2015-08-31","15337292","15337296","Total--Multilateral Assistance","5297796.97"
"2015","2015-08-31","15337283","15337297","Agency for International Development:","null"
"2015","2015-08-31","15337297","15337298","Development Assistance Program","128267826.63"
"2015","2015-08-31","15337297","15337299","Assistance for Europe, Eurasia and Central Asia","2298852.47"
"2015","2015-08-31","15337297","15337300","International Disaster Assistance","163328163.25"
"2015","2015-08-31","15337297","15337301","Operating Expenses","159623612.24"
"2015","2015-08-31","15337297","15337302","Other","26239085.20"
"2015","2015-08-31","15337297","15337303","Proprietary Receipts from the Public","'-107805190.66"
"2015","2015-08-31","15337297","15337304","Intrabudgetary Transactions","86502392.28"
"2015","2015-08-31","15337297","15337305","Total--Agency for International Development","458454741.41"
"2015","2015-08-31","15337283","15337313","Military Sales Program:","null"
"2015","2015-08-31","15337313","15337314","Foreign Military Sales Trust Fund","2026988294.10"
"2015","2015-08-31","15337313","15337315","Other","'-73611127.01"
"2015","2015-08-31","15337313","15337316","Proprietary Receipts from the Public","'-3070811424.49"
"2015","2015-08-31","15337283","15337317","Other","6893899.57"
"2015","2015-08-31","15337283","15337318","Total--International Assistance Programs","1152323973.24"
"2015","2015-08-31","null","15337319","National Aeronautics and Space Administration:","null"
"2015","2015-08-31","15337319","15337322","Exploration","425543846.06"
"2015","2015-08-31","15337319","15337326","Proprietary Receipts from the Public","'-78165.52"
"2015","2015-08-31","15337319","15337327","Intrabudgetary Transactions","'-16945.66"
"2015","2015-08-31","15337319","15337328","Total--National Aeronautics and Space Administration","1472501844.16"
"2015","2015-08-31","15337329","15337330","Research and Related Activities","584915453.90"
"2015","2015-08-31","15337329","15337331","Education and Human Resources","90963456.42"
"2015","2015-08-31","15337329","15337332","Other","41612418.16"
"2015","2015-08-31","15337329","15337335","Total--National Science Foundation","714425135.92"
"2015","2015-08-31","15337336","15337337","Government Payment for Annuitants, Employees Health and Life Insurance Benefits","982494982.31"
"2015","2015-08-31","15337336","15337340","Civil Service Retirement and Disability Fund","6797901680.70"
"2015","2015-06-30","null","14445490","Department of Agriculture:","null"
"2015","2015-07-31","14974896","14974912","Benefits Programs:","null"
"2015","2015-08-31","15337336","15337341","Employees Life Insurance Fund","'-115943050.54"
"2015","2015-08-31","15337336","15337342","Employees and Retired Employees Health Benefits Fund","'-4383821.26"
"2015","2015-08-31","15337336","15337343","Other","'-129898314.90"
"2015","2015-08-31","15337336","15337344","Proprietary Receipts from the Public","'-299014.78"
"2015","2015-08-31","15337345","15337346","Postal Service Contributions","null"
"2015","2015-08-31","15337347","15337349","Other","'-4099960.61"
"2015","2015-08-31","15337336","15337350","Total--Office of Personnel Management","7525772500.92"
"2015","2015-08-31","15337351","15337352","Salaries and Expenses","74226933.36"
"2015","2015-08-31","15337351","15337357","Intrabudgetary Transactions","227793.19"
"2015","2015-08-31","15337351","15337358","Total--Small Business Administration","93883048.84"
"2015","2015-08-31","null","15337359","Social Security Administration:","null"
"2015","2015-08-31","15337359","15337360","Payments to Social Security Trust Funds","16396010.30"
"2015","2015-08-31","15337359","15337361","Supplemental Security Income Program","532468486.57"
"2015","2015-08-31","15337359","15337362","Federal Old-Age and Survivors Insurance Trust Fund (Off-Budget):","null"
"2015","2015-08-31","15337362","15337363","Benefit Payments","62114304256.45"
"2015","2015-08-31","15337362","15337364","Administrative Expenses","264565486.32"
"2015","2015-08-31","15337362","15337365","Payment to Railroad Retirement Account","null"
"2015","2015-08-31","15337362","15337367","Total--Federal Old-Age and Survivors Insurance Trust Fund (Off-Budget)","62378869742.77"
"2015","2015-08-31","15337359","15337368","Federal Disability Insurance Trust Fund (Off-Budget):","null"
"2015","2015-08-31","15337368","15337369","Benefit Payments","12051671493.38"
"2015","2015-08-31","15337368","15337370","Administrative Expenses","259393079.12"
"2015","2015-08-31","15337368","15337371","Payment to Railroad Retirement Account","null"
"2015","2015-08-31","15337368","15337373","Total--Federal Disability Insurance Trust Fund (Off-Budget)","12311064572.50"
"2015","2015-08-31","15337359","15337374","Other","10859598.75"
"2015","2015-08-31","15337375","15337376","On-Budget","'-233247256.37"
"2015","2015-08-31","15337383","15337384","Broadcasting Board of Governors","59522332.82"
"2015","2015-08-31","15337383","15337385","Bureau of Consumer Financial Protection","50879834.80"
"2015","2015-08-31","15337383","15337386","Corporation for National and Community Service","90272851.15"
"2015","2015-08-31","15337388","15337390","Courts","22124134.00"
"2015","2015-08-31","15337388","15337391","General and Special Payments","23629235.80"
"2015","2015-08-31","15337383","15337393","Equal Employment Opportunity Commission","29446044.22"
"2015","2015-08-31","15337383","15337394","Export-Import Bank of the United States","370546445.38"
"2015","2015-08-31","15337395","15337396","Universal Service Fund","768745062.40"
"2015","2015-08-31","15337395","15337397","Spectrum Auction Program Account","7059.02"
"2015","2015-08-31","15337395","15337398","Other","40838587.03"
"2015","2015-08-31","15337383","15337399","Federal Deposit Insurance Corporation:","null"
"2015","2015-05-31","13833727","13833731","Temporary Assistance for Needy Families","1281100210.25"
"2015","2015-05-31","13833727","13833747","Refugee and Entrant Assistance","109321652.04"
"2015","2015-05-31","13834616","13834623","Insurance Funds:","null"
"2015","2015-07-31","14973974","14974030","Administration for Children and Families:","null"
"2015","2015-09-30","15698523","15698569","Office of Workers' Compensation Programs:","null"
"2015","2015-08-31","15336846","15336850","Bureau of Land Management:","null"
"2015","2015-08-31","15337399","15337404","Deposit Insurance Fund","'-602872564.37"
"2015","2015-08-31","15337399","15337405","FSLIC Resolution Fund","348277.38"
"2015","2015-08-31","15337399","15337407","Total--Federal Deposit Insurance Corporation","'-602524286.99"
"2015","2015-08-31","15337383","15337408","Federal Drug Control Programs","19746917.80"
"2015","2015-08-31","15337383","15337409","Federal Housing Finance Agency","24010299.13"
"2015","2015-08-31","15337383","15337410","Institute of Museum and Library Services","16579220.37"
"2015","2015-08-31","15337383","15337411","Intelligence Community Management Account","33549802.64"
"2015","2015-08-31","15337383","15337412","Legal Services Corporation","29182490.63"
"2015","2015-08-31","15337383","15337413","National Archives and Records Administration","36781582.01"
"2015","2015-08-31","15337383","15337414","National Credit Union Administration","'-66727666.96"
"2015","2015-08-31","15337383","15337415","National Endowment for the Arts","11285361.97"
"2015","2015-08-31","15337383","15337416","National Endowment for the Humanities","16717656.70"
"2015","2015-08-31","15337383","15337417","National Labor Relations Board","23366543.86"
"2015","2015-08-31","15337383","15337418","Nuclear Regulatory Commission","'-6146689.22"
"2015","2015-08-31","15337420","15337421","Public Enterprise Funds","97057966.44"
"2015","2015-08-31","15337383","15337424","Railroad Retirement Board:","null"
"2015","2015-08-31","15337424","15337425","Federal Windfall Subsidy","3286062.86"
"2015","2015-08-31","15337424","15337426","Federal Payments to the Railroad Retirement Accounts","2316243.28"
"2015","2015-08-31","15337424","15337427","Railroad Unemployment Insurance Trust Fund:","null"
"2015","2015-08-31","15337427","15337428","Benefit Payments","7970057.28"
"2015","2015-08-31","15337427","15337429","Transfer To Administrative Funds","1897142.00"
"2015","2015-08-31","15337431","15337432","Benefit Payments","429919011.78"
"2015","2015-08-31","15337431","15337433","Advances from FOASDI Fund","null"
"2015","2015-08-31","15337431","15337434","OASDI Certifications","'-1245226.78"
"2015","2015-08-31","15337431","15337435","Transfer to Administrative Funds","9500540.00"
"2015","2015-08-31","15337431","15337436","Other","'-42926.17"
"2015","2015-08-31","15337424","15337437","National Railroad Retirement Investment Trust:","null"
"2015","2015-08-31","15337437","15337439","Administrative Expenses","4790080.71"
"2015","2015-03-31","12662444","12662517","Total--Legislative Branch","420693055.37"
"2015","2015-03-31","12662542","12662646","Natural Resources Conservation Service:","null"
"2015","2015-05-31","13833846","13833977","Total--Department of Homeland Security","2933592439.87"
"2015","2015-05-31","null","13833983","Department of Housing and Urban Development:","null"
"2015","2015-05-31","13833983","13833989","Public and Indian Housing Programs:","null"
"2015","2015-05-31","13833989","13833995","Tenant Based Rental Assistance","1492856396.00"
"2015","2015-05-31","13833989","13834001","Housing Certificate Fund","19087435.21"
"2015","2015-05-31","13833989","13834007","Project-Based Rental Assistance","858289586.94"
"2015","2015-05-31","13833989","13834013","Public Housing Capital Fund","143208842.82"
"2015","2015-06-30","14445729","14445743","Operation and Maintenance:","null"
"2015","2015-07-31","null","14974124","Department of Housing and Urban Development:","null"
"2015","2015-07-31","null","14975018","Executive Office of the President:","null"
"2015","2015-09-30","null","15699351","Total Surplus (+) or Deficit (-)","91060531094.38"
"2015","2015-08-31","15337437","15337440","Transfers to the Railroad Retirement Trust Funds from the National Railroad Retirement Investment Trust","null"
"2015","2015-08-31","15337424","15337441","Railroad Social Security Equivalent Benefit Account:","null"
"2015","2015-08-31","15337441","15337442","Benefit Payments","587557321.30"
"2015","2015-08-31","15337441","15337443","Transfer To Administrative Funds","4202318.00"
"2015","2015-08-31","15337441","15337444","Other","'-6842498.12"
"2015","2015-08-31","15337424","15337445","Proprietary Receipts from the Public","'-147032908.24"
"2015","2015-08-31","15337424","15337446","Intrabudgetary Transactions:","null"
"2015","2015-08-31","15337446","15337447","Payments from Other Funds to the Railroad Retirement Trust Funds","null"
"2015","2015-08-31","15337446","15337449","Other","'-2315057.53"
"2015","2015-08-31","15337383","15337451","Securities and Exchange Commission","121163746.15"
"2015","2015-08-31","15337383","15337452","Smithsonian Institution","93829736.00"
"2015","2015-08-31","15337383","15337453","Tennessee Valley Authority","'-382569416.66"
"2015","2015-08-31","15337383","15337454","Other","233687181.72"
"2015","2015-08-31","15337383","15337455","Total--Independent Agencies","2055482117.87"
"2015","2015-08-31","15337458","15337460","Department of Health and Human Services:","null"
"2015","2015-08-31","15337460","15337461","Federal Hospital Insurance Trust Fund:","null"
"2015","2015-05-31","13834097","13834163","Other Assisted Housing Programs","19290465.57"
"2015","2015-05-31","13834097","13834168","Other","'-3286155.45"
"2015","2015-05-31","null","13834216","Department of the Interior:","null"
"2015","2015-06-30","14446598","14446599","Financial Management Service:","null"
"2015","2015-07-31","14975033","14975063","Military Sales Program:","null"
"2015","2015-09-30","15698781","15698788","Other","'-34796.86"
"2015","2015-08-31","15337461","15337462","Federal Employer Contributions","'-293000000.00"
"2015","2015-08-31","15337461","15337463","Postal Service Employer Contributions","'-54000000.00"
"2015","2015-08-31","15337465","15337466","Foreign Service Retirement and Disability Fund","'-27834485.11"
"2015","2015-08-31","15337458","15337468","Other Defense Civil Programs:","null"
"2015","2015-08-31","15337468","15337469","Military Retirement Fund","'-1647306426.29"
"2015","2015-08-31","15337468","15337470","Department of Defense Medicare-Eligible Retiree Health Care Fund","null"
"2015","2015-08-31","15337458","15337474","Social Security Administration:","null"
"2015","2015-08-31","15337475","15337476","Federal Employer Contributions","'-1182000000.00"
"2015","2015-08-31","15337474","15337478","Federal Disability Insurance Trust Fund:","null"
"2015","2015-08-31","15337478","15337479","Federal Employer Contributions","'-201000000.00"
"2015","2015-08-31","15337458","15337483","Other","'-33765.94"
"2015","2015-08-31","15337458","15337484","Total--Employer Share, Employee Retirement","'-5863062684.06"
"2015","2015-08-31","15337485","15337486","Judicial Branch:","null"
"2015","2015-08-31","15337486","15337487","Judicial Survivors Annuity Fund","'-330836.90"
"2015","2015-08-31","15337485","15337488","Department of Health and Human Services:","null"
"2015","2015-08-31","15337488","15337489","Federal Hospital Insurance Trust Fund","13334621.67"
"2015","2015-08-31","15337488","15337490","Federal Supplementary Medical Insurance Trust Fund","'-28922015.83"
"2015","2015-08-31","15337485","15337491","Department of Homeland Security:","null"
"2015","2015-08-31","15337491","15337492","Oil Spill Liability Trust Fund","'-949393.73"
"2015","2015-08-31","15337491","15337493","Other","'-694789.54"
"2015","2015-08-31","15337496","15337497","Foreign Service Retirement and Disability Fund","'-144481.06"
"2015","2015-08-31","15337498","15337499","Airport and Airway Trust Fund","'-4412233.70"
"2015","2015-08-31","15337485","15337500","Department of Veterans Affairs:","null"
"2015","2015-08-31","15337500","15337501","National Service Life Insurance Fund","'-483297.11"
"2015","2015-08-31","15337500","15337502","United States Government Life Insurance Fund","'-819.48"
"2015","2015-08-31","15337485","15337503","Corps of Engineers","'-25161366.71"
"2015","2015-08-31","15337485","15337504","Other Defense Civil Programs:","null"
"2015","2015-08-31","15337504","15337505","Military Retirement Fund","'-3344161233.28"
"2015","2015-08-31","15337504","15337506","Educational Benefits Fund","'-16458324.39"
"2015","2015-08-31","15337504","15337507","Armed Forces Retirement Home","'-151.85"
"2015","2015-08-31","15337485","15337508","Environmental Protection Agency","'-14532847.35"
"2015","2015-05-31","13834340","13834348","Legal Activities and U.S. Marshals:","null"
"2015","2015-06-30","14445859","14445889","Office of Postsecondary Education:","null"
"2015","2015-08-31","15337485","15337509","Office of Personnel Management:","null"
"2015","2015-08-31","15337509","15337510","Civil Service Retirement and Disability Fund","null"
"2015","2015-08-31","15337511","15337512","Federal Old-Age and Survivors Insurance Trust Fund","'-35560441.32"
"2015","2015-08-31","15337511","15337513","Federal Disability Insurance Trust Fund","'-23621871.31"
"2015","2015-08-31","15337485","15337514","Independent Agencies:","null"
"2015","2015-08-31","15337514","15337516","Railroad Retirement Board","'-5462535.47"
"2015","2015-08-31","15337514","15337517","Other","'-6113872.29"
"2015","2015-08-31","15337485","15337518","Other","'-10295987.04"
"2015","2015-08-31","15337485","15337519","Total--Interest Received by Trust Funds","'-3512288149.28"
"2015","2015-08-31","15337456","15337521","Rents and Royalties on the Outer Continental Shelf Lands","'-224158701.74"
"2015","2015-08-31","15337456","15337523","Spectrum Auction Proceeds","null"
"2015","2015-08-31","15337456","15337524","Spectrum Relocation Activities","null"
"2015","2015-08-31","15337456","15337525","Total--Undistributed Offsetting Receipts","'-9599509535.08"
"2015","2015-08-31","null","15337526","Total Outlays","275257357118.38"
"2015","2015-08-31","15337526","15337527","Total On-Budget","201934625847.79"
"2015","2015-08-31","15337526","15337528","Total Off-Budget","73322731270.59"
"2015","2015-08-31","15337529","15337531","Total Off-Budget","'-14022731270.59"
"2015","2015-03-31","12662890","12662894","Department of the Army","443342.63"
"2015","2015-05-31","13834396","13834442","Office of Workers' Compensation Programs:","null"
"2015","2015-06-30","null","14446762","Other Defense Civil Programs:","null"
"2015","2015-07-31","null","14973678","Department of Commerce:","null"
"2015","2015-07-31","14975133","14975145","Federal Communications Commission:","null"
"2015","2015-09-30","15698192","15698233","Administration for Children and Families:","null"
"2015","2015-08-31","15337157","15337158","Financial Management Service:","null"
"2015","2015-05-31","13834508","13834510","Office of the Secretary","82699713.19"
"2015","2015-05-31","13834888","13834897","Department of Labor:","null"
"2015","2015-06-30","14446070","14446072","Payments for Health Insurance for the Aged:","null"
"2015","2015-06-30","14446838","14446856","Multilateral Assistance:","null"
"2015","2015-09-30","15699105","15699119","Agency for International Development:","null"
"2015","2015-03-31","12663135","12663137","Benefit Payments","17011685451.52"
"2015","2015-03-31","null","12663211","Department of Homeland Security:","null"
"2015","2015-05-31","13834508","13834557","Total--Department of Transportation","5930299416.48"
"2015","2015-05-31","13834558","13834559","Departmental Offices:","null"
"2015","2015-05-31","13834559","13834560","Exchange Stabilization Fund","4354897.05"
"2015","2015-06-30","null","14447040","Independent Agencies:","null"
"2015","2015-05-31","null","13834660","Environmental Protection Agency:","null"
"2015","2015-06-30","14447136","14447138","Benefit Payments","435634575.86"
"2015","2015-07-31","null","14974956","Corps of Engineers:","null"
"2015","2015-09-30","15697945","15697963","Other","164094370.15"
"2015","2015-09-30","15699246","15699247","Federal Windfall Subsidy","2406864.77"
"2015","2015-08-31","15337336","15337345","Intrabudgetary Transactions:","null"
"2015","2015-03-31","12663402","12663454","Department-Wide Programs","132893788.49"
"2015","2015-03-31","12663402","12663456","Other","28119177.50"
"2015","2015-05-31","13834700","13834708","Total--Agency for International Development","639521699.09"
"2015","2015-05-31","13834686","13834709","Overseas Private Investment Corporation:","null"
"2015","2015-06-30","14445729","14445771","Research, Development, Test, and Evaluation:","null"
"2015","2015-06-30","14447234","14447240","Department of Homeland Security:","null"
"2015","2015-07-31","14975033","14975042","Multilateral Assistance:","null"
"2015","2015-09-30","null","15698635","Department of Transportation:","null"
"2015","2015-08-31","15336842","15336846","Land and Minerals Management:","null"
"2015","2015-06-30","null","14447278","Total Surplus (+) or Deficit (-)","51775764001.54"
"2015","2015-07-31","null","14975069","National Aeronautics and Space Administration:","null"
"2015","2015-08-31","15337046","15337048","Federal-State Unemployment Insurance:","null"
"2015","2015-08-31","15337419","15337420","Off-Budget:","null"
"2015","2015-05-31","13834786","13834822","Postal Service:","null"
"2015","2015-07-31","14973499","14973637","Forest Service:","null"
"2015","2015-07-31","null","14974560","Department of Labor:","null"
"2015","2015-09-30","null","15698165","Department of Energy:","null"
"2015","2015-05-31","13834786","13834856","Tennessee Valley Authority","'-5303980.09"
"2015","2015-06-30","14446070","14446076","Payments for Tax and Other Credits:","null"
"2015","2015-07-31","14973722","14973748","International Reconstruction and Other Assistance:","null"
"2015","2015-09-30","15698200","15698229","Other","1653670053.87"
"2015","2015-09-30","15699067","15699068","Military Retirement:","null"
"2015","2015-05-31","13834888","13834917","Independent Agencies:","null"
"2015","2015-06-30","14446146","14446150","Public and Indian Housing Programs:","null"
"2015","2015-06-30","14446808","14446820","Intrabudgetary Transactions","null"
"2015","2015-07-31","14974700","14974744","Federal Railroad Administration:","null"
"2015","2015-08-31","15337150","15337157","Bureau of the Fiscal Service:","null"
"2015","2015-06-30","14445490","14445513","Animal and Plant Health Inspection Service","170864708.39"
"2015","2015-06-30","14445490","14445519","Food Safety and Inspection Service","72568856.66"
"2015","2015-06-30","14446326","14446330","Bureau of Land Management:","null"
"2015","2015-07-31","14975235","14975264","Independent Agencies:","null"
"2015","2015-06-30","14445705","14445715","National Institute of Standards and Technology","75676404.71"
"2015","2015-06-30","14447112","14447114","Off-Budget:","null"
"2015","2015-09-30","15698479","15698483","Legal Activities and U.S. Marshals:","null"
"2015","2015-09-30","15699190","15699193","Payment to Railroad Retirement Account","null"
"2015","2015-08-31","15336536","15336558","Federal Supplementary Medical Insurance Trust Fund:","null"
"2015","2015-03-31","null","12664098","Small Business Administration:","null"
"2015","2015-06-30","14445813","14445817","Other","'-16922736.27"
"2015","2015-06-30","14445729","14445819","Allowances","480031.33"
"2015","2015-06-30","14445821","14445823","Department of the Army","868226.51"
"2015","2015-06-30","14445821","14445825","Department of the Navy","2133490.97"
"2015","2015-09-30","15698067","15698068","Military Personnel:","null"
"2015","2015-09-30","15698599","15698601","Administration of Foreign Affairs:","null"
"2015","2015-06-30","14445859","14445897","Office of Federal Student Aid:","null"
"2015","2015-06-30","14446576","14446577","Formula Grants","3440064.92"
"2015","2015-07-31","14974298","14974330","Water and Science:","null"
"2015","2015-08-31","15336670","15336800","Government National Mortgage Association:","null"
"2015","2015-08-31","15337329","15337333","Proprietary Receipts from the Public","'-3066192.56"
"2015","2015-07-31","null","14974457","Department of Justice:","null"
"2015","2015-07-31","null","14975079","National Science Foundation:","null"
"2015","2015-09-30","15698803","15698823","Other","112279640.73"
"2015","2015-08-31","15336039","15336050","National Institute of Food and Agriculture:","null"
"2015","2015-07-31","14975109","14975125","Proprietary Receipts from the Public:","null"
"2015","2015-09-30","15698991","15699031","Departmental Administration:","null"
"2015","2015-08-31","15336161","15336176","Other","8560184.29"
"2015","2015-06-30","null","14446808","Executive Office of the President:","null"
"2015","2015-07-31","null","14973722","Department of Defense--Military Programs:","null"
"2015","2015-09-30","null","15699105","International Assistance Programs:","null"
"2015","2015-08-31","15336346","15336350","Department of the Navy","16686673.51"
"2015","2015-08-31","15337145","15337147","Other","'-8847.74"
"2015","2015-04-30","null","13224526","Department of Defense--Military Programs:","null"
"2015","2015-06-30","14446486","14446513","Pension Benefit Guaranty Corporation","'-103169161.36"
"2015","2015-06-30","14446486","14446514","Employment Standards Administration","120199.19"
"2015","2015-07-31","14974912","14974924","Veterans Housing Benefit Program Fund","74818466.70"
"2015","2015-09-30","15697762","15697771","Capitol Police","30302427.59"
"2015","2015-06-30","14446553","14446557","Trust Fund Share of FAA Operations","1500000000.00"
"2015","2015-08-31","15336536","15336548","Federal Hospital Insurance Trust Fund:","null"
"2015","2015-08-31","15337225","15337229","Other","42802271.88"
"2015","2015-06-30","14446591","14446630","Internal Revenue Service:","null"
"2015","2015-07-31","14974124","14974126","Public and Indian Housing Programs:","null"
"2015","2015-09-30","15698067","15698113","Trust Funds:","null"
"2015","2015-09-30","15698635","15698641","Federal Aviation Administration:","null"
"2015","2015-06-30","14446682","14446698","Benefits Programs:","null"
"2015","2015-09-30","15698132","15698161","Other","null"
"2015","2015-08-31","15337150","15337179","Internal Revenue Service:","null"
"2015","2015-07-31","14973543","14973563","Other","2216406.64"
"2015","2015-07-31","14974457","14974520","Office of Justice Programs:","null"
"2015","2015-07-31","14975169","14975170","Off-Budget:","null"
"2015","2015-08-31","15336039","15336161","Natural Resources Conservation Service:","null"
"2015","2015-08-31","15337024","15337026","Employment and Training Administration:","null"
"2015","2015-08-31","15337375","15337377","Off-Budget","'-5695740.62"
"2015","2015-07-31","14973722","14973724","Military Personnel:","null"
"2015","2015-07-31","14974560","14974652","Bureau of Labor Statistics","40888161.74"
"2015","2015-09-30","15699105","15699107","International Security Assistance:","null"
"2015","2015-08-31","15336039","15336238","Other","82113034.35"
"2015","2015-09-30","15698327","15698349","Community Planning and Development:","null"
"2015","2015-09-30","15699105","15699133","Peace Corps","42331840.63"
"2015","2015-08-31","15336312","15336318","Department of the Air Force","1150672496.64"
"2015","2015-08-31","15337458","15337471","Office of Personnel Management:","null"
"2015","2015-04-30","13225359","13225424","Other","31656221.11"
"2015","2015-04-30","13225432","13225442","Other","26474866.96"
"2015","2015-06-30","14447040","14447090","Federal Drug Control Programs","21457861.45"
"2015","2015-06-30","14447040","14447092","Federal Housing Finance Agency","18372207.00"
"2015","2015-06-30","14447040","14447094","Institute of Museum and Library Services","19282670.30"
"2015","2015-06-30","14447040","14447096","Intelligence Community Management Account","63638703.33"
"2015","2015-06-30","14447040","14447098","Legal Services Corporation","27700000.00"
"2015","2015-06-30","14447040","14447100","National Archives and Records Administration","25068919.91"
"2015","2015-08-31","15337107","15337145","Intrabudgetary Transactions:","null"
"2015","2015-04-30","13225498","13225524","Federal Highway Administration:","null"
"2015","2015-06-30","14447122","14447156","Railroad Social Security Equivalent Benefit Account:","null"
"2015","2015-06-30","14447156","14447158","Benefit Payments","688340813.00"
"2015","2015-06-30","14447156","14447160","Transfer To Administrative Funds","1980722.27"
"2015","2015-06-30","14447122","14447166","Intrabudgetary Transactions:","null"
"2015","2015-04-30","13225764","13225772","Retiree Health Care:","null"
"2015","2015-07-31","14973373","14973412","Government Printing Office","13237458.25"
"2015","2015-07-31","14973373","14973416","Government Accountability Office","38344174.79"
"2015","2015-09-30","15698635","15698781","Intrabudgetary Transactions:","null"
"2015","2015-07-31","14973499","14973586","Rural Housing Service:","null"
"2015","2015-07-31","14974298","14974397","Departmental Offices:","null"
"2015","2015-07-31","null","14975086","Office of Personnel Management:","null"
"2015","2015-09-30","15698192","15698200","Centers for Medicare and Medicaid Services:","null"
"2015","2015-08-31","null","15336039","Department of Agriculture:","null"
"2015","2015-08-31","null","15337351","Small Business Administration:","null"
"2015","2015-07-31","14975133","14975138","District of Columbia:","null"
"2015","2015-09-30","15698267","15698269","Payments for Health Insurance for the Aged:","null"
"2015","2015-08-31","15336270","15336272","Military Personnel:","null"
"2015","2015-08-31","15337383","15337388","District of Columbia:","null"
"2015","2015-04-30","13225966","13225969","Railroad Unemployment Insurance Trust Fund:","null"
"2015","2015-07-31","14973835","14973839","Department of the Navy","'-11803784.87"
"2015","2015-07-31","14973835","14973841","Department of the Air Force","104970879.87"
"2015","2015-07-31","14973835","14973843","Defense Agencies","137086228.66"
"2015","2015-08-31","15336270","15336300","Procurement:","null"
"2015","2015-08-31","null","15337107","Department of Transportation:","null"
"2015","2015-07-31","14973853","14973917","Total--Department of Education","13716117244.45"
"2015","2015-08-31","15337120","15337121","Highway Trust Fund:","null"
"2015","2015-07-31","14974012","14974014","Benefit Payments","35189844942.49"
"2015","2015-07-31","14974012","14974016","Administrative Expenses","'-719864672.28"
"2015","2015-07-31","null","14974896","Department of Veterans Affairs:","null"
"2015","2015-09-30","15697840","15697923","Natural Resources Conservation Service:","null"
"2015","2015-09-30","15699205","15699234","Legal Services Corporation","70000000.00"
"2015","2015-08-31","15337207","15337211","Medical Facilities","398436812.91"
"2015","2015-07-31","null","14974298","Department of the Interior:","null"
"2015","2015-09-30","15698799","15698803","Departmental Offices:","null"
"2015","2015-09-30","15699280","15699296","Social Security Administration:","null"
"2015","2015-08-31","15336670","15336672","Public and Indian Housing Programs:","null"
"2015","2015-07-31","14974520","14974532","Crime Victims Fund","45698621.61"
"2015","2015-09-30","15698132","15698142","Office of Special Education and Rehabilitative Services:","null"
"2015","2015-09-30","15698991","15699007","Benefits Programs:","null"
"2015","2015-08-31","null","15336842","Department of the Interior:","null"
"2015","2015-05-31","13833705","13833711","Medicare Prescription Drugs:","null"
"2015","2015-07-31","14974666","14974676","Foreign Service Retirement and Disability Fund","77218842.12"
"2015","2015-07-31","14974666","14974678","Other","'-224759411.11"
"2015","2015-07-31","14974666","14974680","Total--Administration of Foreign Affairs","957076188.01"
"2015","2015-07-31","14974664","14974690","Andean Counterdrug Programs","312185.40"
"2015","2015-09-30","null","15699067","Other Defense Civil Programs:","null"
"2015","2015-08-31","15336109","15336149","Other","1427517.05"
"2015","2015-07-31","14974744","14974750","Capital Assistance for High Speed Rail Corridors and Intercity Passenger Rail Service","91239292.63"
"2015","2015-08-31","15336966","15336974","Legal Activities and U.S. Marshals:","null"
"2015","2015-08-31","15337024","15337070","Office of Workers' Compensation Programs:","null"
"2015","2015-07-31","14974844","14974850","Operations Support","300700031.31"
"2015","2015-09-30","null","15699158","Office of Personnel Management:","null"
"2015","2015-08-31","15336270","15336336","Family Housing:","null"
"2015","2015-08-31","15337107","15337120","Federal Highway Administration:","null"
"2015","2015-07-31","14974912","14974932","Other","6350755.19"
"2015","2015-09-30","15698417","15698459","Departmental Offices:","null"
"2015","2015-09-30","null","15699205","Independent Agencies:","null"
"2015","2015-07-31","null","14975033","International Assistance Programs:","null"
"2015","2015-09-30","15698545","15698547","Federal-State Unemployment Insurance:","null"
"2015","2015-09-30","15699246","15699259","National Railroad Retirement Investment Trust:","null"
"2015","2015-08-31","15337213","15337214","Public Enterprise Funds:","null"
"2015","2015-08-31","null","15337257","Environmental Protection Agency:","null"
"2015","2015-05-31","null","13834558","Department of the Treasury:","null"
"2015","2015-07-31","14975109","14975111","Supplemental Security Income Program","9284341394.40"
"2015","2015-07-31","14975109","14975112","Federal Old-Age and Survivors Insurance Trust Fund (Off-Budget):","null"
"2015","2015-07-31","null","14975133","Independent Agencies:","null"
"2015","2015-08-31","null","15336966","Department of Justice:","null"
"2015","2015-08-31","null","15337383","Independent Agencies:","null"
"2015","2015-09-30","15698192","15698267","Intrabudgetary Transactions:","null"
"2015","2015-08-31","15337383","15337419","Postal Service:","null"
"2015","2015-05-31","null","13834739","Office of Personnel Management:","null"
"2015","2015-07-31","14975235","14975268","Other","521740.13"
"2015","2015-07-31","14975235","14975269","Total--Interest Received by Trust Funds","'-4320254633.56"
"2015","2015-09-30","null","15697817","Judicial Branch:","null"
"2015","2015-08-31","15336400","15336430","Office of Postsecondary Education:","null"
"2015","2015-08-31","15337107","15337110","Federal Aviation Administration:","null"
"2015","2015-08-31","15337456","15337457","Other Interest","null"
"2015","2015-05-31","13834778","13834779","On-Budget","'-261565698.09"
"2015","2015-05-31","13834762","13834785","Total--Social Security Administration","79373263449.32"
"2015","2015-09-30","15697840","15697866","Food Safety and Inspection Service","82889045.68"
"2015","2015-09-30","15697840","15697872","Agricultural Marketing Service","71052910.69"
"2015","2015-09-30","15697874","15697880","Administrative and Operating Expenses","7612903.85"
"2015","2015-09-30","15697874","15697882","Federal Crop Insurance Corporation Fund","'-1999222738.39"
"2015","2015-09-30","15697840","15697888","Farm Service Agency:","null"
"2015","2015-09-30","15697888","15697890","Salaries and Expenses","31825171.31"
"2015","2015-09-30","15697888","15697897","USDA Supplemental Assistance","16670.45"
"2015","2015-09-30","15697840","15697945","Rural Housing Service:","null"
"2015","2015-09-30","null","15698523","Department of Labor:","null"
"2015","2015-08-31","15337529","15337530","Total On-Budget","'-50397788641.92"
"2015","2015-09-30","15698088","15698090","Department of the Navy","1600306776.48"
"2015","2015-09-30","15698067","15698094","Military Construction:","null"
"2015","2015-08-31","null","15336670","Department of Housing and Urban Development:","null"
"2015","2015-08-31","15337213","15337223","Other","6332973.39"
"2015","2015-06-30","14445537","14445543","Salaries and Expenses","101604585.09"
"2015","2015-09-30","15698147","15698150","Total--Office of Postsecondary Education","219145815.71"
"2015","2015-09-30","15698132","15698151","Office of Federal Student Aid:","null"
"2015","2015-09-30","15698151","15698152","Student Financial Assistance","5797693852.91"
"2015","2015-09-30","15698151","15698153","Student Aid Administration","140289478.38"
"2015","2015-09-30","15699278","15699307","Interest Received by Trust Funds:","null"
"2015","2015-06-30","14445771","14445777","Department of the Air Force","2587526537.77"
"2015","2015-09-30","15698165","15698189","Intrabudgetary Transactions","'-104773370.94"
"2015","2015-09-30","15698165","15698190","Offsetting Governmental Receipts","'-17324590.79"
"2015","2015-09-30","15698165","15698191","Total--Department of Energy","2558162029.40"
"2015","2015-09-30","null","15698192","Department of Health and Human Services:","null"
"2015","2015-09-30","15699278","15699346","Spectrum Relocation Activities","null"
"2015","2015-06-30","14445927","14445933","Defense Nuclear Nonproliferation","151704654.36"
"2015","2015-06-30","14445927","14445935","Other","25241453.27"
"2015","2015-09-30","15698233","15698243","Refugee and Entrant Assistance","124919587.96"
"2015","2015-09-30","15698233","15698245","Child Care Entitlement to States","256332978.55"
"2015","2015-09-30","15698233","15698247","Payments to States for the Child Care and Development Block Grant","206261186.05"
"2015","2015-09-30","15698233","15698249","Social Services Block Grant","126369228.83"
"2015","2015-09-30","15699007","15699027","Other","10870165.25"
"2015","2015-05-31","13833415","13833527","Intrabudgetary Transactions:","null"
"2015","2015-09-30","15698327","15698365","Housing Programs:","null"
"2015","2015-06-30","14445979","14446070","Intrabudgetary Transactions:","null"
"2015","2015-09-30","15698327","15698411","Intrabudgetary Transactions","'-1267785.63"
"2015","2015-09-30","15698327","15698413","Offsetting Governmental Receipts","'-1043000.00"
"2015","2015-09-30","15698419","15698421","Bureau of Land Management:","null"
"2015","2015-09-30","15699105","15699135","Military Sales Program:","null"
"2015","2015-08-31","15337359","15337378","Intrabudgetary Transactions:","null"
"2015","2015-08-31","null","15336400","Department of Education:","null"
"2015","2015-06-30","14446146","14446314","Offsetting Governmental Receipts","'-936400.00"
"2015","2015-09-30","15698569","15698577","Black Lung Disability Trust Fund","77065577.52"
"2015","2015-09-30","15698523","15698581","Wage and Hour Division","22247380.65"
"2015","2015-09-30","15698523","15698583","Occupational Safety and Health Administration","45097915.78"
"2015","2015-09-30","15698523","15698585","Mine Safety and Health Administration","32531535.36"
"2015","2015-08-31","15336488","15336504","Other","'-160329035.24"
"2015","2015-06-30","null","14446530","Department of State:","null"
"2015","2015-09-30","15698649","15698669","Total--Airport and Airway Trust Fund","717791394.46"
"2015","2015-09-30","15698685","15698693","Other","203158.04"
"2015","2015-09-30","15699259","15699261","Administrative Expenses","3491234.66"
"2015","2015-08-31","15337245","15337249","Retiree Health Care:","null"
"2015","2015-06-30","14446591","14446620","Alcohol and Tobacco Tax and Trade Bureau:","null"
"2015","2015-09-30","15699007","15699019","Veterans Housing Benefit Program Fund","77592838.77"
"2015","2015-09-30","15699007","15699021","Insurance Funds:","null"
"2015","2015-09-30","15699021","15699023","National Service Life","88449944.05"
"2015","2015-09-30","15699021","15699025","Veterans Special Life","18373741.46"
"2015","2015-06-30","14446682","14446732","Proprietary Receipts from the Public:","null"
"2015","2015-09-30","15699067","15699076","Proprietary Receipts from the Public","'-2415811.52"
"2015","2015-09-30","15699079","15699081","Environmental Programs and Management","250699681.70"
"2015","2015-09-30","15699079","15699082","State and Tribal Assistance Grants","361261424.95"
"2015","2015-08-31","15337026","15337046","Unemployment Trust Fund:","null"
"2015","2015-09-30","15699119","15699123","Operating Expenses","147928398.17"
"2015","2015-09-30","15699119","15699124","Other","287439570.86"
"2015","2015-08-31","null","15336270","Department of Defense--Military Programs:","null"
"2015","2015-09-30","15699190","15699194","Other","18.00"
"2015","2015-08-31","15336270","15336382","Intrabudgetary Transactions:","null"
"2015","2015-08-31","null","15337150","Department of the Treasury:","null"
"2015","2015-09-30","15699280","15699287","Department of State:","null"
"2015","2015-06-30","14447234","14447237","Department of Health and Human Services:","null"
"2015","2015-09-30","15699333","15699335","Federal Disability Insurance Trust Fund","'-32616127.95"
"2015","2015-09-30","15699307","15699336","Independent Agencies:","null"
"2015","2015-09-30","15699336","15699338","Railroad Retirement Board","'-6669840.68"
"2015","2015-08-31","15336744","15336748","Credit Accounts:","null"
"2015","2015-08-31","15337245","15337253","Other","16240296.54"
"2015","2015-08-31","15336744","15336792","Other","3017755.62"
"2015","2015-08-31","15336039","15336242","Intrabudgetary Transactions","'-8984817.57"
"2015","2015-08-31","null","15337024","Department of Labor:","null"
"2015","2015-08-31","15337024","15337068","Employment Standards Administration","61631.68"
"2015","2015-08-31","null","15336466","Department of Energy:","null"
"2015","2015-08-31","15337458","15337465","Department of State:","null"
"2015","2015-07-31","14973974","14973986","Substance Abuse and Mental Health Services Administration","184269376.01"
"2015","2015-07-31","14973990","14974002","Federal Hospital Insurance Trust Fund:","null"
"2015","2015-08-31","15336520","15336534","Agency for Healthcare Research and Quality","23971508.16"
"2015","2015-08-31","15336536","15336538","Grants to States for Medicaid","28652884972.63"
"2015","2015-08-31","15336536","15336540","Payments to Health Care Trust Funds","16863819806.22"
"2015","2015-08-31","15336536","15336542","Children's Health Insurance Fund","790411032.69"
"2015","2015-08-31","15336536","15336544","State Grants and Demonstrations","21774592.29"
"2015","2015-08-31","15336558","15336564","Medicare Prescription Drugs:","null"
"2015","2015-08-31","15336576","15336596","Payments to States for Foster Care and Adoption Assistance","646288891.32"
"2015","2015-08-31","15336520","15336604","Departmental Management","208432997.14"
"2015","2015-08-31","15336520","15336610","Intrabudgetary Transactions:","null"
"2015","2015-07-31","14974165","14974185","Homeless Assistance Grants","143969650.04"
"2015","2015-07-31","14974165","14974189","Other","8511488.13"
"2015","2015-07-31","14974165","14974193","Total--Community Planning and Development","788333271.06"
"2015","2015-08-31","15336672","15336680","Housing Certificate Fund","18760671.33"
"2015","2015-08-31","15336672","15336704","Other","20951689.75"
"2015","2015-08-31","null","15337268","Executive Office of the President:","null"
"2015","2015-08-31","15337194","15337195","Interest on Treasury Debt Securities (Gross):","null"
"2015","2015-07-31","14975026","14975027","Real Property Activities","'-61943315.36"
"2015","2015-07-31","14975026","14975028","Supply and Technology Activities","'-70349696.66"
"2015","2015-08-31","null","15337235","Corps of Engineers:","null"
"2015","2015-08-31","null","15337245","Other Defense Civil Programs:","null"
"2015","2015-07-31","14975079","14975081","Education and Human Resources","85114487.59"
"2015","2015-07-31","14975079","14975082","Other","65853601.32"
"2015","2015-08-31","15337268","15337271","Unanticipated Needs","1817270.82"
"2015","2015-08-31","15337268","15337272","Other","19475149.46"
"2015","2015-08-31","15337268","15337273","Proprietary Receipts from the Public","'-1551.34"
"2015","2015-08-31","15337268","15337274","Intrabudgetary Transactions","'-200.00"
"2015","2015-08-31","15337276","15337277","Real Property Activities","'-83350024.18"
"2015","2015-08-31","15337306","15337307","Overseas Private Investment Corporation Accounts","347186780.86"
"2015","2015-08-31","15337420","15337422","Other","13052.43"
"2015","2015-08-31","15337419","15337423","Other","6506872.86"
"2015","2015-08-31","15337471","15337473","Civil Service Retirement and Disability Fund","'-2457888006.72"
"2015","2015-09-30","15698067","15698100","Family Housing:","null"
"2015","2015-08-31","null","15337529","Total Surplus (+) or Deficit (-)","'-64420519912.51"
"2015","2015-09-30","15698799","15698827","Bureau of the Fiscal Service:","null"
"2015","2015-09-30","15699105","15699128","Overseas Private Investment Corporation:","null"
"2015","2015-08-31","null","15336007","Judicial Branch:","null"
"2015","2015-08-31","15336284","15336286","Department of the Army","5053810891.58"
"2015","2015-08-31","15336346","15336354","Defense Agencies:","null"
"2015","2015-08-31","15336400","15336458","Other","null"
"2015","2015-08-31","15336672","15336684","Project-Based Rental Assistance","864182379.64"
"2015","2015-08-31","15336672","15336688","Public Housing Capital Fund","183859479.32"
"2015","2015-04-30","13224648","13224650","Department of the Army","null"
"2015","2015-04-30","13224658","13224662","Impact Aid","74858744.27"
"2015","2015-04-30","13224777","13224793","Centers for Medicare and Medicaid Services:","null"
"2015","2015-04-30","13224793","13224795","Grants to States for Medicaid","29101837047.31"
"2015","2015-04-30","13224793","13224797","Payments to Health Care Trust Funds","32653326416.49"
"2015","2015-04-30","13224793","13224799","Children's Health Insurance Fund","550267614.91"
"2015","2015-08-31","15337319","15337325","Other","75711394.62"
"2015","2015-08-31","null","15337329","National Science Foundation:","null"
"2015","2015-08-31","15337383","15337395","Federal Communications Commission:","null"
"2015","2015-08-31","15337424","15337450","Total--Railroad Retirement Board","893960160.37"
"2015","2015-08-31","15337456","15337458","Employer Share, Employee Retirement:","null"
"2015","2015-04-30","13224950","13224962","Other","7155529.11"
"2015","2015-04-30","13224950","13224964","Total--Community Planning and Development","906986585.09"
"2015","2015-05-31","null","13833613","Department of Energy:","null"
"2015","2015-05-31","13833613","13833615","National Nuclear Security Administration:","null"
"2015","2015-05-31","13833613","13833655","Power Marketing Administration","'-21998326.30"
"2015","2015-05-31","13833613","13833665","Total--Department of Energy","1890628257.11"
"2015","2015-05-31","13833667","13833669","Food and Drug Administration","293998396.23"
"2015","2015-05-31","13833683","13833695","Federal Hospital Insurance Trust Fund:","null"
"2015","2015-05-31","13834514","13834518","Airport and Airway Trust Fund:","null"
"2015","2015-09-30","15699107","15699108","Pakistan Counterinsurgency Capability Fund","18700000.00"
"2015","2015-09-30","15699184","15699187","Payment to Railroad Retirement Account","null"
"2015","2015-09-30","15699181","15699190","Federal Disability Insurance Trust Fund (Off-Budget):","null"
"2015","2015-03-31","12663402","12663444","Departmental Offices:","null"
"2015","2015-09-30","15699351","15699352","Total On-Budget","98467588784.03"
"2015","2015-09-30","15699351","15699353","Total Off-Budget","'-7407057689.65"
"2015","2015-08-31","15335952","15335956","Senate","79999690.37"
"2015","2015-08-31","15336438","15336450","Other","6222300.30"
"2015","2015-08-31","15336438","15336452","Total--Office of Federal Student Aid","3255917782.09"
"2015","2015-03-31","null","12663584","Department of State:","null"
"2015","2015-08-31","15336642","15336652","Other","130066402.74"
"2015","2015-08-31","15337268","15337269","The White House","4392191.02"
"2015","2015-08-31","null","15337276","General Services Administration:","null"
"2015","2015-08-31","15337319","15337320","Science","453149839.02"
"2015","2015-08-31","15337319","15337321","Aeronautics","47001670.53"
"2015","2015-03-31","12663626","12663630","Airport and Airway Trust Fund:","null"
"2015","2015-03-31","12662776","12662890","Trust Funds:","null"
"2015","2015-03-31","12663806","12663822","Benefits Programs:","null"
"2015","2015-03-31","12663886","12663894","Retiree Health Care:","null"
"2015","2015-03-31","12664114","12664120","Federal Old-Age and Survivors Insurance Trust Fund (Off-Budget):","null"
"2015","2015-03-31","12664259","12664260","Military Retirement Fund","'-1681921223.77"
"2015","2015-04-30","13226000","13226007","Department of State:","null"
"2015","2015-04-30","13225498","13225542","Federal Railroad Administration:","null"
"2015","2015-04-30","13225973","13225978","Other","'-416065.19"
"2015","2015-04-30","13225684","13225724","Departmental Administration:","null"
"2015","2015-05-31","null","13834340","Department of Justice:","null"
"2015","2015-05-31","13834597","13834598","Interest on Treasury Debt Securities (Gross):","null"
"2015","2015-05-31","null","13834786","Independent Agencies:","null"
"2015","2015-04-30","13224172","13224188","Congressional Budget Office","3481083.25"
"2015","2015-04-30","13224172","13224194","Architect of the Capitol","45571479.83"
"2015","2015-06-30","14445897","14445903","Federal Student Loan Reserve Fund","null"
"2015","2015-04-30","13224330","13224436","Rural Housing Service:","null"
"2015","2015-06-30","null","14446548","Department of Transportation:","null"
"2015","2015-04-30","13224656","13224713","Departmental Management","44697972.11"
"2015","2015-06-30","14447234","14447252","Corps of Engineers","'-2072632.77"
"2015","2015-07-31","14974800","14974802","Financial Management Service:","null"
"2015","2015-09-30","15698327","15698329","Public and Indian Housing Programs:","null"
"2015","2015-09-30","15697840","15697874","Risk Management Agency:","null"
"2015","2015-04-30","13226020","13226021","Federal Employer Contributions","'-200000000.00"
"2015","2015-04-30","13226000","13226025","Other","'-53760.36"
"2015","2015-04-30","13226000","13226026","Total--Employer Share, Employee Retirement","'-5663398114.37"
"2015","2015-04-30","13225998","13226027","Interest Received by Trust Funds:","null"
"2015","2015-04-30","13226027","13226028","Judicial Branch:","null"
"2015","2015-04-30","13226028","13226029","Judicial Survivors Annuity Fund","1247561.02"
"2015","2015-04-30","13226030","13226031","Federal Hospital Insurance Trust Fund","'-26359238.38"
"2015","2015-04-30","13226030","13226032","Federal Supplementary Medical Insurance Trust Fund","'-25252669.36"
"2015","2015-04-30","13226033","13226034","Oil Spill Liability Trust Fund","'-2550256.98"
"2015","2015-09-30","15698200","15698215","Federal Supplementary Medical Insurance Trust Fund:","null"
"2015","2015-05-31","13833507","13833515","Defense Agencies","14066023.88"
"2015","2015-05-31","13833517","13833519","Department of the Army","'-29842592.84"
"2015","2015-05-31","13833517","13833521","Department of the Navy","'-14471543.94"
"2015","2015-05-31","13833517","13833523","Department of the Air Force","35775917.35"
"2015","2015-09-30","15698569","15698579","Other","25147289.80"
"2015","2015-09-30","null","15699173","Small Business Administration:","null"
"2015","2015-05-31","13833615","13833623","Other","24806188.46"
"2015","2015-08-31","15336670","15336744","Housing Programs:","null"
"2015","2015-05-31","13834827","13834828","Federal Windfall Subsidy","2528385.51"
"2015","2015-05-31","13834878","13834879","Federal Employer Contributions","'-1179000000.00"
"2015","2015-03-31","12663211","12663231","United States Coast Guard","692356492.77"
"2015","2015-03-31","12663962","12663980","Multilateral Assistance:","null"
"2015","2015-06-30","14446070","14446080","Other","'-25133411.81"
"2015","2015-06-30","14445979","14446082","Total--Department of Health and Human Services","85035940789.00"
"2015","2015-04-30","13224966","13224968","Credit Accounts:","null"
"2015","2015-06-30","14446488","14446511","Other","39168454.34"
"2015","2015-04-30","13225825","13225834","Multilateral Assistance:","null"
"2015","2015-06-30","14446551","14446552","Operations","'-736484329.38"
"2015","2015-06-30","14446551","14446553","Airport and Airway Trust Fund:","null"
"2015","2015-06-30","14446553","14446554","Grants-In-Aid for Airports","241803201.61"
"2015","2015-06-30","14446553","14446555","Facilities and Equipment","229834245.53"
"2015","2015-06-30","14446553","14446556","Research, Engineering, and Development","10595529.24"
"2015","2015-06-30","14445605","14445623","Other","12121647.79"
"2015","2015-07-31","14973499","14973614","Food and Nutrition Service:","null"
"2015","2015-07-31","14973722","14973789","Family Housing:","null"
"2015","2015-06-30","14446764","14446766","Payment to Military Retirement Fund","null"
"2015","2015-06-30","14446856","14446860","Other","1924811.04"
"2015","2015-06-30","14446856","14446864","Total--Multilateral Assistance","1924811.04"
"2015","2015-06-30","14446838","14446866","Agency for International Development:","null"
"2015","2015-06-30","14447156","14447162","Other","'-3542219.61"
"2015","2015-07-31","14975026","14975031","Intrabudgetary Transactions","'-3475316.06"
"2015","2015-07-31","14975177","14975179","Transfer To Administrative Funds","1208492.00"
"2015","2015-07-31","14975228","14975229","Federal Employer Contributions","'-201000000.00"
"2015","2015-07-31","14975208","14975233","Other","'-535278.88"
"2015","2015-07-31","14975279","14975281","Total Off-Budget","'-8382382502.79"
"2015","2015-09-30","15698417","15698471","Other","33756379.79"
"2015","2015-09-30","15698479","15698503","Office of Justice Programs:","null"
"2015","2015-09-30","15698641","15698645","Operations","1098478773.80"
"2015","2015-09-30","15698641","15698649","Airport and Airway Trust Fund:","null"
"2015","2015-03-31","12662444","12662492","Proprietary Receipts from the Public","63996.87"
"2015","2015-03-31","12662444","12662499","Intrabudgetary Transactions","626499.75"
"2015","2015-03-31","12662444","12662509","Offsetting Governmental Receipts","null"
"2015","2015-03-31","12662790","12662800","Total--Operation and Maintenance","21537318279.28"
"2015","2015-03-31","12662776","12662802","International Reconstruction and Other Assistance:","null"
"2015","2015-03-31","12662802","12662804","Department of the Army","null"
"2015","2015-03-31","12663151","12663155","Administrative Expenses","36424555.48"
"2015","2015-03-31","12663145","12663157","Total--Federal Supplementary Medical Insurance Trust Fund","15361137429.74"
"2015","2015-03-31","12663123","12663159","Other","320178464.01"
"2015","2015-03-31","12663123","12663161","Total--Centers for Medicare and Medicaid Services","83436675810.32"
"2015","2015-03-31","12663664","12663670","Capital Assistance for High Speed Rail Corridors and Intercity Passenger Rail Service","85115493.85"
"2015","2015-03-31","12663664","12663672","Other","36834794.12"
"2015","2015-03-31","12663664","12663674","Total--Federal Railroad Administration","122011797.28"
"2015","2015-03-31","12663620","12663676","Federal Transit Administration:","null"
"2015","2015-03-31","12663722","12663732","Claims, Judgments, and Relief Acts","238205316.23"
"2015","2015-03-31","12663722","12663734","Other","46864020.11"
"2015","2015-09-30","null","15699098","General Services Administration:","null"
"2015","2015-04-30","13224330","13224480","Forest Service:","null"
"2015","2015-04-30","13224552","13224554","Department of the Army","null"
"2015","2015-04-30","13224628","13224632","Department of the Navy","'-17167208.14"
"2015","2015-04-30","13224882","13224900","Federal Emergency Management Agency:","null"
"2015","2015-04-30","13224900","13224902","State and Local Programs","160376534.51"
"2015","2015-04-30","13224900","13224904","Firefighter Assistance Grants","49488021.79"
"2015","2015-04-30","13225462","13225488","Andean Counterdrug Programs","2312627.39"
"2015","2015-03-31","12662776","12662950","Offsetting Governmental Receipts:","null"
"2015","2015-04-30","null","13225825","International Assistance Programs:","null"
"2015","2015-03-31","12663107","12663189","Administration for Community Living","148772640.29"
"2015","2015-03-31","12663107","12663191","Departmental Management","221580925.02"
"2015","2015-03-31","12663107","12663193","Other","61070012.01"
"2015","2015-04-30","13225901","13225910","Federal Disability Insurance Trust Fund (Off-Budget):","null"
"2015","2015-04-30","13225910","13225911","Benefit Payments","12143953883.00"
"2015","2015-04-30","13225910","13225912","Administrative Expenses","226509500.00"
"2015","2015-03-31","12663335","12663339","Credit Accounts:","null"
"2015","2015-04-30","13225937","13225940","Other","33049883.03"
"2015","2015-03-31","12663464","12663488","Office of Justice Programs:","null"
"2015","2015-03-31","null","12663620","Department of Transportation:","null"
"2015","2015-05-31","13833202","13833256","Risk Management Agency:","null"
"2015","2015-03-31","12663886","12663906","Intrabudgetary Transactions","870417702.45"
"2015","2015-03-31","12663886","12663908","Total--Other Defense Civil Programs","2141947207.61"
"2015","2015-03-31","null","12663910","Environmental Protection Agency:","null"
"2015","2015-05-31","13833545","13833603","Departmental Management","50210641.00"
"2015","2015-05-31","13833545","13833605","Other","101461.38"
"2015","2015-05-31","13833615","13833617","Naval Reactors","175461360.71"
"2015","2015-05-31","13833667","13833673","Indian Health Service","178017744.63"
"2015","2015-03-31","12664305","12664307","Railroad Retirement Board","'-7288338.71"
"2015","2015-03-31","12664305","12664308","Other","'-355295.29"
"2015","2015-03-31","12664276","12664309","Other","'-13271554.87"
"2015","2015-04-30","null","13224172","Legislative Branch:","null"
"2015","2015-05-31","13834300","13834304","Mineral Leasing and Associated Payments","113550261.24"
"2015","2015-05-31","13834300","13834308","Other","93139744.14"
"2015","2015-05-31","13834216","13834312","Insular Affairs","18803275.81"
"2015","2015-04-30","13224330","13224384","Risk Management Agency:","null"
"2015","2015-04-30","13224882","13224916","Domestic Nuclear Detection Office","23646069.61"
"2015","2015-04-30","13224882","13224918","Other","31248882.07"
"2015","2015-04-30","13224882","13224920","Proprietary Receipts from the Public","'-28975349.76"
"2015","2015-05-31","13834695","13834696","Contribution to the International Development Association","null"
"2015","2015-05-31","13834695","13834697","Other","24355206.82"
"2015","2015-05-31","13834695","13834699","Total--Multilateral Assistance","24355206.82"
"2015","2015-04-30","13225086","13225090","Bureau of Reclamation:","null"
"2015","2015-04-30","13225622","13225626","Internal Revenue Collections for Puerto Rico","20881230.96"
"2015","2015-04-30","13225584","13225628","Bureau of Engraving and Printing","5526774.03"
"2015","2015-04-30","13225584","13225632","Internal Revenue Service:","null"
"2015","2015-05-31","13834861","13834886","Other","3943.27"
"2015","2015-05-31","13834861","13834887","Total--Employer Share, Employee Retirement","'-5597534898.37"
"2015","2015-05-31","13834859","13834888","Interest Received by Trust Funds:","null"
"2015","2015-04-30","null","13225744","Corps of Engineers:","null"
"2015","2015-04-30","13225925","13225995","Tennessee Valley Authority","317210583.03"
"2015","2015-04-30","13225925","13225996","Other","170817094.26"
"2015","2015-04-30","null","13225998","Undistributed Offsetting Receipts:","null"
"2015","2015-06-30","14445859","14445921","Intrabudgetary Transactions","116256903.07"
"2015","2015-06-30","14445859","14445923","Total--Department of Education","14705545987.27"
"2015","2015-06-30","14445925","14445927","National Nuclear Security Administration:","null"
"2015","2015-04-30","13226046","13226049","Armed Forces Retirement Home","'-134.98"
"2015","2015-04-30","13226027","13226050","Environmental Protection Agency","'-32356.12"
"2015","2015-04-30","13226027","13226051","Office of Personnel Management:","null"
"2015","2015-05-31","null","13833081","Legislative Branch:","null"
"2015","2015-06-30","14445925","14445977","Total--Department of Energy","2278828827.27"
"2015","2015-06-30","14445979","14445981","Food and Drug Administration","304061285.30"
"2015","2015-06-30","14445979","14445983","Health Resources and Services Administration","815080776.44"
"2015","2015-05-31","null","13833415","Department of Defense--Military Programs:","null"
"2015","2015-06-30","null","14446930","National Science Foundation:","null"
"2015","2015-05-31","13833481","13833489","Defense Agencies","2765311.22"
"2015","2015-05-31","13833415","13833491","Revolving and Management Funds:","null"
"2015","2015-05-31","13833491","13833495","Department of the Navy","1874440.26"
"2015","2015-06-30","14446227","14446239","FHA-Mutual Mortgage and Cooperative Housing Insurance Fund, Liquidating Account","471619.29"
"2015","2015-06-30","14446227","14446243","FHA-General and Special Risk Fund, Program Account","null"
"2015","2015-05-31","13833695","13833701","Total--Federal Hospital Insurance Trust Fund","22579726445.65"
"2015","2015-05-31","13833900","13833935","Total--Federal Emergency Management Agency","596336224.88"
"2015","2015-05-31","13833846","13833941","Science and Technology","71699392.14"
"2015","2015-05-31","13834220","13834224","Bureau of Land Management:","null"
"2015","2015-06-30","14446322","14446435","Proprietary Receipts from the Public","'-326322109.65"
"2015","2015-06-30","14446322","14446438","Intrabudgetary Transactions","35102067.17"
"2015","2015-06-30","null","14446442","Department of Justice:","null"
"2015","2015-05-31","null","13834671","Executive Office of the President:","null"
"2015","2015-05-31","13834709","13834713","Total--Overseas Private Investment Corporation","'-20569488.50"
"2015","2015-05-31","13834686","13834714","Peace Corps","32843909.25"
"2015","2015-05-31","null","13834732","National Science Foundation:","null"
"2015","2015-06-30","14446964","14446968","Civil Service Retirement and Disability Fund:","null"
"2015","2015-06-30","14446968","14446972","Other","'-3644104.58"
"2015","2015-06-30","14446946","14446974","Total--Office of Personnel Management","5996564663.99"
"2015","2015-05-31","13834888","13834906","Corps of Engineers","'-16575906.53"
"2015","2015-06-30","14447224","14447225","Federal Employer Contributions","'-1180000000.00"
"2015","2015-06-30","14445729","14445731","Military Personnel:","null"
"2015","2015-06-30","14447186","14447272","Spectrum Auction Proceeds","'-18627803697.00"
"2015","2015-06-30","14446017","14446023","Medicare Prescription Drugs:","null"
"2015","2015-06-30","14445979","14446035","Administration for Children and Families:","null"
"2015","2015-06-30","null","14446322","Department of the Interior:","null"
"2015","2015-07-31","14973990","14973992","Grants to States for Medicaid","35260677013.57"
"2015","2015-06-30","14446548","14446551","Federal Aviation Administration:","null"
"2015","2015-07-31","14974124","14974253","Government National Mortgage Association:","null"
"2015","2015-06-30","14446630","14446654","Total--Internal Revenue Service","4745728341.99"
"2015","2015-06-30","14446591","14446656","Comptroller of the Currency","71533828.93"
"2015","2015-07-31","14974634","14974638","Energy Employees Occupational Illness Compensation Fund","101393375.59"
"2015","2015-07-31","14974634","14974640","Special Benefits for Disabled Coal Miners","9306997.93"
"2015","2015-07-31","14974634","14974642","Black Lung Disability Trust Fund","17558051.98"
"2015","2015-06-30","14446762","14446764","Military Retirement:","null"
"2015","2015-07-31","null","14974700","Department of Transportation:","null"
"2015","2015-06-30","14446842","14446844","Pakistan Counterinsurgency Capability Fund","null"
"2015","2015-06-30","14446842","14446846","Foreign Military Financing Program","124239200.92"
"2015","2015-06-30","14446842","14446848","Economic Support Fund","383240029.97"
"2015","2015-07-31","14974700","14974782","Offsetting Governmental Receipts","'-1808585.29"
"2015","2015-07-31","14974700","14974784","Total--Department of Transportation","7525607584.31"
"2015","2015-07-31","null","14974786","Department of the Treasury:","null"
"2015","2015-06-30","14447122","14447148","National Railroad Retirement Investment Trust:","null"
"2015","2015-06-30","14447234","14447245","Department of State:","null"
"2015","2015-07-31","14975026","14975030","Proprietary Receipts from the Public","'-35700051.80"
"2015","2015-07-31","14973722","14973815","Trust Funds:","null"
"2015","2015-07-31","14975169","14975173","Other","'-6700893.98"
"2015","2015-07-31","14974064","14974070","Payments for Tax and Other Credits:","null"
"2015","2015-07-31","14974078","14974090","U.S. Customs and Border Protection","996026136.68"
"2015","2015-07-31","14974078","14974092","United States Coast Guard","1062998877.83"
"2015","2015-07-31","14974124","14974197","Housing Programs:","null"
"2015","2015-09-30","15697888","15697915","Other","1449810.11"
"2015","2015-07-31","14974201","14974213","FHA-Mutual Mortgage and Cooperative Housing Insurance Fund, Liquidating Account","469411.37"
"2015","2015-07-31","14974197","14974233","Housing for the Elderly","57725859.35"
"2015","2015-07-31","14974197","14974237","Housing for Persons with Disabilities","14447047.34"
"2015","2015-09-30","15697840","15697993","Foreign Agricultural Service","72824315.34"
"2015","2015-09-30","15697840","15697999","Food and Nutrition Service:","null"
"2015","2015-09-30","15697999","15698005","Supplemental Nutrition Assistance Program","6296630119.28"
"2015","2015-09-30","15697999","15698012","Child Nutrition Programs","993849114.31"
"2015","2015-07-31","14974560","14974658","Proprietary Receipts from the Public","'-10066431.53"
"2015","2015-07-31","14974560","14974660","Intrabudgetary Transactions","'-6659605.20"
"2015","2015-07-31","14974664","14974666","Administration of Foreign Affairs:","null"
"2015","2015-09-30","15698100","15698101","Department of the Army","33718994.11"
"2015","2015-09-30","15698100","15698102","Department of the Navy","31190781.59"
"2015","2015-09-30","15698100","15698103","Department of the Air Force","60502776.21"
"2015","2015-09-30","15698067","15698105","Revolving and Management Funds:","null"
"2015","2015-07-31","14975109","14975128","Intrabudgetary Transactions:","null"
"2015","2015-03-31","12664114","12664146","Proprietary Receipts from the Public:","null"
"2015","2015-07-31","14975208","14975234","Total--Employer Share, Employee Retirement","'-6037622456.98"
"2015","2015-07-31","14975206","14975235","Interest Received by Trust Funds:","null"
"2015","2015-07-31","14975236","14975237","Judicial Survivors Annuity Fund","1243424.59"
"2015","2015-07-31","14975235","14975238","Department of Health and Human Services:","null"
"2015","2015-07-31","14975206","14975275","Total--Undistributed Offsetting Receipts","'-10645700144.35"
"2015","2015-07-31","null","14975276","Total Outlays","374680133580.53"
"2015","2015-09-30","null","15697840","Department of Agriculture:","null"
"2015","2015-09-30","15698741","15698761","Other","62737816.61"
"2015","2015-09-30","15698741","15698765","Total--Federal Transit Administration","1575337139.75"
"2015","2015-09-30","15698635","15698769","Maritime Administration","78262862.02"
"2015","2015-04-30","13224526","13224528","Military Personnel:","null"
"2015","2015-09-30","15698113","15698117","Defense Agencies","57253449.10"
"2015","2015-09-30","15698067","15698118","Proprietary Receipts from the Public:","null"
"2015","2015-09-30","15698118","15698119","Department of the Army","'-586505165.18"
"2015","2015-09-30","15699079","15699089","Total--Environmental Protection Agency","751269762.41"
"2015","2015-09-30","null","15699090","Executive Office of the President:","null"
"2015","2015-09-30","15699090","15699091","The White House","4299315.82"
"2015","2015-09-30","15699090","15699092","Office of Management and Budget","7464465.73"
"2015","2015-09-30","15698215","15698221","Medicare Prescription Drugs:","null"
"2015","2015-09-30","15698281","15698295","United States Coast Guard","890379182.43"
"2015","2015-09-30","15698281","15698297","National Protection and Programs Directorate","213738220.51"
"2015","2015-09-30","15698281","15698299","Federal Emergency Management Agency:","null"
"2015","2015-09-30","15698365","15698367","Credit Accounts:","null"
"2015","2015-09-30","15699210","15699212","Courts","26239498.11"
"2015","2015-09-30","15699210","15699213","General and Special Payments","61484022.35"
"2015","2015-09-30","15699205","15699215","Equal Employment Opportunity Commission","30570894.75"
"2015","2015-09-30","15699241","15699242","Off-Budget:","null"
"2015","2015-09-30","15698641","15698673","Other","'-8611057.19"
"2015","2015-09-30","15698641","15698677","Total--Federal Aviation Administration","1807659111.07"
"2015","2015-09-30","15698635","15698681","Federal Highway Administration:","null"
"2015","2015-09-30","15698685","15698689","Federal-Aid Highways","5580959827.69"
"2015","2015-04-30","13225662","13225664","Interest on Treasury Debt Securities (Gross):","null"
"2015","2015-09-30","15698827","15698871","Interest Paid to Credit Financing Accounts","8114979683.26"
"2015","2015-08-31","15336039","15336074","Animal and Plant Health Inspection Service","253220690.38"
"2015","2015-08-31","15336039","15336080","Food Safety and Inspection Service","109647132.69"
"2015","2015-08-31","15336039","15336086","Agricultural Marketing Service","67137627.13"
"2015","2015-08-31","15336039","15336092","Risk Management Agency:","null"
"2015","2015-08-31","15336092","15336098","Administrative and Operating Expenses","8298224.11"
"2015","2015-08-31","15336039","15336109","Farm Service Agency:","null"
"2015","2015-09-30","15698969","15698971","Interest on Treasury Debt Securities (Gross):","null"
"2015","2015-09-30","15699098","15699101","General Activities","24764225.74"
"2015","2015-08-31","15336362","15336370","Defense Agencies","23734117.29"
"2015","2015-08-31","15336520","15336536","Centers for Medicare and Medicaid Services:","null"
"2015","2015-08-31","null","15337205","Department of Veterans Affairs:","null"
"2015","2015-05-31","13833983","13834049","Community Planning and Development:","null"
"2015","2015-08-31","15336610","15336620","Other","1894710.15"
"2015","2015-08-31","15336520","15336622","Total--Department of Health and Human Services","70491132472.95"
"2015","2015-08-31","null","15336624","Department of Homeland Security:","null"
"2015","2015-08-31","15337214","15337215","Housing Accounts","'-1124350.20"
"2015","2015-08-31","15337213","15337217","Compensation and Pensions","723767704.62"
"2015","2015-08-31","15337213","15337218","Readjustment Benefits","735748523.62"
"2015","2015-08-31","15337213","15337220","Insurance Funds:","null"
"2015","2015-05-31","13834616","13834621","Readjustment Benefits","1065314951.70"
"2015","2015-08-31","15337179","15337187","Payment Where American Opportunity Tax Credit Exceeds Liability for Tax","18090010.99"
"2015","2015-08-31","15337179","15337189","Refunding Internal Revenue Collections, Interest","80144072.68"
"2015","2015-08-31","15337179","15337190","Other","76687068.45"
"2015","2015-08-31","15337179","15337191","Total--Internal Revenue Service","4624041569.03"
"2015","2015-08-31","15337150","15337194","Interest on the Public Debt:","null"
"2015","2015-08-31","15337205","15337213","Benefits Programs:","null"
"2015","2015-08-31","null","15337456","Undistributed Offsetting Receipts:","null"
"2015","2015-08-31","null","15337283","International Assistance Programs:","null"
"2015","2015-08-31","15337485","15337511","Social Security Administration:","null"
"2015","2015-08-31","15337424","15337431","Rail Industry Pension Fund:","null"
"2015","2015-06-30","null","14445462","Judicial Branch:","null"
"2015","2015-08-31","15337494","15337495","Unemployment Trust Fund","'-8316272.59"
"2015","2015-08-31","15337485","15337496","Department of State:","null"
"2015","2015-08-31","15337485","15337498","Department of Transportation:","null"
"2015","2015-05-31","13834508","13834537","Federal Railroad Administration:","null"
"2015","2015-06-30","null","14446591","Department of the Treasury:","null"
"2015","2015-03-31","12663962","12664022","Military Sales Program:","null"
"2015","2015-09-30","15698417","15698449","Fish and Wildlife and Parks:","null"
"2015","2015-08-31","15337359","15337375","Proprietary Receipts from the Public:","null"
"2015","2015-08-31","15337456","15337485","Interest Received by Trust Funds:","null"
"2015","2015-03-31","null","12662752","Department of Commerce:","null"
"2015","2015-03-31","12663279","12663388","Proprietary Receipts from the Public:","null"
"2015","2015-03-31","12664162","12664215","Railroad Retirement Board:","null"
"2015","2015-03-31","12664282","12664284","Other","'-1189585.49"
"2015","2015-04-30","13224928","13224966","Housing Programs:","null"
"2015","2015-04-30","13225542","13225550","Other","29999010.23"
"2015","2015-04-30","13225961","13225962","Off-Budget:","null"
"2015","2015-04-30","13226027","13226030","Department of Health and Human Services:","null"
"2015","2015-06-30","null","14446992","Social Security Administration:","null"
"2015","2015-07-31","14973974","14973990","Centers for Medicare and Medicaid Services:","null"
"2015","2015-04-30","13225584","13225598","Bureau of the Fiscal Service:","null"
"2015","2015-07-31","14974700","14974706","Federal Aviation Administration:","null"
"2015","2015-09-30","15698329","15698345","Other","11150373.37"
"2015","2015-09-30","null","15698417","Department of the Interior:","null"
"2015","2015-07-31","14973919","14973941","Energy Programs:","null"
"2015","2015-09-30","15698523","15698591","Other","28344291.64"
"2015","2015-09-30","15698991","15698995","Veterans Health Administration:","null"
"2015","2015-08-31","15337205","15337225","Departmental Administration:","null"
"2015","2015-03-31","12662776","12662910","Proprietary Receipts from the Public:","null"
"2015","2015-03-31","null","12663051","Department of Energy:","null"
"2015","2015-08-31","15337319","15337323","Cross Agency Support","208031632.94"
"2015","2015-08-31","15337319","15337324","Space Operations","263158572.17"
"2015","2015-03-31","null","12663866","Corps of Engineers:","null"
"2015","2015-03-31","12664162","12664210","Postal Service:","null"
"2015","2015-04-30","13225221","13225293","Office of Justice Programs:","null"
"2015","2015-04-30","13225700","13225702","Public Enterprise Funds:","null"
"2015","2015-04-30","13225925","13225930","District of Columbia:","null"
"2015","2015-05-31","13833983","13834097","Housing Programs:","null"
"2015","2015-03-31","12663279","12663377","Government National Mortgage Association:","null"
"2015","2015-03-31","12664287","12664288","Foreign Service Retirement and Disability Fund","'-95988.83"
"2015","2015-03-31","12664276","12664289","Department of Transportation:","null"
"2015","2015-03-31","12664289","12664290","Airport and Airway Trust Fund","'-4880905.86"
"2015","2015-05-31","13833415","13833517","Proprietary Receipts from the Public:","null"
"2015","2015-05-31","13833585","13833595","Federal Family Education Loans","'-36760782.19"
"2015","2015-05-31","13833667","13833804","Intrabudgetary Transactions:","null"
"2015","2015-05-31","13834638","13834639","Construction","188637958.70"
"2015","2015-05-31","13834638","13834640","Operation and Maintenance","148638723.61"
"2015","2015-09-30","15699307","15699308","Judicial Branch:","null"
"2015","2015-05-31","13834686","13834716","Military Sales Program:","null"
"2015","2015-07-31","14973499","14973569","Natural Resources Conservation Service:","null"
"2015","2015-07-31","14974197","14974201","Credit Accounts:","null"
"2015","2015-07-31","14975235","14975236","Judicial Branch:","null"
"2015","2015-03-31","null","12662444","Legislative Branch:","null"
"2015","2015-03-31","12663311","12663327","Homeless Assistance Grants","175097977.88"
"2015","2015-03-31","12663311","12663329","Other","5996460.17"
"2015","2015-03-31","12663311","12663333","Total--Community Planning and Development","907367113.01"
"2015","2015-03-31","null","12663464","Department of Justice:","null"
"2015","2015-03-31","12663510","12663548","Total--Employment and Training Administration","4266523635.13"
"2015","2015-03-31","12663508","12663550","Pension Benefit Guaranty Corporation","416504054.52"
"2015","2015-03-31","12663508","12663552","Employment Standards Administration","620.30"
"2015","2015-03-31","12663646","12663656","Other Programs","56714412.32"
"2015","2015-03-31","12663646","12663658","Total--Federal Highway Administration","2523816717.65"
"2015","2015-03-31","12663620","12663660","Federal Motor Carrier Safety Administration","43990664.21"
"2015","2015-03-31","12663620","12663662","National Highway Traffic Safety Administration","56761388.67"
"2015","2015-03-31","12663620","12663664","Federal Railroad Administration:","null"
"2015","2015-03-31","12663910","12663912","Science and Technology","78081402.15"
"2015","2015-03-31","12663910","12663914","Environmental Programs and Management","252722730.30"
"2015","2015-03-31","12663910","12663916","State and Tribal Assistance Grants","300682361.63"
"2015","2015-03-31","12663910","12663918","Payment to the Hazardous Substance Superfund","null"
"2015","2015-03-31","12663990","12663992","Development Assistance Program","196512372.48"
"2015","2015-03-31","12663990","12663994","Assistance for Europe, Eurasia and Central Asia","8574676.40"
"2015","2015-03-31","null","12664034","National Aeronautics and Space Administration:","null"
"2015","2015-03-31","12664068","12664076","Civil Service Retirement and Disability Fund","6800354342.37"
"2015","2015-03-31","12664068","12664078","Employees Life Insurance Fund","'-21043021.19"
"2015","2015-03-31","12664068","12664080","Employees and Retired Employees Health Benefits Fund","'-298544628.64"
"2015","2015-03-31","12664068","12664082","Other","20623701.49"
"2015","2015-03-31","12664068","12664084","Proprietary Receipts from the Public","'-1309349.71"
"2015","2015-03-31","12664068","12664086","Intrabudgetary Transactions:","null"
"2015","2015-03-31","null","12664162","Independent Agencies:","null"
"2015","2015-03-31","12664162","12664170","Corporation for Public Broadcasting","null"
"2015","2015-03-31","12664162","12664172","District of Columbia:","null"
"2015","2015-03-31","12664172","12664176","Courts","33110342.88"
"2015","2015-03-31","12664172","12664178","General and Special Payments","37678839.47"
"2015","2015-03-31","12664162","12664182","Equal Employment Opportunity Commission","28082286.74"
"2015","2015-03-31","12664186","12664187","Universal Service Fund","664137305.71"
"2015","2015-03-31","12664186","12664188","Spectrum Auction Program Account","5970.47"
"2015","2015-04-30","13224656","13224686","Office of Postsecondary Education:","null"
"2015","2015-04-30","13224833","13224840","Payments to States for Child Support Enforcement and Family Support Programs","296261352.03"
"2015","2015-04-30","13224833","13224842","Low Income Home Energy Assistance","284538175.88"
"2015","2015-04-30","13224928","13225046","Offsetting Governmental Receipts","'-982700.00"
"2015","2015-04-30","13224928","13225050","Total--Department of Housing and Urban Development","7301109936.88"
"2015","2015-04-30","null","13225054","Department of the Interior:","null"
"2015","2015-04-30","13225462","13225496","Total--Department of State","1747292316.16"
"2015","2015-04-30","13225498","13225500","Office of the Secretary","87421160.05"
"2015","2015-04-30","13225498","13225504","Federal Aviation Administration:","null"
"2015","2015-04-30","13225504","13225506","Operations","226558824.13"
"2015","2015-04-30","13225504","13225508","Airport and Airway Trust Fund:","null"
"2015","2015-04-30","13225508","13225510","Grants-In-Aid for Airports","198698489.68"
"2015","2015-04-30","13225600","13225604","Payment to the Resolution Funding Corporation","662323300.91"
"2015","2015-04-30","13225600","13225606","Financial Agent Services","65862857.44"
"2015","2015-04-30","13225600","13225608","Interest Paid to Credit Financing Accounts","null"
"2015","2015-04-30","13225600","13225610","Claims, Judgments, and Relief Acts","99553749.63"
"2015","2015-04-30","13225600","13225612","Other","151414449.51"
"2015","2015-04-30","13225772","13225774","Payment to Department of Defense Medicare-Eligible Retiree Health Care Fund","null"
"2015","2015-04-30","13225772","13225776","Department of Defense Medicare-Eligible Retiree Health Care Fund","1183713862.45"
"2015","2015-04-30","13225839","13225841","Assistance for Europe, Eurasia and Central Asia","8612353.62"
"2015","2015-04-30","13225839","13225842","International Disaster Assistance","247074739.59"
"2015","2015-04-30","13225871","13225872","Research and Related Activities","430470800.94"
"2015","2015-04-30","13225871","13225873","Education and Human Resources","74769910.08"
"2015","2015-04-30","13225871","13225874","Other","50754129.80"
"2015","2015-04-30","13225871","13225875","Proprietary Receipts from the Public","'-5326924.58"
"2015","2015-04-30","13225871","13225877","Total--National Science Foundation","550667916.24"
"2015","2015-04-30","13225893","13225894","Salaries and Expenses","41867479.89"
"2015","2015-04-30","null","13225901","Social Security Administration:","null"
"2015","2015-04-30","13225925","13225950","Federal Drug Control Programs","19341510.89"
"2015","2015-04-30","13225925","13225961","Postal Service:","null"
"2015","2015-04-30","13226010","13226012","Department of Defense Medicare-Eligible Retiree Health Care Fund","null"
"2015","2015-04-30","13226000","13226013","Office of Personnel Management:","null"
"2015","2015-05-31","13833160","13833190","Intrabudgetary Transactions","'-20484976.71"
"2015","2015-05-31","13833160","13833196","Total--Judicial Branch","539874097.38"
"2015","2015-05-31","13833357","13833365","Other","27971673.70"
"2015","2015-05-31","13833357","13833367","Total--Food and Nutrition Service","8807161621.86"
"2015","2015-05-31","13833202","13833369","Forest Service:","null"
"2015","2015-05-31","13833369","13833371","National Forest System","123419859.52"
"2015","2015-05-31","13833369","13833373","Capital Improvement and Maintenance","26785163.93"
"2015","2015-05-31","13833369","13833375","Wildland Fire Management","173487644.37"
"2015","2015-05-31","13833369","13833377","Forest Service Permanent Appropriations","217130460.21"
"2015","2015-05-31","13833369","13833379","Other","58412927.64"
"2015","2015-05-31","13833369","13833381","Total--Forest Service","599236055.67"
"2015","2015-05-31","13833202","13833387","Intrabudgetary Transactions","31499085.26"
"2015","2015-05-31","13833429","13833433","Department of the Navy","4475032129.37"
"2015","2015-05-31","13833429","13833435","Department of the Air Force","3878026141.92"
"2015","2015-05-31","13833547","13833557","Other","34469367.09"
"2015","2015-05-31","13833547","13833559","Total--Office of Elementary and Secondary Education","2157918720.10"
"2015","2015-05-31","13833545","13833561","Office of Innovation and Improvement","108851554.49"
"2015","2015-05-31","13833545","13833563","Office of English Language Acquisition","46368953.03"
"2015","2015-05-31","13833545","13833565","Office of Special Education and Rehabilitative Services:","null"
"2015","2015-05-31","13833565","13833567","Special Education","1153827647.49"
"2015","2015-05-31","13833565","13833569","Rehabilitation Services and Disability Research","242997636.22"
"2015","2015-05-31","13833565","13833571","Special Institutions for Persons with Disabilities","13759042.65"
"2015","2015-05-31","13833727","13833735","Contingency Fund","155973139.27"
"2015","2015-05-31","13833727","13833739","Payments to States for Child Support Enforcement and Family Support Programs","253275866.68"
"2015","2015-05-31","13833727","13833743","Low Income Home Energy Assistance","220485153.58"
"2015","2015-05-31","13833846","13833876","Immigration and Customs Enforcement","515512687.49"
"2015","2015-05-31","13833983","13834174","Government National Mortgage Association:","null"
"2015","2015-05-31","13834474","13834478","Educational and Cultural Exchange Programs","50989292.63"
"2015","2015-05-31","13834474","13834480","Embassy Security, Construction, and Maintenance","'-139124408.65"
"2015","2015-05-31","13834566","13834569","Financial Agent Services","68183717.08"
"2015","2015-05-31","13834582","13834584","Enforcement","362189001.01"
"2015","2015-05-31","13834582","13834585","Operations Support","316101781.25"
"2015","2015-05-31","13834582","13834586","Build America Bond Payments, Recovery Act","412124393.74"
"2015","2015-05-31","13834582","13834587","Refundable Premium Tax Credits and Cost Sharing Reductions","2144040581.73"
"2015","2015-05-31","13834582","13834588","Payment Where Earned Income Credit Exceeds Liability for Tax","1028032910.23"
"2015","2015-05-31","13834582","13834589","Payment Where Child Tax Credit Exceeds Liability for Tax","362599220.10"
"2015","2015-05-31","13834582","13834590","Payment Where American Opportunity Tax Credit Exceeds Liability for Tax","94973531.19"
"2015","2015-05-31","13834610","13834615","Other","58426066.53"
"2015","2015-05-31","13834616","13834617","Public Enterprise Funds:","null"
"2015","2015-05-31","13834617","13834618","Housing Accounts","'-1453470.98"
"2015","2015-05-31","null","13834638","Corps of Engineers:","null"
"2015","2015-05-31","13834648","13834657","Proprietary Receipts from the Public","'-1702564.42"
"2015","2015-05-31","13834648","13834658","Intrabudgetary Transactions","'-1097006161.16"
"2015","2015-05-31","13834648","13834659","Total--Other Defense Civil Programs","4457038798.39"
"2015","2015-05-31","13834700","13834702","Assistance for Europe, Eurasia and Central Asia","6767788.66"
"2015","2015-05-31","13834700","13834705","Other","81130829.96"
"2015","2015-05-31","13834762","13834781","Intrabudgetary Transactions:","null"
"2015","2015-05-31","13834888","13834889","Judicial Branch:","null"
"2015","2015-06-30","14445672","14445688","Forest Service Permanent Appropriations","17253179.50"
"2015","2015-06-30","14445672","14445693","Other","44036141.23"
"2015","2015-06-30","14445672","14445695","Total--Forest Service","407124962.94"
"2015","2015-06-30","14445490","14445697","Other","229588128.33"
"2015","2015-06-30","14445490","14445699","Proprietary Receipts from the Public","'-94144198.32"
"2015","2015-06-30","14445705","14445717","National Telecommunications and Information Administration","20976032.67"
"2015","2015-06-30","14445729","14445783","Military Construction:","null"
"2015","2015-06-30","14445979","14445995","Centers for Medicare and Medicaid Services:","null"
"2015","2015-06-30","14445979","14446062","Administration for Community Living","137478637.82"
"2015","2015-06-30","14445979","14446064","Departmental Management","220972641.99"
"2015","2015-06-30","14446322","14446407","Departmental Offices:","null"
"2015","2015-06-30","14446488","14446490","Training and Employment Services","301566645.09"
"2015","2015-06-30","14446488","14446492","Office of Job Corps","119131004.46"
"2015","2015-06-30","14446488","14446494","Community Service Employment for Older Americans","42592014.66"
"2015","2015-06-30","14446488","14446496","Federal Unemployment Benefits and Allowances","35645313.36"
"2015","2015-06-30","14446488","14446498","Federal Additional Unemployment Compensation Program-Recovery Act","'-3518730.85"
"2015","2015-06-30","14446488","14446499","State Unemployment Insurance and Employment Service Operations","40992333.14"
"2015","2015-06-30","14446488","14446500","Payments to the Unemployment Trust Fund","null"
"2015","2015-06-30","14446548","14446569","National Highway Traffic Safety Administration","80655377.74"
"2015","2015-06-30","14446548","14446570","Federal Railroad Administration:","null"
"2015","2015-06-30","14446570","14446571","Operating Subsidy Grants to the National Railroad Passenger Corporation","62500000.00"
"2015","2015-07-31","14973853","14973873","Office of Special Education and Rehabilitative Services:","null"
"2015","2015-06-30","14446548","14446576","Federal Transit Administration:","null"
"2015","2015-06-30","14446700","14446704","Other","4254997.23"
"2015","2015-06-30","14446698","14446706","Compensation and Pensions","6407636139.75"
"2015","2015-06-30","14446992","14447024","Proprietary Receipts from the Public:","null"
"2015","2015-07-31","null","14973373","Legislative Branch:","null"
"2015","2015-07-31","14973373","14973377","Senate","69361832.70"
"2015","2015-07-31","14974064","14974066","Payments for Health Insurance for the Aged:","null"
"2015","2015-07-31","14973499","14973582","Rural Development","54611569.87"
"2015","2015-07-31","14973586","14973588","Rural Housing Insurance Fund","'-32282654.80"
"2015","2015-07-31","14973586","14973592","Rental Assistance Program","98018437.81"
"2015","2015-07-31","14973586","14973594","Other","10631505.92"
"2015","2015-07-31","14973499","14973598","Rural Utilities Service:","null"
"2015","2015-07-31","14973678","14973710","Intrabudgetary Transactions","291169.93"
"2015","2015-07-31","14973678","14973714","Offsetting Governmental Receipts","'-366885.39"
"2015","2015-07-31","14973678","14973718","Total--Department of Commerce","616834762.25"
"2015","2015-07-31","14973724","14973726","Department of the Army","6196858991.74"
"2015","2015-07-31","14973724","14973728","Department of the Navy","5397215913.44"
"2015","2015-07-31","14973724","14973730","Department of the Air Force","3668361104.73"
"2015","2015-07-31","14973722","14973777","Military Construction:","null"
"2015","2015-07-31","14973974","14973976","Food and Drug Administration","282277628.07"
"2015","2015-07-31","14973974","14973978","Health Resources and Services Administration","738412197.72"
"2015","2015-07-31","14974070","14974072","Federal Hospital Insurance Trust Fund","'-25492346.10"
"2015","2015-07-31","14974064","14974074","Other","'-24967454.51"
"2015","2015-07-31","14973974","14974076","Total--Department of Health and Human Services","119939177354.37"
"2015","2015-07-31","null","14974078","Department of Homeland Security:","null"
"2015","2015-07-31","14974078","14974080","Departmental Management and Operations","110792841.95"
"2015","2015-07-31","14974078","14974082","Citizenship and Immigration Services","275381740.44"
"2015","2015-07-31","14974078","14974084","United States Secret Service","125576981.95"
"2015","2015-07-31","14974367","14974379","National Park Service","266704649.75"
"2015","2015-07-31","14974367","14974385","Total--Fish and Wildlife and Parks","511013575.64"
"2015","2015-07-31","14974298","14974391","Bureau of Indian Affairs and Bureau of Indian Education","293727611.75"
"2015","2015-07-31","14974608","14974612","State Unemployment Benefits","1862830357.84"
"2015","2015-07-31","14974604","14974616","State Administrative Expenses","222000000.00"
"2015","2015-07-31","14974604","14974618","Federal Administrative Expenses","23892386.91"
"2015","2015-07-31","14974604","14974622","Other","148641.79"
"2015","2015-07-31","14974604","14974624","Total--Unemployment Trust Fund","2108871386.54"
"2015","2015-07-31","14974834","14974838","Internal Revenue Collections for Puerto Rico","31895284.33"
"2015","2015-07-31","14974786","14974840","Bureau of Engraving and Printing","'-5453489.31"
"2015","2015-07-31","14975033","14975035","International Security Assistance:","null"
"2015","2015-07-31","14975035","14975036","Pakistan Counterinsurgency Capability Fund","null"
"2015","2015-07-31","14975035","14975037","Foreign Military Financing Program","124344816.18"
"2015","2015-07-31","14975133","14975137","Corporation for Public Broadcasting","null"
"2015","2015-07-31","14975138","14975140","Courts","30399450.97"
"2015","2015-09-30","15698067","15698082","Procurement:","null"
"2015","2015-09-30","15698094","15698095","Department of the Army","'-85993938.27"
"2015","2015-09-30","15698094","15698096","Department of the Navy","147752328.96"
"2015","2015-09-30","15698166","15698167","Naval Reactors","137637842.75"
"2015","2015-09-30","15698166","15698168","Weapons Activities","690107208.62"
"2015","2015-09-30","15698367","15698369","FHA-Mutual Mortgage Insurance Fund, Program Account","14011339.07"
"2015","2015-09-30","15698367","15698371","FHA-Mutual Mortgage Insurance Capital Reserve Account","'-1218438246.05"
"2015","2015-09-30","15698367","15698373","FHA-Mutual Mortgage and Cooperative Housing Insurance Fund, Liquidating Account","23976.71"
"2015","2015-09-30","15698367","15698375","FHA-General and Special Risk Fund, Program Account","null"
"2015","2015-09-30","15698417","15698433","Water and Science:","null"
"2015","2015-09-30","15698681","15698685","Highway Trust Fund:","null"
"2015","2015-09-30","null","15698991","Department of Veterans Affairs:","null"
"2015","2015-09-30","15699067","15699077","Intrabudgetary Transactions","'-46603097.72"
"2015","2015-09-30","15699067","15699078","Total--Other Defense Civil Programs","5404430852.51"
"2015","2015-09-30","null","15699079","Environmental Protection Agency:","null"
"2015","2015-09-30","15699079","15699080","Science and Technology","57024457.38"
"2015","2015-09-30","15699105","15699114","Multilateral Assistance:","null"
"2015","2015-09-30","15699141","15699146","Space Operations","442526436.80"
"2015","2015-09-30","15699141","15699147","Other","123794822.69"
"2015","2015-09-30","15699141","15699148","Proprietary Receipts from the Public","'-630652.44"
"2015","2015-09-30","15699141","15699149","Intrabudgetary Transactions","'-962996.92"
"2015","2015-09-30","15699141","15699150","Total--National Aeronautics and Space Administration","1755723280.23"
"2015","2015-09-30","null","15699181","Social Security Administration:","null"
"2015","2015-05-31","13834786","13834827","Railroad Retirement Board:","null"
"2015","2015-09-30","15699205","15699239","National Labor Relations Board","21442272.44"
"2015","2015-09-30","15699246","15699248","Federal Payments to the Railroad Retirement Accounts","420346.55"
"2015","2015-09-30","15699246","15699249","Railroad Unemployment Insurance Trust Fund:","null"
"2015","2015-09-30","15699249","15699250","Benefit Payments","9894548.31"
"2015","2015-09-30","15699249","15699251","Transfer To Administrative Funds","2388789.00"
"2015","2015-09-30","15699246","15699253","Rail Industry Pension Fund:","null"
"2015","2015-09-30","15699253","15699254","Benefit Payments","261090497.09"
"2015","2015-08-31","null","15335952","Legislative Branch:","null"
"2015","2015-08-31","15336212","15336220","Total--Food and Nutrition Service","7624797812.17"
"2015","2015-08-31","15336039","15336223","Forest Service:","null"
"2015","2015-06-30","14445729","14445795","Family Housing:","null"
"2015","2015-08-31","15336312","15336320","Defense Agencies","1335454446.12"
"2015","2015-08-31","15336312","15336322","Total--Research, Development, Test, and Evaluation","4317858871.54"
"2015","2015-08-31","15336270","15336324","Military Construction:","null"
"2015","2015-08-31","15336324","15336326","Department of the Army","156264349.12"
"2015","2015-08-31","15336324","15336328","Department of the Navy","136797454.96"
"2015","2015-08-31","15336354","15336358","Other","'-80117006.77"
"2015","2015-08-31","15336270","15336360","Allowances","17699815.84"
"2015","2015-08-31","15336270","15336362","Trust Funds:","null"
"2015","2015-08-31","15336362","15336364","Department of the Army","431038.35"
"2015","2015-08-31","15336362","15336366","Department of the Navy","1725097.25"
"2015","2015-08-31","15336362","15336368","Department of the Air Force","6232640.79"
"2015","2015-08-31","15336270","15336372","Proprietary Receipts from the Public:","null"
"2015","2015-08-31","15336400","15336420","Office of Special Education and Rehabilitative Services:","null"
"2015","2015-08-31","15336420","15336422","Special Education","849787940.88"
"2015","2015-08-31","15336576","15336598","Other","18714444.23"
"2015","2015-08-31","15336576","15336600","Total--Administration for Children and Families","4516599414.08"
"2015","2015-08-31","15336520","15336602","Administration for Community Living","130173145.21"
"2015","2015-08-31","15336610","15336612","Payments for Health Insurance for the Aged:","null"
"2015","2015-08-31","15336874","15336902","Total--Water and Science","141858794.28"
"2015","2015-08-31","15336842","15336906","Fish and Wildlife and Parks:","null"
"2015","2015-08-31","15336906","15336910","United States Fish and Wildlife Service","189881029.55"
"2015","2015-08-31","15336906","15336914","National Park Service","265225354.57"
"2015","2015-08-31","15336906","15336918","Total--Fish and Wildlife and Parks","455106384.12"
"2015","2015-08-31","15336842","15336926","Departmental Offices:","null"
"2015","2015-08-31","15337024","15337081","Occupational Safety and Health Administration","45216392.82"
"2015","2015-08-31","15337024","15337082","Mine Safety and Health Administration","33873241.40"
"2015","2015-08-31","15337378","15337381","Off-Budget","'-16396010.30"
"2015","2015-08-31","15337359","15337382","Total--Social Security Administration","74994319403.60"
"2015","2015-08-31","15337383","15337387","Corporation for Public Broadcasting","null"
"2015","2015-03-31","12663584","12663602","International Organizations and Conferences","1800848.35"
"2015","2015-03-31","null","12664054","National Science Foundation:","null"
"2015","2015-03-31","12663620","12663696","Intrabudgetary Transactions:","null"
"2015","2015-03-31","12664237","12664240","Other","'-152343413.70"
"2015","2015-03-31","12664215","12664241","Total--Railroad Retirement Board","214185297.54"
"2015","2015-03-31","12664247","12664276","Interest Received by Trust Funds:","null"
"2015","2015-04-30","13224330","13224342","National Institute of Food and Agriculture:","null"
"2015","2015-04-30","13224928","13224930","Public and Indian Housing Programs:","null"
"2015","2015-04-30","13224526","13224552","International Reconstruction and Other Assistance:","null"
"2015","2015-04-30","13225508","13225516","Trust Fund Share of FAA Operations","500000000.00"
"2015","2015-04-30","13225508","13225518","Total--Airport and Airway Trust Fund","916618483.40"
"2015","2015-04-30","13225504","13225520","Other","19619982.99"
"2015","2015-04-30","13225684","13225700","Benefits Programs:","null"
"2015","2015-05-31","13834861","13834868","Department of State:","null"
"2015","2015-05-31","13834686","13834687","Millennium Challenge Corporation","55067205.95"
"2015","2015-05-31","13834688","13834689","Pakistan Counterinsurgency Capability Fund","null"
"2015","2015-05-31","13834686","13834700","Agency for International Development:","null"
"2015","2015-06-30","null","14446682","Department of Veterans Affairs:","null"
"2015","2015-07-31","null","14973919","Department of Energy:","null"
"2015","2015-07-31","null","14975026","General Services Administration:","null"
"2015","2015-09-30","15698132","15698147","Office of Postsecondary Education:","null"
"2015","2015-07-31","14975174","14975181","Rail Industry Pension Fund:","null"
"2015","2015-09-30","15698281","15698325","Total--Department of Homeland Security","3811204620.33"
"2015","2015-09-30","15698329","15698331","Tenant Based Rental Assistance","1591524166.00"
"2015","2015-09-30","null","15698799","Department of the Treasury:","null"
"2015","2015-09-30","15699296","15699300","Federal Disability Insurance Trust Fund:","null"
"2015","2015-09-30","15698635","15698717","Federal Railroad Administration:","null"
"2015","2015-08-31","15336246","15336262","Proprietary Receipts from the Public","'-5147734.58"
"2015","2015-08-31","15337345","15337347","Civil Service Retirement and Disability Fund:","null"
"2015","2015-08-31","15336842","15336954","Proprietary Receipts from the Public","'-541151483.21"
"2015","2015-08-31","15336842","15336958","Intrabudgetary Transactions","'-78004223.37"
"2015","2015-08-31","15336966","15337004","Office of Justice Programs:","null"
"2015","2015-08-31","15337024","15337088","Total--Department of Labor","3848365808.71"
"2015","2015-08-31","15337089","15337090","Administration of Foreign Affairs:","null"
"2015","2015-08-31","15337090","15337091","Diplomatic and Consular Programs","490714536.10"
"2015","2015-08-31","15337107","15337127","Federal Motor Carrier Safety Administration","40985269.44"
"2015","2015-08-31","15337107","15337128","National Highway Traffic Safety Administration","85053086.73"
"2015","2015-08-31","15337107","15337135","Federal Transit Administration:","null"
"2015","2015-08-31","15337283","15337306","Overseas Private Investment Corporation:","null"
"2015","2015-08-31","15337351","15337353","Business Loans Program","3756390.75"
"2015","2015-08-31","15337351","15337354","Disaster Loans Program","2513418.30"
"2015","2015-08-31","15337351","15337355","Other","19343032.13"
"2015","2015-08-31","15337351","15337356","Proprietary Receipts from the Public","'-6184518.89"
"2015","2015-04-30","13224330","13224426","Natural Resources Conservation Service:","null"
"2015","2015-04-30","13225825","13225855","Military Sales Program:","null"
"2015","2015-06-30","14445729","14445821","Trust Funds:","null"
"2015","2015-09-30","15698165","15698176","Energy Programs:","null"
"2015","2015-08-31","null","15337336","Office of Personnel Management:","null"
"2015","2015-06-30","14446992","14447030","Intrabudgetary Transactions:","null"
"2015","2015-05-31","13833635","13833645","Uranium Enrichment Decontamination and Decommissioning Fund","38259554.53"
"2015","2015-09-30","15699007","15699009","Public Enterprise Funds:","null"
"2015","2015-03-31","12662542","12662717","Forest Service:","null"
"2015","2015-03-31","12662776","12662806","Procurement:","null"
"2015","2015-03-31","12663163","12663179","Social Services Block Grant","186097962.55"
"2015","2015-03-31","12663163","12663181","Children and Families Services Programs","852717484.03"
"2015","2015-03-31","12664098","12664104","Disaster Loans Program","1832566.25"
"2015","2015-03-31","12664098","12664106","Other","14496369.05"
"2015","2015-05-31","null","13833667","Department of Health and Human Services:","null"
"2015","2015-05-31","null","13834608","Department of Veterans Affairs:","null"
"2015","2015-05-31","null","13834686","International Assistance Programs:","null"
"2015","2015-06-30","14445490","14445527","Risk Management Agency:","null"
"2015","2015-06-30","null","14445979","Department of Health and Human Services:","null"
"2015","2015-07-31","null","14973499","Department of Agriculture:","null"
"2015","2015-07-31","14974700","14974726","Federal Highway Administration:","null"
"2015","2015-07-31","null","14974976","Other Defense Civil Programs:","null"
"2015","2015-09-30","null","15698479","Department of Justice:","null"
"2015","2015-03-31","12663279","12663335","Housing Programs:","null"
"2015","2015-03-31","12663418","12663430","Bureau of Mines","7580.25"
"2015","2015-03-31","12664120","12664124","Administrative Expenses","248451358.10"
"2015","2015-03-31","12664120","12664130","Total--Federal Old-Age and Survivors Insurance Trust Fund (Off-Budget)","61653099365.29"
"2015","2015-03-31","12664114","12664132","Federal Disability Insurance Trust Fund (Off-Budget):","null"
"2015","2015-03-31","12664162","12664186","Federal Communications Commission:","null"
"2015","2015-06-30","14445648","14445656","Child Nutrition Programs","2124808125.51"
"2015","2015-06-30","14445648","14445660","Special Supplemental Nutrition Program for Women, Infants, and Children (WIC)","563652819.44"
"2015","2015-06-30","14445648","14445668","Total--Food and Nutrition Service","9123324203.60"
"2015","2015-06-30","14445705","14445725","Offsetting Governmental Receipts","'-132099.52"
"2015","2015-06-30","14445705","14445727","Total--Department of Commerce","777841847.21"
"2015","2015-06-30","14446838","14446898","Military Sales Program:","null"
"2015","2015-03-31","12664132","12664136","Administrative Expenses","255705695.85"
"2015","2015-03-31","12664132","12664142","Total--Federal Disability Insurance Trust Fund (Off-Budget)","12237733319.70"
"2015","2015-03-31","12664114","12664144","Other","16602465.66"
"2015","2015-03-31","12664146","12664148","On-Budget","'-218508202.69"
"2015","2015-06-30","14446910","14446928","Total--National Aeronautics and Space Administration","1937111627.31"
"2015","2015-04-30","13225498","13225572","Proprietary Receipts from the Public","'-6778302.80"
"2015","2015-04-30","13225498","13225574","Intrabudgetary Transactions:","null"
"2015","2015-04-30","13225574","13225576","Payment from the General Fund, Highway Trust Fund","null"
"2015","2015-04-30","13225574","13225578","Other","'-19919.17"
"2015","2015-07-31","14975235","14975259","Office of Personnel Management:","null"
"2015","2015-05-31","13834608","13834610","Veterans Health Administration:","null"
"2015","2015-05-31","13834786","13834811","Federal Drug Control Programs","17408448.12"
"2015","2015-05-31","13834786","13834812","Federal Housing Finance Agency","17861367.32"
"2015","2015-09-30","15698147","15698148","Higher Education","211361751.84"
"2015","2015-05-31","13834929","13834930","Total On-Budget","223306049027.85"
"2015","2015-05-31","13834929","13834931","Total Off-Budget","71465056808.88"
"2015","2015-05-31","13834932","13834933","Total On-Budget","'-72283221610.16"
"2015","2015-06-30","null","14445371","Legislative Branch:","null"
"2015","2015-09-30","15698165","15698186","Power Marketing Administration","255870370.24"
"2015","2015-09-30","null","15698281","Department of Homeland Security:","null"
"2015","2015-06-30","14446442","14446446","Legal Activities and U.S. Marshals:","null"
"2015","2015-06-30","14446446","14446448","General Legal Activities","93732815.64"
"2015","2015-06-30","null","14446976","Small Business Administration:","null"
"2015","2015-07-31","14974976","14974984","Retiree Health Care:","null"
"2015","2015-09-30","15697840","15698044","Other","39235103.07"
"2015","2015-09-30","15699205","15699275","Tennessee Valley Authority","'-210033843.89"
"2015","2015-09-30","15699205","15699276","Other","176700563.21"
"2015","2015-09-30","15699205","15699277","Total--Independent Agencies","223710642.88"
"2015","2015-09-30","null","15699278","Undistributed Offsetting Receipts:","null"
"2015","2015-09-30","15697840","15698046","Proprietary Receipts from the Public","'-1102539755.10"
"2015","2015-08-31","15337306","15337308","Proprietary Receipts from the Public","'-602654625.18"
"2015","2015-08-31","15337306","15337310","Total--Overseas Private Investment Corporation","'-255467844.32"
"2015","2015-08-31","15337283","15337311","Peace Corps","35556172.71"
"2015","2015-08-31","15337283","15337312","International Monetary Programs","'-79970250.65"
"2015","2015-08-31","15337474","15337475","Federal Old-Age and Survivors Insurance Trust Fund:","null"
"2015","2015-09-30","15697840","15698048","Intrabudgetary Transactions","'-29583513.26"
"2015","2015-09-30","15698105","15698107","Department of the Navy","25390239.39"
"2015","2015-09-30","15698105","15698109","Defense Agencies:","null"
"2015","2015-09-30","15698113","15698116","Department of the Air Force","2809271.97"
"2015","2015-09-30","15698118","15698121","Department of the Air Force","'-45356337.68"
"2015","2015-09-30","15698118","15698122","Defense Agencies","31629432.85"
"2015","2015-03-31","12662776","12662930","Intrabudgetary Transactions:","null"
"2015","2015-03-31","null","12662966","Department of Education:","null"
"2015","2015-03-31","12663279","12663311","Community Planning and Development:","null"
"2015","2015-03-31","12663404","12663406","Bureau of Land Management:","null"
"2015","2015-03-31","12663406","12663408","Management of Lands and Resources","100010438.72"
"2015","2015-03-31","12663406","12663410","Other","30984278.42"
"2015","2015-03-31","12663404","12663412","Bureau of Ocean Energy Management","6994984.86"
"2015","2015-03-31","12663404","12663414","Office of Surface Mining Reclamation and Enforcement","29955515.87"
"2015","2015-03-31","12663706","12663784","Interest on the Public Debt:","null"
"2015","2015-03-31","12663784","12663786","Interest on Treasury Debt Securities (Gross):","null"
"2015","2015-03-31","12663786","12663788","Public Issues (Accrual Basis)","16340596073.83"
"2015","2015-03-31","12663786","12663790","Special Issues (Cash Basis)","'-2451909245.47"
"2015","2015-03-31","12663786","12663792","Total--Interest on Treasury Debt Securities (Gross)","13888686828.36"
"2015","2015-03-31","null","12664068","Office of Personnel Management:","null"
"2015","2015-04-30","13224526","13224628","Proprietary Receipts from the Public:","null"
"2015","2015-04-30","13224628","13224630","Department of the Army","'-62389614.00"
"2015","2015-04-30","13224628","13224634","Department of the Air Force","'-39106298.29"
"2015","2015-04-30","13224628","13224636","Defense Agencies","'-28905872.11"
"2015","2015-04-30","13224526","13224638","Intrabudgetary Transactions:","null"
"2015","2015-04-30","13224426","13224428","Conservation Operations","62382745.85"
"2015","2015-06-30","14446838","14446894","Peace Corps","19776637.01"
"2015","2015-03-31","12664276","12664302","Social Security Administration:","null"
"2015","2015-04-30","null","13225878","Office of Personnel Management:","null"
"2015","2015-05-31","13833415","13833445","Procurement:","null"
"2015","2015-06-30","14447190","14447210","Other Defense Civil Programs:","null"
"2015","2015-07-31","null","14973463","Judicial Branch:","null"
"2015","2015-07-31","14974726","14974728","Highway Trust Fund:","null"
"2015","2015-09-30","15697840","15697848","National Institute of Food and Agriculture:","null"
"2015","2015-03-31","12663145","12663151","Medicare Prescription Drugs:","null"
"2015","2015-03-31","null","12663508","Department of Labor:","null"
"2015","2015-03-31","12664249","12664265","Social Security Administration:","null"
"2015","2015-04-30","13224526","13224540","Operation and Maintenance:","null"
"2015","2015-04-30","13225054","13225086","Water and Science:","null"
"2015","2015-04-30","13225233","13225263","Other","161414713.56"
"2015","2015-05-31","13834739","13834748","Intrabudgetary Transactions:","null"
"2015","2015-06-30","14445729","14445759","Procurement:","null"
"2015","2015-07-31","14973499","14973533","Risk Management Agency:","null"
"2015","2015-07-31","14973853","14973891","Office of Federal Student Aid:","null"
"2015","2015-07-31","14974078","14974096","Federal Emergency Management Agency:","null"
"2015","2015-09-30","null","15698599","Department of State:","null"
"2015","2015-08-31","15337205","15337207","Veterans Health Administration:","null"
"2015","2015-03-31","12663197","12663203","Payments for Tax and Other Credits:","null"
"2015","2015-03-31","12663402","12663404","Land and Minerals Management:","null"
"2015","2015-04-30","null","13224656","Department of Education:","null"
"2015","2015-04-30","13224928","13224950","Community Planning and Development:","null"
"2015","2015-04-30","null","13225221","Department of Justice:","null"
"2015","2015-05-31","13833804","13833822","Payments for Tax and Other Credits:","null"
"2015","2015-06-30","14446486","14446515","Office of Workers' Compensation Programs:","null"
"2015","2015-09-30","null","15697762","Legislative Branch:","null"
"2015","2015-07-31","14975133","14975169","Postal Service:","null"
"2015","2015-09-30","null","15698132","Department of Education:","null"
"2015","2015-08-31","null","15336246","Department of Commerce:","null"
"2015","2015-08-31","null","15336520","Department of Health and Human Services:","null"
"2016","2015-11-30","17064061","17064064","National Nuclear Security Administration:","null"
"2016","2015-10-31","16515609","16515690","Office of Workers' Compensation Programs:","null"
"2016","2015-10-31","16515826","16515827","Interest on Treasury Debt Securities (Gross):","null"
"2016","2015-10-31","16515968","16515977","Intrabudgetary Transactions:","null"
"2016","2015-11-30","17063937","17063970","Family Housing:","null"
"2016","2015-10-31","16515782","16515789","Bureau of the Fiscal Service:","null"
"2016","2015-11-30","17065396","17065437","Railroad Retirement Board:","null"
"2016","2015-11-30","17065471","17065496","Other","'-91410.95"
"2016","2015-11-30","17063937","17063964","Military Construction:","null"
"2016","2016-01-31","18095671","18095675","Administrative Expenses","14400963.00"
"2016","2015-11-30","17063705","17063723","Other","31091510.19"
"2016","2016-01-31","18095867","18095911","Departmental Offices:","null"
"2016","2016-01-31","18096428","18096489","Military Sales Program:","null"
"2016","2016-01-31","null","18096560","Small Business Administration:","null"
"2016","2015-11-30","17064206","17064212","Payments for Tax and Other Credits:","null"
"2016","2015-12-31","null","17620069","Department of Agriculture:","null"
"2016","2016-01-31","18096357","18096364","Retiree Health Care:","null"
"2016","2015-12-31","17620423","17620451","Administration for Children and Families:","null"
"2016","2015-12-31","17620684","17620708","Office of Justice Programs:","null"
"2016","2015-12-31","17621484","17621488","Other","null"
"2016","2016-02-29","18412355","18412377","Other","35230528.46"
"2016","2016-02-29","18412925","18412960","Internal Revenue Service:","null"
"2016","2015-12-31","17621448","17621464","Federal Deposit Insurance Corporation:","null"
"2016","2016-02-29","18413364","18413388","Federal Communications Commission:","null"
"2016","2015-12-31","null","17621401","Office of Personnel Management:","null"
"2016","2016-03-31","19203708","19203718","Joint Items","1236319.21"
"2016","2016-03-31","19204902","19204914","Airport and Airway Trust Fund:","null"
"2016","2016-03-31","19205091","19205105","Bureau of the Fiscal Service:","null"
"2016","2016-02-29","null","18413299","Small Business Administration:","null"
"2016","2016-03-31","19203771","19203975","Forest Service:","null"
"2016","2016-03-31","19203998","19203999","Military Personnel:","null"
"2016","2016-03-31","null","19204106","Department of Energy:","null"
"2016","2016-04-30","19542341","19542351","Office of Special Education and Rehabilitative Services:","null"
"2016","2016-03-31","19204962","19204968","Highway Trust Fund:","null"
"2016","2016-04-30","19542521","19542529","Water and Science:","null"
"2016","2016-04-30","19542623","19542635","Other","'-2642960.50"
"2016","2016-04-30","19542831","19542833","Interest on Treasury Debt Securities (Gross):","null"
"2016","2016-04-30","19543208","19543232","Federal Communications Commission:","null"
"2016","2016-06-30","20515338","20515339","National Nuclear Security Administration:","null"
"2016","2016-06-30","20515417","20515426","Federal Emergency Management Agency:","null"
"2016","2016-05-31","null","20141816","Department of State:","null"
"2016","2016-05-31","20142215","20142224","Intrabudgetary Transactions:","null"
"2016","2016-05-31","20142262","20142303","Railroad Retirement Board:","null"
"2016","2016-05-31","20142051","20142091","Departmental Administration:","null"
"2016","2016-08-31","21831123","21831127","Defense Agencies","null"
"2016","2016-08-31","21831122","21831160","Revolving and Management Funds:","null"
"2016","2016-05-31","20142262","20142266","Corporation for Public Broadcasting","null"
"2016","2016-07-31","21287321","21287359","Revolving and Management Funds:","null"
"2016","2016-08-31","null","21831515","Department of Justice:","null"
"2016","2016-07-31","21287491","21287492","Payments for Health Insurance for the Aged:","null"
"2016","2016-07-31","21287526","21287594","Government National Mortgage Association:","null"
"2016","2016-07-31","21287730","21287734","Office of Job Corps","118724088.53"
"2016","2016-07-31","21287846","21287850","Airport and Airway Trust Fund:","null"
"2016","2016-07-31","21287840","21287916","Intrabudgetary Transactions:","null"
"2016","2016-07-31","21288385","21288410","Intrabudgetary Transactions","'-9840.06"
"2016","2016-07-31","21288617","21288649","Federal Deposit Insurance Corporation:","null"
"2016","2016-09-30","22474013","22474017","Other","22935417.21"
"2016","2016-08-31","21831868","21831900","Benefits Programs:","null"
"2016","2016-07-31","21288823","21288881","Independent Agencies:","null"
"2016","2016-09-30","null","22475036","Corps of Engineers:","null"
"2016","2016-09-30","22475166","22475167","General Fund Contributions","'-36664016634.00"
"2016","2016-09-30","22475202","22475218","Federal Deposit Insurance Corporation:","null"
"2016","2016-09-30","22475275","22475276","Other Interest","null"
"2016","2016-09-30","null","22475138","National Aeronautics and Space Administration:","null"
"2016","2016-09-30","22475202","22475238","Postal Service:","null"
"2016","2016-09-30","22475277","22475284","Department of State:","null"
"2016","2016-06-30","20515214","20515244","Procurement:","null"
"2016","2015-10-31","null","16515027","Department of Homeland Security:","null"
"2016","2015-10-31","16514272","16514274","Senate","87302927.61"
"2016","2015-10-31","16514272","16514279","House of Representatives","104621721.93"
"2016","2015-10-31","16514272","16514282","Joint Items","1648562.42"
"2016","2015-10-31","16514272","16514289","Congressional Budget Office","3464399.56"
"2016","2015-10-31","16514272","16514295","Architect of the Capitol","38606608.35"
"2016","2015-10-31","16514272","16514301","Library of Congress","50552685.92"
"2016","2015-10-31","16514272","16514312","United States Tax Court","4270965.57"
"2016","2015-10-31","16514272","16514316","Other Legislative Branch Agencies","6083786.44"
"2016","2015-10-31","16514272","16514318","Proprietary Receipts from the Public","'-1092037.94"
"2016","2015-10-31","16514272","16514323","Intrabudgetary Transactions","'-1122690.55"
"2016","2015-10-31","16514272","16514331","Total--Legislative Branch","396524655.75"
"2016","2015-10-31","16514337","16514343","Supreme Court of the United States","6308792.44"
"2016","2015-10-31","16514337","16514350","Courts of Appeals, District Courts, and Other Judicial Services","601098353.13"
"2016","2015-10-31","16514337","16514356","Other","60008880.83"
"2016","2015-10-31","16514337","16514362","Proprietary Receipts from the Public","'-9074690.65"
"2016","2015-10-31","16514337","16514368","Intrabudgetary Transactions","'-47256446.10"
"2016","2015-10-31","16514337","16514374","Total--Judicial Branch","611084889.65"
"2016","2015-10-31","16514380","16514386","Agricultural Research Service","99011500.38"
"2016","2015-10-31","16514380","16514392","National Institute of Food and Agriculture:","null"
"2016","2015-10-31","16514392","16514398","Research and Education Activities","61852204.84"
"2016","2015-10-31","16514392","16514404","Extension Activities","37716710.42"
"2016","2015-10-31","16514380","16514435","Risk Management Agency:","null"
"2016","2015-10-31","16514435","16514441","Administrative and Operating Expenses","4108886.36"
"2016","2015-10-31","16514435","16514447","Federal Crop Insurance Corporation Fund","1808313930.57"
"2016","2015-10-31","16514380","16514453","Farm Service Agency:","null"
"2016","2015-10-31","16514453","16514465","USDA Supplemental Assistance","7150.77"
"2016","2015-10-31","16514453","16514471","Agricultural Disaster Relief Fund","'-125371.68"
"2016","2015-10-31","16514453","16514477","Commodity Credit Corporation","4880505253.11"
"2016","2015-10-31","16514453","16514484","Tobacco Trust Fund","null"
"2016","2015-10-31","16514453","16514492","Agricultural Credit Insurance Fund","81858.02"
"2016","2015-10-31","16514453","16514498","Other","2152997.20"
"2016","2015-10-31","16514453","16514503","Total--Farm Service Agency","4994521687.38"
"2016","2015-10-31","16514511","16514521","Farm Security and Rural Investment Programs","156547845.33"
"2016","2015-10-31","16514511","16514525","Other","10419577.60"
"2016","2015-10-31","16514380","16514529","Rural Development","'-31450044.72"
"2016","2015-10-31","16514533","16514537","Rural Housing Insurance Fund","45500879.20"
"2016","2015-10-31","16514533","16514541","Rental Assistance Program","97157614.08"
"2016","2015-10-31","16514533","16514545","Other","8469429.29"
"2016","2015-10-31","16514549","16514553","Rural Electrification and Telecommunications Fund","'-154156501.95"
"2016","2015-10-31","16514549","16514560","Other","47743888.02"
"2016","2015-10-31","16514380","16514563","Foreign Agricultural Service","118650191.97"
"2016","2015-10-31","16514565","16514567","Supplemental Nutrition Assistance Program","6165446887.28"
"2016","2015-10-31","16514565","16514569","Child Nutrition Programs","1767471331.40"
"2016","2015-10-31","16514565","16514571","Special Supplemental Nutrition Program for Women, Infants, and Children (WIC)","465370239.53"
"2016","2015-10-31","16514565","16514575","Total--Food and Nutrition Service","8430507145.16"
"2016","2015-10-31","16514577","16514579","National Forest System","114681681.77"
"2016","2015-10-31","16514577","16514581","Capital Improvement and Maintenance","28515397.07"
"2016","2015-10-31","16514577","16514583","Wildland Fire Management","332793139.73"
"2016","2015-10-31","16514577","16514585","Forest Service Permanent Appropriations","14183041.21"
"2016","2015-10-31","16514577","16514589","Total--Forest Service","568551615.54"
"2016","2015-10-31","16514380","16514591","Other","104888093.72"
"2016","2015-10-31","16514380","16514593","Proprietary Receipts from the Public","'-73495958.43"
"2016","2015-10-31","16514380","16514595","Intrabudgetary Transactions","668111928.09"
"2016","2015-10-31","16514380","16514597","Total--Department of Agriculture","17386692851.68"
"2016","2015-10-31","16514599","16514601","Economic Development Administration","20397246.41"
"2016","2015-10-31","16514599","16514603","Bureau of the Census","112121933.19"
"2016","2015-10-31","16514599","16514605","International Trade Administration","25441351.32"
"2016","2015-10-31","16514599","16514607","National Oceanic and Atmospheric Administration","366348019.47"
"2016","2015-10-31","16514599","16514609","National Institute of Standards and Technology","77232197.59"
"2016","2015-10-31","16514599","16514611","National Telecommunications and Information Administration","14447580.41"
"2016","2015-10-31","16514599","16514617","Intrabudgetary Transactions","4344654.80"
"2016","2015-10-31","16514599","16514619","Offsetting Governmental Receipts","'-395412.23"
"2016","2015-10-31","16514625","16514627","Department of the Army","8321112159.22"
"2016","2015-10-31","16514625","16514629","Department of the Navy","7145216771.49"
"2016","2015-10-31","16514625","16514631","Department of the Air Force","5518057104.15"
"2016","2015-10-31","16514625","16514633","Defense Agencies","6869618000.00"
"2016","2015-10-31","16514625","16514635","Total--Military Personnel","27854004034.86"
"2016","2015-10-31","16514637","16514639","Department of the Army","4594793966.34"
"2016","2015-10-31","16514637","16514641","Department of the Navy","4107580652.38"
"2016","2015-10-31","16514637","16514643","Department of the Air Force","3462607891.20"
"2016","2015-10-31","16514637","16514645","Defense Agencies","4920026846.69"
"2016","2015-10-31","16514637","16514647","Total--Operation and Maintenance","17085009356.61"
"2016","2015-10-31","16514623","16514649","International Reconstruction and Other Assistance:","null"
"2016","2015-10-31","16514649","16514651","Department of the Army","null"
"2016","2015-10-31","16514653","16514655","Department of the Army","1333394935.24"
"2016","2015-10-31","16514653","16514657","Department of the Navy","2933486548.02"
"2016","2015-10-31","16514653","16514659","Department of the Air Force","1371030077.22"
"2016","2015-10-31","16514653","16514661","Defense Agencies","468641721.94"
"2016","2015-10-31","16514653","16514663","Total--Procurement","6106553282.42"
"2016","2015-10-31","16514665","16514667","Department of the Army","582561905.14"
"2016","2015-10-31","16514665","16514669","Department of the Navy","1041373886.85"
"2016","2015-10-31","16514665","16514671","Department of the Air Force","1520287264.53"
"2016","2015-10-31","16514665","16514673","Defense Agencies","1045807004.75"
"2016","2015-10-31","16514665","16514675","Total--Research, Development, Test, and Evaluation","4190030061.27"
"2016","2015-10-31","16514677","16514682","Department of the Navy","139473646.86"
"2016","2015-10-31","16514677","16514684","Department of the Air Force","64210050.86"
"2016","2015-10-31","16514677","16514686","Defense Agencies","182042002.98"
"2016","2015-10-31","16514677","16514690","Total--Military Construction","898308522.68"
"2016","2015-10-31","16514692","16514694","Department of the Army","25244426.01"
"2016","2015-10-31","16514692","16514696","Department of the Navy","23682798.51"
"2016","2015-10-31","16514692","16514698","Department of the Air Force","14424324.96"
"2016","2015-10-31","16514692","16514700","Defense Agencies","107939800.84"
"2016","2015-10-31","16514702","16514706","Department of the Navy","11360315.80"
"2016","2015-10-31","16514710","16514712","Working Capital Fund","462571319.16"
"2016","2015-10-31","16514710","16514714","Other","'-48772997.01"
"2016","2015-10-31","16514623","16514716","Allowances","11296019.71"
"2016","2015-10-31","16514623","16514718","Trust Funds:","null"
"2016","2015-10-31","16514718","16514720","Department of the Army","346805.67"
"2016","2015-10-31","16514718","16514722","Department of the Navy","2535849.45"
"2016","2015-10-31","16514718","16514724","Department of the Air Force","4469735.00"
"2016","2015-10-31","16514718","16514726","Defense Agencies","14103883.34"
"2016","2015-10-31","16514728","16514734","Department of the Air Force","25672978.07"
"2016","2015-10-31","16514728","16514736","Defense Agencies","'-62910088.91"
"2016","2015-10-31","16514623","16514738","Intrabudgetary Transactions:","null"
"2016","2015-10-31","16514738","16514740","Department of the Army","318393459.95"
"2016","2015-10-31","16514738","16514742","Department of the Navy","9707991.93"
"2016","2015-10-31","16514738","16514744","Department of the Air Force","47558825.68"
"2016","2015-10-31","16514738","16514746","Defense Agencies","'-5634231.54"
"2016","2015-10-31","16514748","16514750","Department of the Army","'-192825.92"
"2016","2015-10-31","16514623","16514754","Total--Department of Defense--Military Programs","57704523363.86"
"2016","2015-10-31","null","16514756","Department of Education:","null"
"2016","2015-10-31","16514756","16514758","Office of Elementary and Secondary Education:","null"
"2016","2015-10-31","16514758","16514760","Accelerating Achievement and Ensuring Equity","872159285.87"
"2016","2015-10-31","16514758","16514762","Impact Aid","152857283.19"
"2016","2015-10-31","16514758","16514764","Education Improvement Programs","307607049.20"
"2016","2015-10-31","16514758","16514766","State Fiscal Stabilization Fund, Recovery Act","null"
"2016","2015-10-31","16514758","16514768","Other","26580046.58"
"2016","2015-10-31","16514758","16514770","Total--Office of Elementary and Secondary Education","1359203664.84"
"2016","2015-10-31","16514756","16514772","Office of Innovation and Improvement","124404584.24"
"2016","2015-10-31","16514756","16514774","Office of English Language Acquisition","76496445.47"
"2016","2015-10-31","16514756","16514776","Office of Special Education and Rehabilitative Services:","null"
"2016","2015-10-31","16514776","16514782","Special Institutions for Persons with Disabilities","17061798.26"
"2016","2015-10-31","16514756","16514784","Office of Vocational and Adult Education","117814754.43"
"2016","2015-10-31","16514786","16514788","Higher Education","186185412.03"
"2016","2015-10-31","16514786","16514790","Other","40952917.74"
"2016","2015-10-31","16514786","16514792","Total--Office of Postsecondary Education","227138329.77"
"2016","2015-10-31","16514794","16514796","Student Financial Assistance","2925614313.95"
"2016","2015-10-31","16514794","16514798","Student Aid Administration","121373711.09"
"2016","2015-10-31","16514794","16514804","Federal Family Education Loans","'-31612922.93"
"2016","2015-10-31","16514794","16514806","Other","1487075.75"
"2016","2015-10-31","16514794","16514808","Total--Office of Federal Student Aid","3016862177.86"
"2016","2015-10-31","16514756","16514810","Institute of Education Sciences","37662506.77"
"2016","2015-10-31","16514756","16514812","Departmental Management","46437542.63"
"2016","2015-10-31","16514756","16514816","Proprietary Receipts from the Public","'-2576651268.14"
"2016","2015-10-31","16514756","16514818","Intrabudgetary Transactions","'-8642051.60"
"2016","2015-10-31","16514756","16514820","Total--Department of Education","3469606868.00"
"2016","2015-10-31","16514824","16514826","Naval Reactors","85110479.10"
"2016","2015-10-31","16514824","16514828","Weapons Activities","895363334.17"
"2016","2015-10-31","16514824","16514830","Defense Nuclear Nonproliferation","143705741.19"
"2016","2015-10-31","16514834","16514836","Defense Environmental Cleanup","502004759.85"
"2016","2015-10-31","16514834","16514838","Other Defense Activities","81284842.94"
"2016","2015-10-31","16514844","16514846","Science","521010742.39"
"2016","2015-10-31","16514844","16514848","Energy Supply","127683186.17"
"2016","2015-10-31","16514844","16514850","Energy Efficiency and Renewable Energy","145669350.17"
"2016","2015-10-31","16514844","16514852","Fossil Energy Research and Development","49611814.97"
"2016","2015-10-31","16514844","16514854","Uranium Enrichment Decontamination and Decommissioning Fund","92777091.96"
"2016","2015-10-31","16514844","16514856","Advanced Technology Vehicles Manufacturing Loan Program","204963.10"
"2016","2015-10-31","16514844","16514858","Title 17 Innovative Technology Loan Guarantee Program","851727.49"
"2016","2015-10-31","16514844","16514862","Total--Energy Programs","1013095274.61"
"2016","2015-10-31","16514822","16514864","Power Marketing Administration","'-51087060.25"
"2016","2015-10-31","16514822","16514866","Departmental Administration","32501891.58"
"2016","2015-10-31","16514822","16514868","Proprietary Receipts from the Public","'-78107750.82"
"2016","2015-10-31","16514822","16514870","Intrabudgetary Transactions","'-123437258.55"
"2016","2015-10-31","16514822","16514874","Total--Department of Energy","2543839823.68"
"2016","2015-10-31","null","16514876","Department of Health and Human Services:","null"
"2016","2015-10-31","16514876","16514878","Food and Drug Administration","70063984.32"
"2016","2015-10-31","16514876","16514880","Health Resources and Services Administration","831575442.51"
"2016","2015-10-31","16514876","16514882","Indian Health Service","405767455.64"
"2016","2015-10-31","16514876","16514888","Substance Abuse and Mental Health Services Administration","236597956.33"
"2016","2015-10-31","16514876","16514890","Agency for Healthcare Research and Quality","14497715.23"
"2016","2015-10-31","16514892","16514894","Grants to States for Medicaid","32349028239.28"
"2016","2015-10-31","16514892","16514900","State Grants and Demonstrations","60166859.80"
"2016","2015-10-31","16514904","16514906","Benefit Payments","29683076661.08"
"2016","2015-10-31","16514904","16514908","Administrative Expenses","401816999.16"
"2016","2015-10-31","16514892","16514912","Health Care Fraud and Abuse Control","93355406.45"
"2016","2015-10-31","16514892","16514914","Federal Supplementary Medical Insurance Trust Fund:","null"
"2016","2015-10-31","16514914","16514916","Benefit Payments","30769482470.12"
"2016","2015-10-31","16514914","16514918","Administrative Expenses","326771607.32"
"2016","2015-10-31","16514914","16514920","Medicare Prescription Drugs:","null"
"2016","2015-10-31","16514920","16514922","Benefit Payments","22423227115.00"
"2016","2015-10-31","16514920","16514924","Administrative Expenses","9762320.00"
"2016","2015-10-31","16514914","16514926","Total--Federal Supplementary Medical Insurance Trust Fund","53529243512.44"
"2016","2015-10-31","16514892","16514928","Other","163486675.57"
"2016","2015-10-31","16514932","16514934","Temporary Assistance for Needy Families","1136757198.54"
"2016","2015-10-31","16514932","16514938","Payments to States for Child Support Enforcement and Family Support Programs","238707614.14"
"2016","2015-10-31","16514932","16514940","Low Income Home Energy Assistance","144176407.26"
"2016","2015-10-31","16514932","16514944","Child Care Entitlement to States","197259134.54"
"2016","2015-10-31","16514932","16514946","Payments to States for the Child Care and Development Block Grant","155189001.48"
"2016","2015-10-31","16514932","16514948","Social Services Block Grant","97538775.74"
"2016","2015-10-31","16514932","16514950","Children and Families Services Programs","855850643.18"
"2016","2015-10-31","16514932","16514953","Payments to States for Foster Care and Adoption Assistance","649911513.13"
"2016","2015-10-31","16514932","16514961","Total--Administration for Children and Families","3598750502.24"
"2016","2015-10-31","16514876","16514965","Administration for Community Living","172282781.56"
"2016","2015-10-31","16514876","16514970","Departmental Management","173629954.68"
"2016","2015-10-31","16514876","16514976","Other","'-141056778.98"
"2016","2015-10-31","16514876","16514982","Proprietary Receipts from the Public","'-8390350587.59"
"2016","2015-10-31","16514988","16514994","Payments for Health Insurance for the Aged:","null"
"2016","2015-10-31","16514994","16514999","Federal Supplementary Medical Insurance Trust Fund","'-32838328619.15"
"2016","2015-10-31","16514988","16515004","Payments for Tax and Other Credits:","null"
"2016","2015-10-31","16515004","16515010","Federal Hospital Insurance Trust Fund","'-10073328.94"
"2016","2015-10-31","16514988","16515015","Other","68299756.20"
"2016","2015-10-31","16514876","16515021","Total--Department of Health and Human Services","116913929470.29"
"2016","2015-10-31","16515027","16515033","Departmental Management and Operations","83688334.03"
"2016","2015-10-31","16515027","16515039","Citizenship and Immigration Services","277056332.22"
"2016","2015-10-31","16515027","16515045","United States Secret Service","172622267.29"
"2016","2015-10-31","16515027","16515051","Transportation Security Administration","267786271.85"
"2016","2015-10-31","16515027","16515057","Immigration and Customs Enforcement","524584909.32"
"2016","2015-10-31","16515027","16515081","Federal Emergency Management Agency:","null"
"2016","2015-10-31","16515081","16515087","State and Local Programs","256014097.11"
"2016","2015-10-31","16515081","16515093","Firefighter Assistance Grants","52112812.76"
"2016","2015-10-31","16515081","16515099","Disaster Relief","361068436.41"
"2016","2015-10-31","16515081","16515111","Other","109470897.64"
"2016","2015-10-31","16515081","16515117","Total--Federal Emergency Management Agency","724744982.34"
"2016","2015-10-31","16515027","16515123","Science and Technology","56816691.66"
"2016","2015-10-31","16515027","16515129","Domestic Nuclear Detection Office","2832307.11"
"2016","2015-10-31","16515027","16515135","Other","31391433.47"
"2016","2015-10-31","16515027","16515141","Proprietary Receipts from the Public","'-118057170.30"
"2016","2015-10-31","16515027","16515147","Intrabudgetary Transactions","55182278.31"
"2016","2015-10-31","16515027","16515153","Offsetting Governmental Receipts","'-562250995.05"
"2016","2015-10-31","16515027","16515159","Total--Department of Homeland Security","3811992191.29"
"2016","2015-10-31","16515171","16515177","Tenant Based Rental Assistance","1621763937.00"
"2016","2015-10-31","16515171","16515183","Housing Certificate Fund","18872264.01"
"2016","2015-10-31","16515171","16515195","Public Housing Capital Fund","143409564.43"
"2016","2015-10-31","16515171","16515201","Public Housing Operating Fund","359467409.93"
"2016","2015-10-31","16515171","16515207","Revitalization of Severely Distressed Public Housing (Hope VI)","5583770.85"
"2016","2015-10-31","16515171","16515213","Native American Housing Block Grant","46591213.30"
"2016","2015-10-31","16515171","16515225","Total--Public and Indian Housing Programs","2205823447.16"
"2016","2015-10-31","16515231","16515237","Housing Opportunities for Persons with AIDS","24151288.13"
"2016","2015-10-31","16515231","16515243","Community Development Fund","624713637.11"
"2016","2015-10-31","16515231","16515249","Home Investment Partnership Program","81280820.62"
"2016","2015-10-31","16515231","16515255","Neighborhood Stabilization Program","2432222.22"
"2016","2015-10-31","16515231","16515261","Homeless Assistance Grants","152538245.49"
"2016","2015-10-31","16515231","16515273","Total--Community Planning and Development","891875359.42"
"2016","2015-10-31","16515278","16515283","Credit Accounts:","null"
"2016","2015-10-31","16515283","16515289","FHA-Mutual Mortgage Insurance Fund, Program Account","2605161.50"
"2016","2015-10-31","16515283","16515293","FHA-Mutual Mortgage Insurance Capital Reserve Account","'-872405222.59"
"2016","2015-10-31","16515283","16515297","FHA-Mutual Mortgage and Cooperative Housing Insurance Fund, Liquidating Account","966078.58"
"2016","2015-10-31","16515385","16515505","Other","18198416.43"
"2016","2015-10-31","16515278","16515313","HUD Project-Based Rental Assistance","868079529.56"
"2016","2015-10-31","16515278","16515321","Housing for the Elderly","57705250.63"
"2016","2015-10-31","16515278","16515325","Housing for Persons with Disabilities","18717039.70"
"2016","2015-10-31","16515278","16515329","Other Assisted Housing Programs","18925514.17"
"2016","2015-10-31","16515278","16515333","Other","3462451.93"
"2016","2015-10-31","16515278","16515337","Total--Housing Programs","60609290.23"
"2016","2015-10-31","16515341","16515345","Guarantees of Mortgage-Backed Securities","1884798.45"
"2016","2015-10-31","16515165","16515373","Intrabudgetary Transactions","10742440.46"
"2016","2015-10-31","16515165","16515377","Offsetting Governmental Receipts","'-1086800.00"
"2016","2015-10-31","16515165","16515381","Total--Department of Housing and Urban Development","3215773865.98"
"2016","2015-10-31","16515385","16515389","Land and Minerals Management:","null"
"2016","2015-10-31","16515389","16515393","Bureau of Land Management:","null"
"2016","2015-10-31","16515393","16515397","Management of Lands and Resources","68953523.96"
"2016","2015-10-31","16515393","16515401","Other","'-52273622.71"
"2016","2015-10-31","16515389","16515405","Bureau of Ocean Energy Management","4091798.83"
"2016","2015-10-31","16515389","16515413","Total--Land and Minerals Management","65083504.36"
"2016","2015-10-31","16515385","16515417","Water and Science:","null"
"2016","2015-10-31","16515417","16515421","Bureau of Reclamation:","null"
"2016","2015-10-31","16515421","16515425","Water and Related Resources","51868620.28"
"2016","2015-10-31","16515421","16515429","Other","30112535.76"
"2016","2015-10-31","16515417","16515433","Central Utah Project","85302.39"
"2016","2015-10-31","16515417","16515437","United States Geological Survey","97726403.31"
"2016","2015-10-31","16515417","16515441","Total--Water and Science","179792861.74"
"2016","2015-10-31","16515385","16515445","Fish and Wildlife and Parks:","null"
"2016","2015-10-31","16515445","16515449","United States Fish and Wildlife Service","179028738.07"
"2016","2015-10-31","16515445","16515453","National Park Service","227824998.05"
"2016","2015-10-31","16515445","16515457","Total--Fish and Wildlife and Parks","406853736.12"
"2016","2015-10-31","16515385","16515461","Indian Affairs:","null"
"2016","2015-10-31","16515461","16515465","Bureau of Indian Affairs and Bureau of Indian Education","132414972.71"
"2016","2015-10-31","16515461","16515469","Total--Indian Affairs","132414972.71"
"2016","2015-10-31","16515385","16515473","Departmental Offices:","null"
"2016","2015-10-31","16515473","16515481","Mineral Leasing and Associated Payments","332253590.15"
"2016","2015-10-31","16515473","16515485","Other","58226488.13"
"2016","2015-10-31","16515473","16515489","Insular Affairs","65763633.63"
"2016","2015-10-31","16515473","16515493","Office of the Special Trustee for American Indians","9189038.99"
"2016","2015-10-31","16515473","16515497","Department-Wide Programs","210030969.40"
"2016","2015-10-31","16515473","16515501","Total--Departmental Offices","675463720.30"
"2016","2015-10-31","16515385","16515509","Proprietary Receipts from the Public","'-565259818.63"
"2016","2015-10-31","16515385","16515513","Intrabudgetary Transactions","2518854.81"
"2016","2015-10-31","16515385","16515517","Total--Department of the Interior","915066247.84"
"2016","2015-10-31","16515521","16515525","General Administration","125318062.57"
"2016","2015-10-31","16515521","16515529","Legal Activities and U.S. Marshals:","null"
"2016","2015-10-31","16515529","16515545","Assets Forfeiture Fund","54783878.43"
"2016","2015-10-31","16515521","16515553","Federal Bureau of Investigation","656083792.96"
"2016","2015-10-31","16515521","16515557","Drug Enforcement Administration","199762699.74"
"2016","2015-10-31","16515521","16515561","Bureau of Alcohol, Tobacco, Firearms, and Explosives","104305727.84"
"2016","2015-10-31","16515521","16515565","Federal Prison System","555233553.07"
"2016","2015-10-31","16515569","16515573","State and Local Law Enforcement Assistance","227311252.75"
"2016","2015-10-31","16515569","16515577","Community Oriented Policing Services","18049837.22"
"2016","2015-10-31","16515569","16515581","Crime Victims Fund","51593353.24"
"2016","2015-10-31","16515521","16515589","Other","21677565.51"
"2016","2015-10-31","16515521","16515593","Proprietary Receipts from the Public","'-81008854.19"
"2016","2015-10-31","16515521","16515597","Intrabudgetary Transactions","'-270831527.77"
"2016","2015-10-31","16515521","16515601","Offsetting Governmental Receipts","'-22577366.21"
"2016","2015-10-31","16515521","16515605","Total--Department of Justice","2167000157.46"
"2016","2015-10-31","16515609","16515613","Employment and Training Administration:","null"
"2016","2015-10-31","16515613","16515617","Training and Employment Services","249960102.89"
"2016","2015-10-31","16515613","16515621","Office of Job Corps","143397059.26"
"2016","2015-10-31","16515613","16515625","Community Service Employment for Older Americans","35337934.78"
"2016","2015-10-31","16515653","16515657","Federal-State Unemployment Insurance:","null"
"2016","2015-10-31","16515657","16515661","State Unemployment Benefits","2142136640.11"
"2016","2015-10-31","16515653","16515665","State Administrative Expenses","342000000.00"
"2016","2015-10-31","16515653","16515669","Federal Administrative Expenses","10207130.00"
"2016","2015-10-31","16515653","16515677","Other","37790516.14"
"2016","2015-10-31","16515653","16515680","Total--Unemployment Trust Fund","2532134286.25"
"2016","2015-10-31","16515613","16515682","Other","32996903.11"
"2016","2015-10-31","16515613","16515684","Total--Employment and Training Administration","2923265778.96"
"2016","2015-10-31","null","16515867","Corps of Engineers:","null"
"2016","2015-10-31","16515690","16515692","Special Benefits","'-1164512359.82"
"2016","2015-10-31","16515690","16515694","Energy Employees Occupational Illness Compensation Fund","89839731.61"
"2016","2015-10-31","16515690","16515696","Special Benefits for Disabled Coal Miners","8893902.27"
"2016","2015-10-31","16515690","16515698","Black Lung Disability Trust Fund","16504819.67"
"2016","2015-10-31","16515690","16515700","Other","24708477.25"
"2016","2015-10-31","16515609","16515702","Wage and Hour Division","18042174.11"
"2016","2015-10-31","16515609","16515704","Occupational Safety and Health Administration","35548853.06"
"2016","2015-10-31","16515609","16515706","Mine Safety and Health Administration","25381723.77"
"2016","2015-10-31","16515609","16515708","Bureau of Labor Statistics","31685538.02"
"2016","2015-10-31","16515609","16515710","Departmental Management","93033747.64"
"2016","2015-10-31","16515609","16515712","Other","23380431.45"
"2016","2015-10-31","16515609","16515716","Intrabudgetary Transactions","36745912.79"
"2016","2015-10-31","16515609","16515718","Total--Department of Labor","'-3149058457.09"
"2016","2015-10-31","16515720","16515722","Administration of Foreign Affairs:","null"
"2016","2015-10-31","16515722","16515723","Diplomatic and Consular Programs","734203118.56"
"2016","2015-10-31","16515722","16515724","Educational and Cultural Exchange Programs","48971612.58"
"2016","2015-10-31","16515722","16515725","Embassy Security, Construction, and Maintenance","156034628.41"
"2016","2015-10-31","16515722","16515727","Foreign Service Retirement and Disability Fund","77097547.08"
"2016","2015-10-31","16515722","16515729","Total--Administration of Foreign Affairs","965284454.09"
"2016","2015-10-31","16515720","16515730","International Organizations and Conferences","139817503.87"
"2016","2015-10-31","16515720","16515731","Global Health and Child Survival","1133621016.15"
"2016","2015-10-31","16515720","16515732","Migration and Refugee Assistance","259687542.49"
"2016","2015-10-31","16515720","16515733","International Narcotics Control and Law Enforcement","87636096.25"
"2016","2015-10-31","16515720","16515738","Total--Department of State","2583283275.24"
"2016","2015-10-31","16515739","16515740","Office of the Secretary","'-12835416.96"
"2016","2015-10-31","16515742","16515743","Operations","289872606.43"
"2016","2015-10-31","16515744","16515745","Grants-In-Aid for Airports","370777690.29"
"2016","2015-10-31","16515744","16515746","Facilities and Equipment","170572147.28"
"2016","2015-10-31","16515744","16515747","Research, Engineering, and Development","10568480.90"
"2016","2015-10-31","16515744","16515748","Trust Fund Share of FAA Operations","400000000.00"
"2016","2015-10-31","16515744","16515749","Total--Airport and Airway Trust Fund","951918318.47"
"2016","2015-10-31","16515742","16515750","Other","'-16525612.14"
"2016","2015-10-31","16515742","16515751","Total--Federal Aviation Administration","1225265312.76"
"2016","2015-10-31","16515739","16515752","Federal Highway Administration:","null"
"2016","2015-10-31","16515753","16515754","Federal-Aid Highways","2237650135.42"
"2016","2015-10-31","16515753","16515755","Other","17460.12"
"2016","2015-10-31","16515752","16515756","Highway Infrastructure Investment, Recovery Act","null"
"2016","2015-10-31","16515752","16515757","Other Programs","16001218.06"
"2016","2015-10-31","16515752","16515758","Total--Federal Highway Administration","2253668813.60"
"2016","2015-10-31","16515739","16515759","Federal Motor Carrier Safety Administration","39536733.12"
"2016","2015-10-31","16515761","16515763","Capital and Debt Service Grants to the National Railroad Passenger Corporation","8946225.00"
"2016","2015-10-31","16515761","16515764","Capital Assistance for High Speed Rail Corridors and Intercity Passenger Rail Service","29154796.64"
"2016","2015-10-31","16515761","16515766","Total--Federal Railroad Administration","63049823.09"
"2016","2015-10-31","16515739","16515767","Federal Transit Administration:","null"
"2016","2015-10-31","16515767","16515768","Formula Grants","1170426.27"
"2016","2015-10-31","16515767","16515769","Capital Investment Grants","65227861.08"
"2016","2015-10-31","16515767","16515771","Transit Capital Assistance, Recovery Act","27863.78"
"2016","2015-10-31","16515739","16515774","Maritime Administration","36093799.35"
"2016","2015-10-31","16515739","16515780","Offsetting Governmental Receipts","'-287.98"
"2016","2015-10-31","16515739","16515781","Total--Department of Transportation","4198669245.05"
"2016","2015-10-31","16515783","16515784","Exchange Stabilization Fund","'-19958725.41"
"2016","2015-10-31","16515783","16515785","Grants for Specified Energy Property in Lieu of Tax Credit","null"
"2016","2015-10-31","16515783","16515786","Housing and Economic Recovery Programs","190000.00"
"2016","2015-10-31","16515783","16515787","Troubled Asset Relief Program","345214491.61"
"2016","2015-10-31","16515789","16515798","Payment to the Resolution Funding Corporation","662323300.92"
"2016","2015-10-31","16515789","16515799","Financial Agent Services","56107279.21"
"2016","2015-10-31","16515789","16515801","Claims, Judgements, and Relief Acts","280204307.33"
"2016","2015-10-31","16515789","16515802","Other","35792103.71"
"2016","2015-10-31","16515789","16515804","Total--Bureau of the Fiscal Service","1034426991.17"
"2016","2015-10-31","16515782","16515805","Federal Financing Bank","'-83881509.77"
"2016","2015-10-31","16515782","16515806","Alcohol and Tobacco Tax and Trade Bureau:","null"
"2016","2015-10-31","16515806","16515807","Salaries and Expenses","4460137.66"
"2016","2015-10-31","16515806","16515808","Internal Revenue Collections for Puerto Rico","24030868.50"
"2016","2015-10-31","16515782","16515809","Bureau of Engraving and Printing","5528314.98"
"2016","2015-10-31","16515782","16515810","United States Mint","52878848.68"
"2016","2015-10-31","16515811","16515812","Taxpayer Services","154850027.42"
"2016","2015-10-31","16515811","16515813","Enforcement","365914129.38"
"2016","2015-10-31","16515811","16515814","Operations Support","338112320.03"
"2016","2015-10-31","16515811","16515815","Build America Bond Payments, Recovery Act","153632746.26"
"2016","2015-10-31","16515811","16515816","Refundable Premium Tax Credits and Cost Sharing Reductions","2304530346.42"
"2016","2015-10-31","16515811","16515817","Payment Where Earned Income Credit Exceeds Liability for Tax","68704334.62"
"2016","2015-10-31","16515811","16515818","Payment Where Child Tax Credit Exceeds Liability for Tax","48791503.95"
"2016","2015-10-31","16515811","16515819","Payment Where American Opportunity Tax Credit Exceeds Liability for Tax","11535487.11"
"2016","2015-10-31","16515811","16515821","Refunding Internal Revenue Collections, Interest","183487157.83"
"2016","2015-10-31","16515811","16515822","Other","50256810.90"
"2016","2015-10-31","16515811","16515823","Total--Internal Revenue Service","3679814863.92"
"2016","2015-10-31","16515827","16515828","Public Issues (Accrual Basis)","19610978077.45"
"2016","2015-10-31","16515827","16515829","Special Issues (Cash Basis)","'-2821476184.34"
"2016","2015-10-31","16515827","16515830","Total--Interest on Treasury Debt Securities (Gross)","16789501893.11"
"2016","2015-10-31","16515826","16515831","Total--Interest on the Public Debt","16789501893.11"
"2016","2015-10-31","16515782","16515834","Intrabudgetary Transactions","'-698303601.99"
"2016","2015-10-31","16515782","16515836","Total--Department of the Treasury","21269250606.03"
"2016","2015-10-31","16515837","16515838","Joint DOD-VA Medical Facility Demonstration Fund","25440737.82"
"2016","2015-10-31","16515839","16515840","Veterans Choice Fund, Veterans Health Administration","351020190.54"
"2016","2015-10-31","16515839","16515841","Medical Services","3618107775.90"
"2016","2015-10-31","16515839","16515842","Medical Support and Compliance","454827184.48"
"2016","2015-10-31","16515839","16515843","Medical Facilities","389841526.83"
"2016","2015-10-31","16515839","16515844","Other","59716788.50"
"2016","2015-10-31","16515846","16515847","Housing Accounts","'-794427.17"
"2016","2015-10-31","16515846","16515848","Other","6312166.93"
"2016","2015-10-31","16515845","16515849","Compensation and Pensions","12312784298.15"
"2016","2015-10-31","16515845","16515850","Readjustment Benefits","2146791817.68"
"2016","2015-10-31","16515845","16515851","Veterans Housing Benefit Program Fund","20252582.74"
"2016","2015-10-31","16515845","16515855","Other","1276603.43"
"2016","2015-10-31","16515845","16515856","Total--Benefits Programs","14573057466.18"
"2016","2015-10-31","16515857","16515858","Construction","723949014.72"
"2016","2015-10-31","16515857","16515860","General Operating Expenses","216275315.42"
"2016","2015-10-31","16515837","16515862","Proprietary Receipts from the Public:","null"
"2016","2015-10-31","16515862","16515863","National Service Life","'-5832874.11"
"2016","2015-10-31","16515862","16515864","Other","'-233035439.64"
"2016","2015-10-31","16515837","16515865","Intrabudgetary Transactions","'-4128901.15"
"2016","2015-10-31","16515837","16515866","Total--Department of Veterans Affairs","20632671201.50"
"2016","2015-10-31","16515867","16515868","Construction","'-428045870.71"
"2016","2015-10-31","16515867","16515869","Operation and Maintenance","232444361.72"
"2016","2015-10-31","16515867","16515870","Flood Control and Coastal Emergencies","53047513.62"
"2016","2015-10-31","16515867","16515872","Rivers and Harbors Contributed Funds","31467852.73"
"2016","2015-10-31","16515867","16515873","Other","240568725.66"
"2016","2015-10-31","16515867","16515874","Proprietary Receipts from the Public","'-43481884.96"
"2016","2015-10-31","16515878","16515879","Payment to Military Retirement Fund","79289000000.00"
"2016","2015-10-31","16515881","16515883","Department of Defense Medicare-Eligible Retiree Health Care Fund","1263441165.04"
"2016","2015-10-31","16515877","16515884","Educational Benefits","34032047.63"
"2016","2015-10-31","16515877","16515885","Other","15438643.74"
"2016","2015-10-31","16515877","16515886","Proprietary Receipts from the Public","'-1625148.49"
"2016","2015-10-31","16515877","16515887","Intrabudgetary Transactions","'-83525519471.59"
"2016","2015-10-31","16515877","16515888","Total--Other Defense Civil Programs","9508453464.03"
"2016","2015-10-31","16515889","16515890","Science and Technology","72141145.88"
"2016","2015-10-31","16515889","16515891","Environmental Programs and Management","200163659.83"
"2016","2015-10-31","16515889","16515894","Hazardous Substance Superfund","86983044.17"
"2016","2015-10-31","16515889","16515895","Other","'-55397779.96"
"2016","2015-10-31","16515889","16515896","Proprietary Receipts from the Public","'-804474.52"
"2016","2015-10-31","16515889","16515897","Intrabudgetary Transactions","100274128.91"
"2016","2015-10-31","16515889","16515898","Offsetting Governmental Receipts","'-1363688.02"
"2016","2015-10-31","16514822","16514834","Environmental and Other Defense Activities:","null"
"2016","2015-10-31","16515889","16515899","Total--Environmental Protection Agency","848251397.68"
"2016","2015-10-31","16515900","16515904","Other","18273846.21"
"2016","2015-10-31","16515900","16515905","Proprietary Receipts from the Public","'-300.02"
"2016","2015-10-31","16515900","16515906","Intrabudgetary Transactions","'-3.61"
"2016","2015-10-31","16515900","16515907","Total--Executive Office of the President","31128054.78"
"2016","2015-10-31","16515908","16515909","Real Property Activities","'-38566669.40"
"2016","2015-10-31","16515908","16515910","Supply and Technology Activities","3310561.32"
"2016","2015-10-31","16515908","16515911","General Activities","23382239.87"
"2016","2015-10-31","16515908","16515912","Proprietary Receipts from the Public","'-18789177.79"
"2016","2015-10-31","16515908","16515913","Intrabudgetary Transactions","'-3216145.76"
"2016","2015-10-31","16515908","16515914","Total--General Services Administration","'-33879191.76"
"2016","2015-10-31","null","16515915","International Assistance Programs:","null"
"2016","2015-10-31","16515915","16515916","Millennium Challenge Corporation","63215101.08"
"2016","2015-10-31","16515915","16515917","International Security Assistance:","null"
"2016","2015-10-31","16515917","16515919","Foreign Military Financing Program","224667389.89"
"2016","2015-10-31","16515917","16515920","Economic Support Fund","346885756.14"
"2016","2015-10-31","16515917","16515921","Other","100712850.17"
"2016","2015-10-31","16515924","16515926","Other","19377684.50"
"2016","2015-10-31","16515924","16515928","Total--Multilateral Assistance","19377684.50"
"2016","2015-10-31","16515915","16515929","Agency for International Development:","null"
"2016","2015-10-31","16515929","16515930","Development Assistance Program","202751934.31"
"2016","2015-10-31","16515915","16515938","Overseas Private Investment Corporation:","null"
"2016","2015-10-31","16515938","16515939","Overseas Private Investment Corporation Accounts","6149723.71"
"2016","2015-10-31","16515938","16515942","Total--Overseas Private Investment Corporation","4352814.15"
"2016","2015-10-31","16515915","16515943","Peace Corps","24591374.66"
"2016","2015-10-31","16515915","16515944","International Monetary Programs","45725581.12"
"2016","2015-10-31","16515945","16515946","Foreign Military Sales Trust Fund","1991512139.28"
"2016","2015-10-31","16515945","16515947","Other","'-155632041.35"
"2016","2015-10-31","16515945","16515948","Proprietary Receipts from the Public","'-2964822725.37"
"2016","2015-10-31","16515915","16515949","Other","10384358.33"
"2016","2015-10-31","16515915","16515950","Total--International Assistance Programs","'-316129599.41"
"2016","2015-10-31","16515951","16515953","Aeronautics","49643921.96"
"2016","2015-10-31","16515951","16515954","Exploration","306402678.20"
"2016","2015-10-31","16515951","16515955","Cross Agency Support","162928503.91"
"2016","2015-10-31","16515951","16515956","Space Operations","235052107.71"
"2016","2015-10-31","16515951","16515957","Other","116197231.23"
"2016","2015-10-31","16515951","16515958","Proprietary Receipts from the Public","'-12328.48"
"2016","2015-10-31","16515951","16515959","Intrabudgetary Transactions","'-15695.34"
"2016","2015-10-31","16515951","16515960","Total--National Aeronautics and Space Administration","1317695794.79"
"2016","2015-10-31","16515961","16515962","Research and Related Activities","433830812.77"
"2016","2015-10-31","16515961","16515963","Education and Human Resources","87771841.05"
"2016","2015-10-31","16515961","16515964","Other","18286228.39"
"2016","2015-10-31","16515968","16515974","Employees and Retired Employees Health Benefits Fund","94138462.62"
"2016","2015-10-31","16515968","16515975","Other","13801051.95"
"2016","2015-10-31","16515968","16515976","Proprietary Receipts from the Public","'-277122.57"
"2016","2015-10-31","16515968","16515982","Total--Office of Personnel Management","8128987261.71"
"2016","2015-10-31","16515983","16515986","Disaster Loans Program","2319160.49"
"2016","2015-10-31","16515983","16515987","Other","10597202.48"
"2016","2015-10-31","16515983","16515988","Proprietary Receipts from the Public","'-325957.61"
"2016","2015-10-31","16515983","16515989","Intrabudgetary Transactions","'-121169.41"
"2016","2015-10-31","16515983","16515990","Total--Small Business Administration","67724980.56"
"2016","2015-10-31","null","16515991","Social Security Administration:","null"
"2016","2015-10-31","16515991","16515992","Payments to Social Security Trust Funds","8329847287.29"
"2016","2015-10-31","16515991","16515993","Supplemental Security Income Program","9056456360.59"
"2016","2015-10-31","16515991","16515994","Federal Old-Age and Survivors Insurance Trust Fund (Off-Budget):","null"
"2016","2015-10-31","16515994","16515995","Benefit Payments","62376975963.10"
"2016","2015-10-31","16515994","16515996","Administrative Expenses","266638308.23"
"2016","2015-10-31","16515994","16515999","Total--Federal Old-Age and Survivors Insurance Trust Fund (Off-Budget)","62643614271.33"
"2016","2015-10-31","16515991","16516006","Other","13350374.12"
"2016","2015-10-31","16516007","16516008","On-Budget","'-36685315.72"
"2016","2015-10-31","16516007","16516009","Off-Budget","'-2621683.59"
"2016","2015-10-31","16515991","16516010","Intrabudgetary Transactions:","null"
"2016","2015-10-31","16516010","16516013","Off-Budget","'-8329847287.29"
"2016","2015-10-31","16515991","16516014","Total--Social Security Administration","83791273684.96"
"2016","2015-10-31","16516015","16516016","Broadcasting Board of Governors","42287230.68"
"2016","2015-10-31","16516015","16516017","Bureau of Consumer Financial Protection","50070306.50"
"2016","2015-10-31","16516015","16516018","Corporation for National and Community Service","88332603.30"
"2016","2015-10-31","16516015","16516019","Corporation for Public Broadcasting","444061940.00"
"2016","2015-10-31","16516015","16516020","District of Columbia:","null"
"2016","2015-10-31","16516020","16516022","Courts","22933426.99"
"2016","2015-10-31","16516020","16516023","General and Special Payments","57833837.80"
"2016","2015-10-31","16516015","16516025","Equal Employment Opportunity Commission","32846459.68"
"2016","2015-10-31","16516015","16516026","Export-Import Bank of the United States","13282647.95"
"2016","2015-10-31","16516027","16516028","Universal Service Fund","865132233.71"
"2016","2015-10-31","16516027","16516029","Spectrum Auction Program Account","3519.70"
"2016","2015-10-31","16516027","16516030","Other","10927991.05"
"2016","2015-10-31","16516031","16516036","Deposit Insurance Fund","428959498.72"
"2016","2015-10-31","16516031","16516037","FSLIC Resolution Fund","249667.78"
"2016","2015-10-31","16516031","16516039","Total--Federal Deposit Insurance Corporation","429209166.50"
"2016","2015-10-31","16516015","16516040","Federal Drug Control Programs","19950399.02"
"2016","2015-10-31","16516015","16516041","Federal Housing Finance Agency","21987901.02"
"2016","2015-10-31","16516015","16516042","Institute of Museum and Library Services","21955715.16"
"2016","2015-10-31","16516015","16516043","Intelligence Community Management Account","36376991.33"
"2016","2015-10-31","16516015","16516044","Legal Services Corporation","'-490713.00"
"2016","2015-10-31","16516015","16516045","National Archives and Records Administration","31594254.17"
"2016","2015-10-31","16516015","16516046","National Credit Union Administration","'-592791880.68"
"2016","2015-10-31","16516015","16516047","National Endowment for the Arts","16072900.26"
"2016","2015-10-31","16516015","16516048","National Endowment for the Humanities","12950527.54"
"2016","2015-10-31","16516015","16516049","National Labor Relations Board","21392734.88"
"2016","2015-10-31","16516015","16516050","Nuclear Regulatory Commission","'-8368940.33"
"2016","2015-10-31","16516052","16516053","Public Enterprise Funds","304682053.62"
"2016","2015-10-31","16516052","16516054","Other","50866195.32"
"2016","2015-10-31","16516051","16516055","Other","null"
"2016","2015-10-31","16516015","16516056","Railroad Retirement Board:","null"
"2016","2015-10-31","16516056","16516057","Federal Windfall Subsidy","2367092.25"
"2016","2015-10-31","16515165","16515341","Government National Mortgage Association:","null"
"2016","2015-10-31","16516056","16516058","Federal Payments to the Railroad Retirement Accounts","162424972.60"
"2016","2015-10-31","16516056","16516059","Railroad Unemployment Insurance Trust Fund:","null"
"2016","2015-10-31","16516059","16516060","Benefit Payments","10429559.25"
"2016","2015-10-31","16516059","16516061","Transfer To Administrative Funds","1231825.00"
"2016","2015-10-31","16516056","16516063","Rail Industry Pension Fund:","null"
"2016","2015-10-31","16516063","16516064","Benefit Payments","431193866.62"
"2016","2015-10-31","16516063","16516066","OASDI Certifications","'-1444856.47"
"2016","2015-10-31","16516063","16516067","Transfer to Administrative Funds","6158279.00"
"2016","2015-10-31","16516063","16516068","Other","'-61168.70"
"2016","2015-10-31","16516056","16516069","National Railroad Retirement Investment Trust:","null"
"2016","2015-10-31","16516069","16516071","Administrative Expenses","12166971.86"
"2016","2015-10-31","16516073","16516075","Transfer To Administrative Funds","2721896.00"
"2016","2015-10-31","16516056","16516077","Proprietary Receipts from the Public","501064675.18"
"2016","2015-10-31","16516078","16516081","Other","'-162424972.60"
"2016","2015-10-31","16516056","16516082","Total--Railroad Retirement Board","1551039620.67"
"2016","2015-10-31","16516015","16516083","Securities and Exchange Commission","136302187.66"
"2016","2015-10-31","16516015","16516086","Other","160860154.45"
"2016","2015-10-31","16516015","16516087","Total--Independent Agencies","3912327092.96"
"2016","2015-10-31","16516088","16516089","Other Interest","'-14.65"
"2016","2015-10-31","16516090","16516092","Department of Health and Human Services:","null"
"2016","2015-10-31","16516092","16516093","Federal Hospital Insurance Trust Fund:","null"
"2016","2015-10-31","16516093","16516094","Federal Employer Contributions","'-297000000.00"
"2016","2015-10-31","16516093","16516095","Postal Service Employer Contributions","'-53000000.00"
"2016","2015-10-31","16516090","16516097","Department of State:","null"
"2016","2015-10-31","16516097","16516098","Foreign Service Retirement and Disability Fund","'-36937052.89"
"2016","2015-10-31","16516090","16516100","Other Defense Civil Programs:","null"
"2016","2015-10-31","16516100","16516101","Military Retirement Fund","'-8469528171.50"
"2016","2015-10-31","16516100","16516102","Department of Defense Medicare-Eligible Retiree Health Care Fund","'-6798833674.00"
"2016","2015-10-31","16516090","16516103","Office of Personnel Management:","null"
"2016","2015-10-31","16516103","16516105","Civil Service Retirement and Disability Fund","'-2306142678.08"
"2016","2015-10-31","16516106","16516107","Federal Old-Age and Survivors Insurance Trust Fund:","null"
"2016","2015-10-31","16516107","16516108","Federal Employer Contributions","'-1066000000.00"
"2016","2015-10-31","16516106","16516110","Federal Disability Insurance Trust Fund:","null"
"2016","2015-10-31","16516110","16516111","Federal Employer Contributions","'-181000000.00"
"2016","2015-10-31","16516090","16516115","Other","null"
"2016","2015-10-31","16516090","16516116","Total--Employer Share, Employee Retirement","'-19208441576.47"
"2016","2015-10-31","16516088","16516117","Interest Received by Trust Funds:","null"
"2016","2015-10-31","16516118","16516119","Judicial Survivors Annuity Fund","2147369.43"
"2016","2015-10-31","16516117","16516120","Department of Health and Human Services:","null"
"2016","2015-10-31","16516120","16516121","Federal Hospital Insurance Trust Fund","'-13897230.61"
"2016","2015-10-31","16516120","16516122","Federal Supplementary Medical Insurance Trust Fund","'-26700286.76"
"2016","2015-10-31","16516117","16516123","Department of Homeland Security:","null"
"2016","2015-10-31","16516123","16516124","Oil Spill Liability Trust Fund","'-58159.88"
"2016","2015-10-31","16516123","16516125","Other","3104.03"
"2016","2015-10-31","16516117","16516126","Department of Labor:","null"
"2016","2015-10-31","16516126","16516127","Unemployment Trust Fund","'-12789711.39"
"2016","2015-10-31","16516117","16516128","Department of State:","null"
"2016","2015-10-31","16516128","16516129","Foreign Service Retirement and Disability Fund","'-44148.95"
"2016","2015-10-31","16516117","16516130","Department of Transportation:","null"
"2016","2015-10-31","16516117","16516132","Department of Veterans Affairs:","null"
"2016","2015-10-31","16516132","16516133","National Service Life Insurance Fund","'-1009907.18"
"2016","2015-10-31","16516132","16516134","United States Government Life Insurance Fund","'-833.97"
"2016","2015-10-31","16516117","16516136","Other Defense Civil Programs:","null"
"2016","2015-10-31","16516136","16516137","Military Retirement Fund","3671162458.07"
"2016","2015-10-31","16516136","16516138","Educational Benefits Fund","782600.93"
"2016","2015-10-31","16516136","16516139","Armed Forces Retirement Home","'-48.47"
"2016","2015-10-31","16516117","16516140","Environmental Protection Agency","'-16362.38"
"2016","2015-10-31","16516141","16516142","Civil Service Retirement and Disability Fund","'-1176499.11"
"2016","2015-10-31","16516117","16516143","Social Security Administration:","null"
"2016","2015-10-31","16516143","16516144","Federal Old-Age and Survivors Insurance Trust Fund","'-21156888.93"
"2016","2015-10-31","16516143","16516145","Federal Disability Insurance Trust Fund","'-24102203.50"
"2016","2015-10-31","16516146","16516148","Railroad Retirement Board","'-4315579.79"
"2016","2015-10-31","16516146","16516149","Other","'-38499.01"
"2016","2015-10-31","16516117","16516150","Other","17227895.81"
"2016","2015-10-31","16516117","16516151","Total--Interest Received by Trust Funds","3580331912.63"
"2016","2015-10-31","16516088","16516153","Rents and Royalties on the Outer Continental Shelf Lands","11615686.52"
"2016","2015-10-31","16516088","16516157","Total--Undistributed Offsetting Receipts","'-15616493991.97"
"2016","2015-10-31","null","16516158","Total Outlays","347578330203.66"
"2016","2015-10-31","16516158","16516159","Total On-Budget","282086736068.47"
"2016","2015-10-31","16516158","16516160","Total Off-Budget","65491594135.19"
"2016","2015-10-31","16516161","16516162","Total On-Budget","'-126152490679.73"
"2016","2015-10-31","16516161","16516163","Total Off-Budget","'-10379594135.19"
"2016","2015-10-31","16514380","16514549","Rural Utilities Service:","null"
"2016","2015-11-30","17063643","17063645","Senate","70428059.67"
"2016","2015-11-30","17063643","17063647","House of Representatives","111837467.25"
"2016","2015-11-30","17063643","17063649","Joint Items","1348947.90"
"2016","2015-11-30","17063643","17063655","Congressional Budget Office","3505323.73"
"2016","2015-11-30","17063643","17063657","Architect of the Capitol","47734041.76"
"2016","2015-11-30","17063643","17063694","Intrabudgetary Transactions","413.02"
"2016","2015-11-30","17063643","17063703","Total--Legislative Branch","338768104.42"
"2016","2015-11-30","17063705","17063711","Supreme Court of the United States","7694989.51"
"2016","2015-11-30","17063705","17063717","Courts of Appeals, District Courts, and Other Judicial Services","547383725.89"
"2016","2015-11-30","17063705","17063730","Proprietary Receipts from the Public","'-21522149.87"
"2016","2015-11-30","17063705","17063736","Intrabudgetary Transactions","19190939.17"
"2016","2015-11-30","17063705","17063742","Total--Judicial Branch","583839014.89"
"2016","2015-11-30","17063750","17063758","Agricultural Research Service","83534672.06"
"2016","2015-11-30","17063766","17063774","Research and Education Activities","59585115.34"
"2016","2015-11-30","17063766","17063782","Extension Activities","34670931.10"
"2016","2015-11-30","17063766","17063790","Other","7895745.57"
"2016","2015-11-30","17063750","17063798","Animal and Plant Health Inspection Service","118722656.34"
"2016","2015-11-30","17063750","17063806","Food Safety and Inspection Service","76075425.73"
"2016","2015-11-30","17063750","17063814","Agricultural Marketing Service","102340239.39"
"2016","2015-11-30","17063750","17063820","Risk Management Agency:","null"
"2016","2015-11-30","17063820","17063826","Administrative and Operating Expenses","10155580.82"
"2016","2015-11-30","17063820","17063832","Federal Crop Insurance Corporation Fund","1648349228.11"
"2016","2015-11-30","17063838","17063843","Salaries and Expenses","108023478.33"
"2016","2015-11-30","17063838","17063848","USDA Supplemental Assistance","'-164.90"
"2016","2015-11-30","17063838","17063852","Agricultural Disaster Relief Fund","'-109900.33"
"2016","2015-11-30","17063838","17063855","Commodity Credit Corporation","4224938503.92"
"2016","2015-11-30","17063838","17063858","Tobacco Trust Fund","null"
"2016","2015-11-30","17063838","17063862","Agricultural Credit Insurance Fund","'-2830849.73"
"2016","2015-11-30","17063838","17063865","Other","2235905.46"
"2016","2015-11-30","17063838","17063868","Total--Farm Service Agency","4332256972.75"
"2016","2015-11-30","17063871","17063879","Other","22103595.82"
"2016","2015-11-30","17063750","17063881","Rural Development","40771512.41"
"2016","2015-11-30","17063883","17063885","Rural Housing Insurance Fund","'-45924107.75"
"2016","2015-11-30","17063883","17063887","Rental Assistance Program","115967161.25"
"2016","2015-11-30","17063883","17063889","Other","10228528.14"
"2016","2015-11-30","17063891","17063893","Rural Electrification and Telecommunications Fund","'-32615432.43"
"2016","2015-11-30","17063891","17063897","Other","31601221.07"
"2016","2015-11-30","17063750","17063899","Foreign Agricultural Service","65248699.53"
"2016","2015-11-30","17063901","17063903","Supplemental Nutrition Assistance Program","6368204951.75"
"2016","2015-11-30","17063901","17063905","Child Nutrition Programs","2217298520.29"
"2016","2015-11-30","17063901","17063907","Special Supplemental Nutrition Program for Women, Infants, and Children (WIC)","447946599.56"
"2016","2015-11-30","17063901","17063911","Total--Food and Nutrition Service","9066044979.81"
"2016","2015-11-30","17063913","17063915","National Forest System","132496780.07"
"2016","2015-11-30","17063913","17063916","Capital Improvement and Maintenance","29070271.29"
"2016","2015-11-30","17063913","17063917","Wildland Fire Management","214192904.03"
"2016","2015-11-30","17063913","17063918","Forest Service Permanent Appropriations","12977841.41"
"2016","2015-11-30","17063913","17063919","Other","56414818.16"
"2016","2015-11-30","17063913","17063920","Total--Forest Service","445152614.96"
"2016","2015-11-30","17063750","17063921","Other","110951308.57"
"2016","2015-11-30","17063750","17063922","Proprietary Receipts from the Public","'-71403789.56"
"2016","2015-11-30","17063750","17063923","Intrabudgetary Transactions","'-651503083.22"
"2016","2015-11-30","17063750","17063924","Total--Department of Agriculture","15988175168.51"
"2016","2015-11-30","17063925","17063926","Economic Development Administration","34969079.13"
"2016","2015-11-30","17063925","17063927","Bureau of the Census","79378481.96"
"2016","2015-11-30","17063925","17063928","International Trade Administration","35988385.60"
"2016","2015-11-30","17063925","17063929","National Oceanic and Atmospheric Administration","460605265.76"
"2016","2015-11-30","17063925","17063930","National Institute of Standards and Technology","71974520.29"
"2016","2015-11-30","17063925","17063931","National Telecommunications and Information Administration","10758156.81"
"2016","2015-11-30","17063925","17063932","Other","70473601.43"
"2016","2015-11-30","17063925","17063933","Proprietary Receipts from the Public","'-12269142.10"
"2016","2015-11-30","17063925","17063936","Total--Department of Commerce","748266695.58"
"2016","2015-11-30","null","17063937","Department of Defense--Military Programs:","null"
"2016","2015-11-30","17063938","17063939","Department of the Army","3013689206.56"
"2016","2015-11-30","17063938","17063940","Department of the Navy","2183895082.28"
"2016","2015-11-30","17063938","17063941","Department of the Air Force","1383916585.48"
"2016","2015-11-30","17063938","17063942","Defense Agencies","null"
"2016","2015-11-30","17063938","17063943","Total--Military Personnel","6581500874.32"
"2016","2015-11-30","17063944","17063945","Department of the Army","5192426119.39"
"2016","2015-11-30","17063944","17063946","Department of the Navy","4326672511.13"
"2016","2015-11-30","17063944","17063947","Department of the Air Force","4410336562.25"
"2016","2015-11-30","17063944","17063948","Defense Agencies","5219147794.83"
"2016","2015-11-30","17063944","17063949","Total--Operation and Maintenance","19148582987.60"
"2016","2015-11-30","17063937","17063950","International Reconstruction and Other Assistance:","null"
"2016","2015-11-30","17063950","17063951","Department of the Army","'-1072.19"
"2016","2015-11-30","17063952","17063954","Department of the Navy","3394299893.86"
"2016","2015-11-30","17063952","17063955","Department of the Air Force","5804653768.39"
"2016","2015-11-30","17063952","17063956","Defense Agencies","465356967.58"
"2016","2015-11-30","17063952","17063957","Total--Procurement","11111358913.71"
"2016","2015-11-30","17063958","17063959","Department of the Army","738165537.29"
"2016","2015-11-30","17063958","17063960","Department of the Navy","1210088023.02"
"2016","2015-11-30","17063958","17063961","Department of the Air Force","1151882355.45"
"2016","2015-11-30","17063958","17063962","Defense Agencies","1255887067.66"
"2016","2015-11-30","17063958","17063963","Total--Research, Development, Test, and Evaluation","4356022983.42"
"2016","2015-11-30","17063964","17063965","Department of the Army","101175090.47"
"2016","2015-11-30","17063964","17063966","Department of the Navy","120777771.29"
"2016","2015-11-30","17063964","17063967","Department of the Air Force","108299585.03"
"2016","2015-11-30","17063964","17063968","Defense Agencies","244035046.95"
"2016","2015-11-30","17063964","17063969","Total--Military Construction","574287493.74"
"2016","2015-11-30","17063970","17063971","Department of the Army","33216482.45"
"2016","2015-11-30","17063970","17063973","Department of the Air Force","31221749.74"
"2016","2015-11-30","17063970","17063974","Defense Agencies","7197409.31"
"2016","2015-11-30","17063975","17063977","Department of the Navy","81645626.26"
"2016","2015-11-30","17063975","17063979","Defense Agencies:","null"
"2016","2015-11-30","17063979","17063980","Working Capital Fund","'-553636283.87"
"2016","2015-11-30","17063979","17063981","Other","86632620.26"
"2016","2015-11-30","17063937","17063982","Allowances","'-3482307.06"
"2016","2015-11-30","17063937","17063983","Trust Funds:","null"
"2016","2015-11-30","17063983","17063984","Department of the Army","2132527.64"
"2016","2015-11-30","17063983","17063985","Department of the Navy","1956583.10"
"2016","2015-11-30","17063937","17063988","Proprietary Receipts from the Public:","null"
"2016","2015-11-30","17063988","17063991","Department of the Air Force","163405.77"
"2016","2015-11-30","17063988","17063992","Defense Agencies","'-6710795.16"
"2016","2015-11-30","17063937","17063993","Intrabudgetary Transactions:","null"
"2016","2015-11-30","17063993","17063994","Department of the Army","'-158811006.38"
"2016","2015-11-30","17063993","17063997","Defense Agencies","6089972.13"
"2016","2015-11-30","17063998","17063999","Department of the Army","null"
"2016","2015-11-30","17063937","17064001","Total--Department of Defense--Military Programs","41427129281.40"
"2016","2015-11-30","null","17064002","Department of Education:","null"
"2016","2015-11-30","17064002","17064003","Office of Elementary and Secondary Education:","null"
"2016","2015-11-30","17064003","17064004","Accelerating Achievement and Ensuring Equity","1530554427.18"
"2016","2015-11-30","17064003","17064005","Impact Aid","84899758.74"
"2016","2015-11-30","17064003","17064006","Education Improvement Programs","413239018.42"
"2016","2015-11-30","17064003","17064007","State Fiscal Stabilization Fund, Recovery Act","null"
"2016","2015-11-30","17064003","17064008","Other","28774638.50"
"2016","2015-11-30","17064003","17064009","Total--Office of Elementary and Secondary Education","2057467842.84"
"2016","2015-11-30","17064002","17064011","Office of Innovation and Improvement","119272815.33"
"2016","2015-11-30","17064002","17064013","Office of English Language Acquisition","47773706.57"
"2016","2015-11-30","17064002","17064015","Office of Special Education and Rehabilitative Services:","null"
"2016","2015-11-30","17064015","17064017","Special Education","1032543509.40"
"2016","2015-11-30","17064015","17064019","Rehabilitation Services and Disability Research","244917060.92"
"2016","2015-11-30","17064015","17064021","Special Institutions for Persons with Disabilities","22328376.54"
"2016","2015-11-30","17064002","17064023","Office of Vocational and Adult Education","132012531.92"
"2016","2015-11-30","17064002","17064025","Office of Postsecondary Education:","null"
"2016","2015-11-30","17064025","17064027","Higher Education","168616574.54"
"2016","2015-11-30","17064025","17064031","Total--Office of Postsecondary Education","166828099.08"
"2016","2015-11-30","17064033","17064035","Student Financial Assistance","1506309145.46"
"2016","2015-11-30","17064033","17064037","Student Aid Administration","121881023.44"
"2016","2015-11-30","17064033","17064043","Federal Family Education Loans","'-32880726.74"
"2016","2015-11-30","17064033","17064045","Other","'-1124846.11"
"2016","2015-11-30","17064033","17064047","Total--Office of Federal Student Aid","1594184596.05"
"2016","2015-11-30","17064002","17064057","Intrabudgetary Transactions","7823578.05"
"2016","2015-11-30","17064002","17064059","Total--Department of Education","5499723736.54"
"2016","2015-11-30","17064064","17064066","Naval Reactors","90807155.71"
"2016","2015-11-30","17064064","17064068","Weapons Activities","412244373.69"
"2016","2015-11-30","17064064","17064070","Defense Nuclear Nonproliferation","150490927.06"
"2016","2015-11-30","17064074","17064076","Defense Environmental Cleanup","332718780.35"
"2016","2015-11-30","17064074","17064078","Other Defense Activities","61746650.07"
"2016","2015-11-30","17064074","17064080","Defense Nuclear Waste Disposal","61266.01"
"2016","2015-11-30","17064084","17064086","Science","372106395.12"
"2016","2015-11-30","17064084","17064088","Energy Supply","94978075.64"
"2016","2015-11-30","17064084","17064090","Energy Efficiency and Renewable Energy","134459317.30"
"2016","2015-11-30","17064084","17064092","Fossil Energy Research and Development","46820993.35"
"2016","2015-11-30","17064084","17064094","Uranium Enrichment Decontamination and Decommissioning Fund","46035964.15"
"2016","2015-11-30","17064084","17064096","Advanced Technology Vehicles Manufacturing Loan Program","396443.64"
"2016","2015-11-30","17064084","17064098","Title 17 Innovative Technology Loan Guarantee Program","2599829.68"
"2016","2015-11-30","17064084","17064100","Other","80335678.19"
"2016","2015-11-30","17064084","17064102","Total--Energy Programs","777732697.07"
"2016","2015-11-30","17064061","17064104","Power Marketing Administration","20186716.53"
"2016","2015-11-30","17064061","17064106","Departmental Administration","32224687.38"
"2016","2015-11-30","17064061","17064108","Proprietary Receipts from the Public","'-360919932.94"
"2016","2015-11-30","17064061","17064110","Intrabudgetary Transactions","'-152299422.35"
"2016","2015-11-30","17064061","17064114","Total--Department of Energy","1388811249.21"
"2016","2015-11-30","17064116","17064118","Food and Drug Administration","242379978.64"
"2016","2015-11-30","17064116","17064120","Health Resources and Services Administration","777717538.05"
"2016","2015-11-30","17064116","17064124","Centers for Disease Control and Prevention","635496629.73"
"2016","2015-11-30","17064116","17064126","National Institutes of Health","2336483691.92"
"2016","2015-11-30","17064116","17064128","Substance Abuse and Mental Health Services Administration","269048299.21"
"2016","2015-11-30","17064116","17064130","Agency for Healthcare Research and Quality","11059882.03"
"2016","2015-11-30","17064132","17064136","Payments to Health Care Trust Funds","16676699569.93"
"2016","2015-11-30","17064132","17064138","Children's Health Insurance Fund","1119114749.55"
"2016","2015-11-30","17064132","17064140","State Grants and Demonstrations","45685712.56"
"2016","2015-11-30","17064144","17064146","Benefit Payments","14545620287.29"
"2016","2015-11-30","17064144","17064148","Administrative Expenses","348024114.71"
"2016","2015-11-30","17064144","17064150","Total--Federal Hospital Insurance Trust Fund","14893644402.00"
"2016","2015-11-30","17064132","17064152","Health Care Fraud and Abuse Control","135027851.62"
"2016","2015-11-30","17064154","17064156","Benefit Payments","15007440101.29"
"2016","2015-11-30","17064154","17064158","Administrative Expenses","327632200.30"
"2016","2015-11-30","17064160","17064162","Benefit Payments","85658676.04"
"2016","2015-11-30","17064160","17064164","Administrative Expenses","16506368.00"
"2016","2015-11-30","17064154","17064166","Total--Federal Supplementary Medical Insurance Trust Fund","15437237345.63"
"2016","2015-11-30","17064132","17064168","Other","884029861.43"
"2016","2015-11-30","17064132","17064170","Total--Centers for Medicare and Medicaid Services","75894939653.34"
"2016","2015-11-30","17064172","17064174","Temporary Assistance for Needy Families","1220972229.81"
"2016","2015-11-30","17064172","17064176","Contingency Fund","4585172.47"
"2016","2015-11-30","17064172","17064178","Payments to States for Child Support Enforcement and Family Support Programs","258020517.82"
"2016","2015-11-30","17064172","17064180","Low Income Home Energy Assistance","393059459.83"
"2016","2015-11-30","17064172","17064182","Refugee and Entrant Assistance","117821260.80"
"2016","2015-11-30","17064172","17064184","Child Care Entitlement to States","206821534.44"
"2016","2015-11-30","17064172","17064186","Payments to States for the Child Care and Development Block Grant","165605270.52"
"2016","2015-11-30","17064172","17064188","Social Services Block Grant","171202252.51"
"2016","2015-11-30","17064172","17064190","Children and Families Services Programs","819854289.39"
"2016","2015-11-30","17064172","17064192","Payments to States for Foster Care and Adoption Assistance","571784314.79"
"2016","2015-11-30","17064172","17064194","Other","36879955.05"
"2016","2015-11-30","17064172","17064196","Total--Administration for Children and Families","3966606257.43"
"2016","2015-11-30","17064116","17064198","Administration for Community Living","147419912.55"
"2016","2015-11-30","17064116","17064200","Departmental Management","130850609.80"
"2016","2015-11-30","17064116","17064202","Other","105612553.00"
"2016","2015-11-30","17064116","17064204","Proprietary Receipts from the Public","'-7129442854.44"
"2016","2015-11-30","17064208","17064210","Federal Supplementary Medical Insurance Trust Fund","'-16676398120.40"
"2016","2015-11-30","17064212","17064214","Federal Hospital Insurance Trust Fund","'-2249080.46"
"2016","2015-11-30","17064206","17064216","Other","'-16460539.83"
"2016","2015-11-30","17064116","17064218","Total--Department of Health and Human Services","60939695391.90"
"2016","2015-11-30","null","17064220","Department of Homeland Security:","null"
"2016","2015-11-30","17064220","17064227","United States Secret Service","133531967.10"
"2016","2015-11-30","17064220","17064229","Transportation Security Administration","492905039.52"
"2016","2015-11-30","17064220","17064231","Immigration and Customs Enforcement","492281347.09"
"2016","2015-11-30","17064220","17064233","U.S. Customs and Border Protection","980645080.35"
"2016","2015-11-30","17064220","17064235","United States Coast Guard","588390391.07"
"2016","2015-11-30","17064220","17064237","National Protection and Programs Directorate","103343856.24"
"2016","2015-11-30","17064239","17064241","State and Local Programs","262728073.09"
"2016","2015-11-30","17064239","17064243","Firefighter Assistance Grants","43777955.60"
"2016","2015-11-30","17064239","17064245","Disaster Relief","510193739.96"
"2016","2015-11-30","17064239","17064247","National Flood Insurance Fund","5821397.46"
"2016","2015-11-30","17064239","17064249","Other","100598470.98"
"2016","2015-11-30","17064239","17064251","Total--Federal Emergency Management Agency","923119637.09"
"2016","2015-11-30","17064220","17064253","Science and Technology","74266728.82"
"2016","2015-11-30","17064220","17064255","Domestic Nuclear Detection Office","17225949.03"
"2016","2015-11-30","17064220","17064259","Proprietary Receipts from the Public","'-92854634.44"
"2016","2015-11-30","17064220","17064261","Intrabudgetary Transactions","'-51423372.26"
"2016","2015-11-30","17064220","17064263","Offsetting Governmental Receipts","'-871434448.43"
"2016","2015-11-30","17064220","17064265","Total--Department of Homeland Security","3158426566.95"
"2016","2015-11-30","null","17064267","Department of Housing and Urban Development:","null"
"2016","2015-11-30","17064267","17064269","Public and Indian Housing Programs:","null"
"2016","2015-11-30","17064269","17064271","Tenant Based Rental Assistance","1566405519.00"
"2016","2015-11-30","17064269","17064273","Housing Certificate Fund","17470499.18"
"2016","2015-11-30","17064269","17064285","Other","12148801.06"
"2016","2015-11-30","17064269","17064287","Total--Public and Indian Housing Programs","2236390485.79"
"2016","2015-11-30","17064267","17064289","Community Planning and Development:","null"
"2016","2015-11-30","17064289","17064291","Housing Opportunities for Persons with AIDS","21439009.13"
"2016","2015-11-30","17064289","17064293","Community Development Fund","509211564.61"
"2016","2015-11-30","17064289","17064295","Home Investment Partnership Program","88668301.89"
"2016","2015-11-30","17064289","17064297","Neighborhood Stabilization Program","2302370.52"
"2016","2015-10-31","null","16515521","Department of Justice:","null"
"2016","2015-10-31","16516088","16516090","Employer Share, Employee Retirement:","null"
"2016","2015-11-30","17064289","17064299","Homeless Assistance Grants","156608459.56"
"2016","2015-11-30","17064289","17064301","Other","3336354.54"
"2016","2015-11-30","17064289","17064303","Total--Community Planning and Development","781566060.25"
"2016","2015-11-30","17064307","17064309","FHA-Mutual Mortgage Insurance Fund, Program Account","11170405.10"
"2016","2015-11-30","17064307","17064311","FHA-Mutual Mortgage Insurance Capital Reserve Account","'-669186609.64"
"2016","2015-11-30","17064307","17064313","FHA-Mutual Mortgage and Cooperative Housing Insurance Fund, Liquidating Account","1007589.12"
"2016","2015-11-30","17064307","17064317","FHA-General and Special Risk Fund, Liquidating Account","'-6115296.68"
"2016","2015-11-30","17064307","17064319","Housing for the Elderly or Handicapped Fund, Liquidating Account","'-38040456.68"
"2016","2015-11-30","17064305","17064321","HUD Project-Based Rental Assistance","872871124.56"
"2016","2015-11-30","17064305","17064325","Housing for the Elderly","55777150.86"
"2016","2015-11-30","17064305","17064327","Housing for Persons with Disabilities","13801452.68"
"2016","2015-11-30","17064305","17064329","Other Assisted Housing Programs","18029441.34"
"2016","2015-11-30","17064305","17064331","Other","3045078.16"
"2016","2015-11-30","17064305","17064333","Total--Housing Programs","262359878.82"
"2016","2015-11-30","17064267","17064335","Government National Mortgage Association:","null"
"2016","2015-11-30","17064335","17064337","Guarantees of Mortgage-Backed Securities","7361980.87"
"2016","2015-11-30","17064267","17064339","Management and Administration","132253650.22"
"2016","2015-11-30","17064267","17064343","Proprietary Receipts from the Public:","null"
"2016","2015-11-30","17064343","17064347","FHA-General and Special Risk Fund","'-28186702.95"
"2016","2015-11-30","17064343","17064349","Other","3593599.36"
"2016","2015-11-30","17064267","17064351","Intrabudgetary Transactions","'-4360755.17"
"2016","2015-11-30","17064267","17064353","Offsetting Governmental Receipts","'-893600.00"
"2016","2015-11-30","17064267","17064355","Total--Department of Housing and Urban Development","3405556914.77"
"2016","2015-11-30","17064361","17064363","Management of Lands and Resources","78373073.88"
"2016","2015-11-30","17064361","17064365","Other","'-5694506.05"
"2016","2015-11-30","17064359","17064367","Bureau of Ocean Energy Management","5542809.93"
"2016","2015-11-30","17064359","17064369","Office of Surface Mining Reclamation and Enforcement","55773108.37"
"2016","2015-11-30","17064359","17064372","Total--Land and Minerals Management","133994486.13"
"2016","2015-11-30","17064374","17064376","Bureau of Reclamation:","null"
"2016","2015-11-30","17064376","17064378","Water and Related Resources","78306933.85"
"2016","2015-11-30","17064376","17064380","Other","18276224.30"
"2016","2015-11-30","17064374","17064384","United States Geological Survey","81177341.05"
"2016","2015-11-30","17064374","17064386","Total--Water and Science","178630668.96"
"2016","2015-11-30","17064357","17064388","Fish and Wildlife and Parks:","null"
"2016","2015-11-30","17064388","17064390","United States Fish and Wildlife Service","211334020.34"
"2016","2015-11-30","17064388","17064392","National Park Service","242575861.22"
"2016","2015-11-30","17064388","17064394","Total--Fish and Wildlife and Parks","453909881.56"
"2016","2015-11-30","17064357","17064396","Indian Affairs:","null"
"2016","2015-11-30","17064357","17064402","Departmental Offices:","null"
"2016","2015-11-30","17064402","17064406","Mineral Leasing and Associated Payments","131443217.88"
"2016","2015-11-30","17064402","17064408","Other","38237638.03"
"2016","2015-11-30","17064402","17064410","Insular Affairs","39798580.29"
"2016","2015-11-30","17064402","17064412","Office of the Special Trustee for American Indians","27414341.16"
"2016","2015-11-30","17064402","17064414","Department-Wide Programs","60021781.71"
"2016","2015-11-30","17064402","17064416","Total--Departmental Offices","296915559.07"
"2016","2015-11-30","17064357","17064420","Proprietary Receipts from the Public","'-395728029.71"
"2016","2015-11-30","17064357","17064422","Intrabudgetary Transactions","'-24553283.36"
"2016","2015-11-30","17064426","17064428","General Administration","97234942.04"
"2016","2015-11-30","17064426","17064430","Legal Activities and U.S. Marshals:","null"
"2016","2015-10-31","16515742","16515744","Airport and Airway Trust Fund:","null"
"2016","2015-11-30","17064430","17064436","United States Marshals Service","88385142.36"
"2016","2015-11-30","17064430","17064438","Assets Forfeiture Fund","202508423.21"
"2016","2015-11-30","17064426","17064442","Federal Bureau of Investigation","691827317.82"
"2016","2015-11-30","17064426","17064444","Drug Enforcement Administration","186826897.23"
"2016","2015-11-30","17064426","17064446","Bureau of Alcohol, Tobacco, Firearms, and Explosives","96479560.63"
"2016","2015-11-30","17064426","17064448","Federal Prison System","513481017.65"
"2016","2016-01-31","18096279","18096283","Veterans Health Administration:","null"
"2016","2015-11-30","17064450","17064452","State and Local Law Enforcement Assistance","91470897.93"
"2016","2015-11-30","17064450","17064454","Community Oriented Policing Services","18972138.65"
"2016","2015-11-30","17064450","17064456","Crime Victims Fund","41735205.62"
"2016","2015-11-30","17064426","17064468","Total--Department of Justice","2380642454.77"
"2016","2015-11-30","null","17064470","Department of Labor:","null"
"2016","2015-11-30","17064470","17064472","Employment and Training Administration:","null"
"2016","2015-11-30","17064472","17064474","Training and Employment Services","233063174.24"
"2016","2015-11-30","17064472","17064476","Office of Job Corps","128458399.33"
"2016","2015-11-30","17064472","17064478","Community Service Employment for Older Americans","30716345.77"
"2016","2015-11-30","17064472","17064480","Federal Unemployment Benefits and Allowances","31793098.58"
"2016","2015-11-30","17064472","17064482","Federal Additional Unemployment Compensation Program-Recovery Act","'-168648.14"
"2016","2015-11-30","17064472","17064486","State Unemployment Insurance and Employment Service Operations","'-217913660.21"
"2016","2015-11-30","17064502","17064514","State Administrative Expenses","511000000.00"
"2016","2015-11-30","17064502","17064526","Other","67390.74"
"2016","2015-11-30","17064470","17064562","Office of Workers' Compensation Programs:","null"
"2016","2015-11-30","17064562","17064568","Special Benefits","204353054.32"
"2016","2015-11-30","17064562","17064574","Energy Employees Occupational Illness Compensation Fund","72558298.31"
"2016","2015-11-30","17064562","17064580","Special Benefits for Disabled Coal Miners","8959259.86"
"2016","2015-11-30","17064562","17064586","Black Lung Disability Trust Fund","1558295.60"
"2016","2015-11-30","17064562","17064592","Other","30294020.02"
"2016","2015-11-30","17064470","17064598","Wage and Hour Division","17963872.51"
"2016","2015-11-30","17064470","17064604","Occupational Safety and Health Administration","39918249.93"
"2016","2015-11-30","17064470","17064610","Mine Safety and Health Administration","25136265.89"
"2016","2015-11-30","17064470","17064616","Bureau of Labor Statistics","33857656.22"
"2016","2015-11-30","17064470","17064622","Departmental Management","69395282.81"
"2016","2015-11-30","17064470","17064628","Other","21300142.82"
"2016","2015-11-30","17064470","17064633","Proprietary Receipts from the Public","'-242050.94"
"2016","2015-11-30","17064470","17064638","Intrabudgetary Transactions","'-80294460.62"
"2016","2015-11-30","17064470","17064644","Total--Department of Labor","3820829934.33"
"2016","2016-01-31","18095496","18095497","Department of the Army","'-62622265.20"
"2016","2015-11-30","17064656","17064662","Diplomatic and Consular Programs","670834869.17"
"2016","2015-10-31","16514677","16514679","Department of the Army","512582821.98"
"2016","2015-10-31","16515783","16515788","Other","124245939.37"
"2016","2015-11-30","17064656","17064668","Educational and Cultural Exchange Programs","53571894.60"
"2016","2015-11-30","17064656","17064674","Embassy Security, Construction, and Maintenance","251789065.56"
"2016","2015-11-30","17064656","17064686","Foreign Service Retirement and Disability Fund","82164374.76"
"2016","2015-11-30","17064656","17064694","Other","177625191.47"
"2016","2015-11-30","17064656","17064701","Total--Administration of Foreign Affairs","1235985395.56"
"2016","2015-11-30","17064650","17064706","International Organizations and Conferences","446461308.00"
"2016","2015-11-30","17064650","17064741","Proprietary Receipts from the Public","'-55925060.52"
"2016","2015-11-30","17064650","17064747","Intrabudgetary Transactions","'-1762019.69"
"2016","2015-11-30","17064650","17064753","Total--Department of State","2219878307.40"
"2016","2015-11-30","17064759","17064765","Office of the Secretary","175297354.93"
"2016","2015-11-30","17064777","17064783","Operations","122292727.77"
"2016","2015-11-30","17064789","17064795","Grants-In-Aid for Airports","346783149.27"
"2016","2015-11-30","17064789","17064801","Facilities and Equipment","203424680.05"
"2016","2015-11-30","17064789","17064807","Research, Engineering, and Development","15957931.47"
"2016","2015-11-30","17064789","17064813","Trust Fund Share of FAA Operations","600000000.00"
"2016","2015-11-30","17064789","17064819","Total--Airport and Airway Trust Fund","1166165760.79"
"2016","2015-11-30","17064777","17064825","Other","'-6987240.64"
"2016","2015-11-30","17064777","17064831","Total--Federal Aviation Administration","1281471247.92"
"2016","2015-11-30","17064759","17064837","Federal Highway Administration:","null"
"2016","2015-11-30","17064843","17064849","Federal-Aid Highways","4498700650.92"
"2016","2015-11-30","17064843","17064855","Other","46118.77"
"2016","2015-11-30","17064837","17064861","Highway Infrastructure Investment, Recovery Act","null"
"2016","2015-11-30","17064759","17064891","Federal Railroad Administration:","null"
"2016","2015-11-30","17064891","17064897","Operating Subsidy Grants to the National Railroad Passenger Corporation","null"
"2016","2015-11-30","17064891","17064903","Capital and Debt Service Grants to the National Railroad Passenger Corporation","81563238.94"
"2016","2015-11-30","17064891","17064909","Capital Assistance for High Speed Rail Corridors and Intercity Passenger Rail Service","130859038.81"
"2016","2015-11-30","17064891","17064915","Other","36990925.13"
"2016","2015-11-30","17064891","17064921","Total--Federal Railroad Administration","249413202.88"
"2016","2016-01-31","18095428","18095496","Intrabudgetary Transactions:","null"
"2016","2015-11-30","17064759","17064927","Federal Transit Administration:","null"
"2016","2015-11-30","17064927","17064939","Capital Investment Grants","151638048.64"
"2016","2016-01-31","18095496","18095498","Department of the Navy","'-15135246.87"
"2016","2015-11-30","17064927","17064951","Transit Capital Assistance, Recovery Act","866.31"
"2016","2015-11-30","17064927","17064963","Total--Federal Transit Administration","1042535973.75"
"2016","2015-11-30","17064759","17064969","Maritime Administration","39856261.72"
"2016","2015-11-30","17064759","17064975","Other","39039961.77"
"2016","2015-11-30","17064759","17064980","Proprietary Receipts from the Public","'-29427649.52"
"2016","2015-11-30","17064759","17064984","Intrabudgetary Transactions:","null"
"2016","2015-11-30","17065008","17065012","Exchange Stabilization Fund","4991288.91"
"2016","2015-11-30","17065008","17065016","Grants for Specified Energy Property in Lieu of Tax Credit","33755706.00"
"2016","2015-11-30","17065008","17065020","Housing and Economic Recovery Programs","369681.95"
"2016","2015-11-30","17065008","17065024","Troubled Asset Relief Program","374200024.85"
"2016","2015-11-30","17065004","17065090","Alcohol and Tobacco Tax and Trade Bureau:","null"
"2016","2015-11-30","17065090","17065092","Salaries and Expenses","8764051.85"
"2016","2015-11-30","17065090","17065094","Internal Revenue Collections for Puerto Rico","20252535.37"
"2016","2015-11-30","17065004","17065096","Bureau of Engraving and Printing","'-22877441.62"
"2016","2015-11-30","17065004","17065098","United States Mint","'-114707601.51"
"2016","2015-11-30","17065100","17065102","Taxpayer Services","159593817.62"
"2016","2015-11-30","17065100","17065104","Enforcement","379970026.80"
"2016","2015-11-30","17065100","17065106","Operations Support","346144720.22"
"2016","2015-11-30","17065100","17065108","Build America Bond Payments, Recovery Act","390724622.16"
"2016","2015-11-30","17065100","17065110","Refundable Premium Tax Credits and Cost Sharing Reductions","2248715957.10"
"2016","2015-11-30","17065100","17065112","Payment Where Earned Income Credit Exceeds Liability for Tax","'-45121663.75"
"2016","2015-11-30","17065100","17065116","Payment Where American Opportunity Tax Credit Exceeds Liability for Tax","'-6922094.44"
"2016","2015-11-30","17065132","17065134","Public Issues (Accrual Basis)","18753034436.01"
"2016","2015-11-30","17065132","17065136","Special Issues (Cash Basis)","2637852787.45"
"2016","2015-11-30","17065132","17065138","Total--Interest on Treasury Debt Securities (Gross)","21390887223.46"
"2016","2015-10-31","16514844","16514860","Other","75286398.36"
"2016","2015-11-30","17065130","17065140","Total--Interest on the Public Debt","21390887223.46"
"2016","2015-11-30","17065004","17065144","Proprietary Receipts from the Public","7258353.12"
"2016","2015-11-30","17065004","17065146","Intrabudgetary Transactions","'-83416794.00"
"2016","2015-11-30","17065004","17065150","Total--Department of the Treasury","27831794028.32"
"2016","2015-11-30","17065152","17065154","Joint DOD-VA Medical Facility Demonstration Fund","29360907.34"
"2016","2015-11-30","17065156","17065158","Veterans Choice Fund, Veterans Health Administration","300566060.12"
"2016","2015-11-30","17065156","17065160","Medical Services","3767828742.28"
"2016","2015-11-30","17065168","17065170","Public Enterprise Funds:","null"
"2016","2015-11-30","17065168","17065180","Veterans Housing Benefit Program Fund","null"
"2016","2015-11-30","17065182","17065186","Veterans Special Life","11237061.75"
"2016","2015-11-30","17065168","17065188","Other","2714733.07"
"2016","2015-11-30","17065168","17065190","Total--Benefits Programs","1261413865.19"
"2016","2015-11-30","17065192","17065194","Construction","134232508.58"
"2016","2015-11-30","17065192","17065196","Information Technology Systems","373712091.19"
"2016","2015-11-30","17065192","17065198","General Operating Expenses","209018483.83"
"2016","2015-11-30","17065152","17065202","Proprietary Receipts from the Public:","null"
"2016","2015-11-30","17065202","17065204","National Service Life","'-5304014.24"
"2016","2015-11-30","17065202","17065206","Other","'-505423372.32"
"2016","2015-11-30","17065152","17065208","Intrabudgetary Transactions","11104564.18"
"2016","2015-11-30","17065152","17065210","Total--Department of Veterans Affairs","6701386355.91"
"2016","2015-11-30","17065212","17065214","Construction","197407066.14"
"2016","2015-11-30","17065212","17065216","Operation and Maintenance","249619705.65"
"2016","2015-11-30","17065212","17065218","Flood Control and Coastal Emergencies","59480141.59"
"2016","2015-11-30","17065212","17065222","Rivers and Harbors Contributed Funds","51963259.29"
"2016","2015-11-30","17065212","17065224","Other","131305874.17"
"2016","2015-11-30","17065212","17065226","Proprietary Receipts from the Public","'-26465906.90"
"2016","2015-11-30","17065212","17065228","Intrabudgetary Transactions","1955896.47"
"2016","2015-11-30","17065212","17065230","Total--Corps of Engineers","665266036.41"
"2016","2015-11-30","17065234","17065238","Military Retirement Fund","421275499.29"
"2016","2015-11-30","17065232","17065250","Proprietary Receipts from the Public","'-1563482.18"
"2016","2015-11-30","17065232","17065252","Intrabudgetary Transactions","163964682.79"
"2016","2015-11-30","17064002","17064033","Office of Federal Student Aid:","null"
"2016","2015-11-30","17065232","17065254","Total--Other Defense Civil Programs","1265736249.85"
"2016","2015-11-30","null","17065256","Environmental Protection Agency:","null"
"2016","2015-11-30","17065256","17065258","Science and Technology","52940724.08"
"2016","2015-11-30","17065256","17065260","Environmental Programs and Management","194083630.69"
"2016","2015-11-30","17065256","17065274","Offsetting Governmental Receipts","'-1178831.50"
"2016","2015-11-30","17065256","17065276","Total--Environmental Protection Agency","827689683.30"
"2016","2015-11-30","17065278","17065282","Office of Management and Budget","7130537.20"
"2016","2015-11-30","17065278","17065285","Other","17315457.60"
"2016","2015-11-30","17065278","17065286","Proprietary Receipts from the Public","'-1861.12"
"2016","2015-11-30","17065278","17065287","Intrabudgetary Transactions","'-112490.27"
"2016","2015-11-30","17065278","17065288","Total--Executive Office of the President","30137908.15"
"2016","2015-11-30","null","17065289","General Services Administration:","null"
"2016","2015-11-30","17065289","17065290","Real Property Activities","'-96245649.26"
"2016","2015-11-30","17065289","17065292","General Activities","12601666.30"
"2016","2015-11-30","17065289","17065293","Proprietary Receipts from the Public","'-8335832.44"
"2016","2015-11-30","17065289","17065294","Intrabudgetary Transactions","'-568441.08"
"2016","2015-11-30","17065289","17065295","Total--General Services Administration","'-188387787.72"
"2016","2015-11-30","17065296","17065297","Millennium Challenge Corporation","74702849.52"
"2016","2015-11-30","17065298","17065300","Foreign Military Financing Program","889952940.55"
"2016","2015-11-30","17065298","17065301","Economic Support Fund","441648445.86"
"2016","2015-11-30","17065298","17065302","Other","44597614.93"
"2016","2015-11-30","17065298","17065304","Total--International Security Assistance","1376199001.34"
"2016","2015-11-30","17065296","17065305","Multilateral Assistance:","null"
"2016","2015-11-30","17065305","17065307","Other","296552748.44"
"2016","2015-11-30","17065305","17065309","Total--Multilateral Assistance","296552748.44"
"2016","2015-11-30","17065310","17065311","Development Assistance Program","184420038.17"
"2016","2015-11-30","17065310","17065312","Assistance for Europe, Eurasia and Central Asia","4833400.95"
"2016","2015-11-30","17065310","17065313","International Disaster Assistance","291314840.64"
"2016","2015-11-30","17064154","17064160","Medicare Prescription Drugs:","null"
"2016","2015-11-30","17065310","17065314","Operating Expenses","90502150.63"
"2016","2015-11-30","17065310","17065315","Other","179471555.62"
"2016","2015-11-30","17065310","17065316","Proprietary Receipts from the Public","'-129929.95"
"2016","2015-11-30","17065296","17065324","Peace Corps","30931194.68"
"2016","2015-11-30","17065296","17065325","International Monetary Programs","163138951.45"
"2016","2015-11-30","17065326","17065327","Foreign Military Sales Trust Fund","2161660079.71"
"2016","2015-11-30","17065326","17065328","Other","3900565.83"
"2016","2015-11-30","17065326","17065329","Proprietary Receipts from the Public","'-2139783023.37"
"2016","2015-11-30","17065296","17065330","Other","7223763.44"
"2016","2015-11-30","17065296","17065331","Total--International Assistance Programs","2682147622.10"
"2016","2015-11-30","17065332","17065333","Science","428272407.44"
"2016","2015-11-30","17065332","17065335","Exploration","391712233.65"
"2016","2015-11-30","17065332","17065336","Cross Agency Support","282896066.19"
"2016","2015-11-30","17065332","17065337","Space Operations","313261982.67"
"2016","2015-11-30","17065332","17065338","Other","96007574.38"
"2016","2015-11-30","17065332","17065339","Proprietary Receipts from the Public","'-97623.73"
"2016","2015-11-30","17065332","17065340","Intrabudgetary Transactions","'-8384.17"
"2016","2015-11-30","17065332","17065341","Total--National Aeronautics and Space Administration","1560091828.58"
"2016","2015-11-30","17065349","17065353","Civil Service Retirement and Disability Fund","6762552234.82"
"2016","2015-11-30","17065349","17065354","Employees Life Insurance Fund","'-316103518.81"
"2016","2015-11-30","17065349","17065355","Employees and Retired Employees Health Benefits Fund","'-117327226.94"
"2016","2015-11-30","17065349","17065356","Other","27785097.11"
"2016","2015-11-30","17065349","17065357","Proprietary Receipts from the Public","'-590687.79"
"2016","2015-11-30","17065349","17065358","Intrabudgetary Transactions:","null"
"2016","2015-11-30","17065358","17065360","Civil Service Retirement and Disability Fund:","null"
"2016","2015-11-30","17065360","17065362","Other","'-3338505.79"
"2016","2015-11-30","17065349","17065363","Total--Office of Personnel Management","7339176573.93"
"2016","2015-11-30","17065364","17065365","Salaries and Expenses","43392549.69"
"2016","2015-11-30","17065364","17065366","Business Loans Program","4032826.34"
"2016","2015-11-30","17065364","17065367","Disaster Loans Program","3509943.79"
"2016","2015-11-30","17065364","17065369","Proprietary Receipts from the Public","'-743598.99"
"2016","2015-11-30","17065364","17065370","Intrabudgetary Transactions","2532628.83"
"2016","2015-11-30","17065372","17065374","Supplemental Security Income Program","649182434.93"
"2016","2015-10-31","16516015","16516051","Postal Service:","null"
"2016","2015-11-30","17065372","17065375","Federal Old-Age and Survivors Insurance Trust Fund (Off-Budget):","null"
"2016","2015-11-30","17065375","17065376","Benefit Payments","62582066096.19"
"2016","2015-11-30","17065372","17065388","Proprietary Receipts from the Public:","null"
"2016","2015-11-30","17065388","17065389","On-Budget","'-305014566.18"
"2016","2015-11-30","17065388","17065390","Off-Budget","'-3369103.31"
"2016","2015-11-30","17065391","17065394","Off-Budget","'-18120036.60"
"2016","2015-11-30","17065372","17065395","Total--Social Security Administration","75056483388.54"
"2016","2015-11-30","null","17065396","Independent Agencies:","null"
"2016","2015-11-30","17065396","17065397","Broadcasting Board of Governors","80403538.91"
"2016","2015-11-30","17065396","17065398","Bureau of Consumer Financial Protection","38270769.33"
"2016","2015-11-30","17065396","17065399","Corporation for National and Community Service","69193842.34"
"2016","2015-11-30","17065396","17065400","Corporation for Public Broadcasting","null"
"2016","2015-11-30","17065396","17065401","District of Columbia:","null"
"2016","2015-11-30","17065401","17065403","Courts","20192914.06"
"2016","2015-11-30","17065401","17065404","General and Special Payments","265143.09"
"2016","2015-11-30","17065396","17065406","Equal Employment Opportunity Commission","28098746.22"
"2016","2015-11-30","17065408","17065409","Universal Service Fund","851460589.29"
"2016","2015-11-30","17065408","17065410","Spectrum Auction Program Account","10596.46"
"2016","2015-11-30","17065396","17065412","Federal Deposit Insurance Corporation:","null"
"2016","2015-11-30","17065412","17065417","Deposit Insurance Fund","'-867423945.93"
"2016","2015-11-30","17065412","17065418","FSLIC Resolution Fund","155233.68"
"2016","2015-11-30","17065412","17065420","Total--Federal Deposit Insurance Corporation","'-867268712.25"
"2016","2015-11-30","17065396","17065422","Federal Housing Finance Agency","19231435.47"
"2016","2015-11-30","17065396","17065423","Institute of Museum and Library Services","16565768.01"
"2016","2015-11-30","17065396","17065424","Intelligence Community Management Account","37325218.99"
"2016","2015-11-30","17065396","17065425","Legal Services Corporation","null"
"2016","2015-11-30","17065396","17065426","National Archives and Records Administration","38042669.80"
"2016","2015-11-30","17065396","17065427","National Credit Union Administration","'-47539064.30"
"2016","2015-11-30","17065396","17065428","National Endowment for the Arts","10162095.86"
"2016","2015-11-30","17065396","17065429","National Endowment for the Humanities","11150563.78"
"2016","2015-11-30","17065437","17065438","Federal Windfall Subsidy","2342770.88"
"2016","2015-10-31","16515521","16515569","Office of Justice Programs:","null"
"2016","2015-11-30","17064305","17064307","Credit Accounts:","null"
"2016","2015-11-30","17065437","17065439","Federal Payments to the Railroad Retirement Accounts","309510.46"
"2016","2015-11-30","17065437","17065440","Railroad Unemployment Insurance Trust Fund:","null"
"2016","2015-11-30","17065440","17065441","Benefit Payments","8573230.62"
"2016","2015-11-30","17065440","17065442","Transfer To Administrative Funds","1192112.00"
"2016","2015-11-30","17065444","17065445","Benefit Payments","432607851.01"
"2016","2015-11-30","17065444","17065447","OASDI Certifications","'-1710667.90"
"2016","2015-11-30","17065444","17065448","Transfer to Administrative Funds","5959743.00"
"2016","2015-11-30","17065444","17065449","Other","'-74643.38"
"2016","2015-11-30","17065450","17065452","Administrative Expenses","651812.25"
"2016","2015-11-30","17065450","17065453","Transfers to the Railroad Retirement Trust Funds from the National Railroad Retirement Investment Trust","null"
"2016","2015-11-30","17065454","17065455","Benefit Payments","589647704.19"
"2016","2015-11-30","17065454","17065456","Transfer To Administrative Funds","2634145.00"
"2016","2015-11-30","17065454","17065457","Other","1773930.45"
"2016","2015-11-30","17065437","17065458","Proprietary Receipts from the Public","'-1012679015.97"
"2016","2015-11-30","17065437","17065463","Total--Railroad Retirement Board","30921077.13"
"2016","2015-11-30","17065396","17065464","Securities and Exchange Commission","143708850.09"
"2016","2015-11-30","17065396","17065465","Smithsonian Institution","69102038.94"
"2016","2015-11-30","17065396","17065466","Tennessee Valley Authority","271610873.21"
"2016","2015-11-30","17065396","17065467","Other","176233449.40"
"2016","2015-11-30","17065469","17065470","Other Interest","'-26.86"
"2016","2015-11-30","17065469","17065471","Employer Share, Employee Retirement:","null"
"2016","2015-11-30","17065474","17065476","Postal Service Employer Contributions","'-53000000.00"
"2016","2016-01-31","18096684","18096685","Federal Old-Age and Survivors Insurance Trust Fund:","null"
"2016","2015-11-30","17065478","17065479","Foreign Service Retirement and Disability Fund","'-26228304.41"
"2016","2015-11-30","17065471","17065481","Other Defense Civil Programs:","null"
"2016","2015-11-30","17065481","17065482","Military Retirement Fund","'-1553026511.41"
"2016","2015-11-30","17065481","17065483","Department of Defense Medicare-Eligible Retiree Health Care Fund","'-26456214.00"
"2016","2015-11-30","17065484","17065486","Civil Service Retirement and Disability Fund","'-2216956903.73"
"2016","2015-11-30","17065471","17065487","Social Security Administration:","null"
"2016","2015-11-30","17065487","17065488","Federal Old-Age and Survivors Insurance Trust Fund:","null"
"2016","2015-11-30","17065488","17065489","Federal Employer Contributions","'-1066000000.00"
"2016","2015-11-30","17065487","17065491","Federal Disability Insurance Trust Fund:","null"
"2016","2015-11-30","17065491","17065492","Federal Employer Contributions","'-181000000.00"
"2016","2015-11-30","17065471","17065497","Total--Employer Share, Employee Retirement","'-5419759344.50"
"2016","2015-11-30","17065469","17065498","Interest Received by Trust Funds:","null"
"2016","2015-11-30","17065499","17065500","Judicial Survivors Annuity Fund","'-244009.11"
"2016","2015-11-30","17065501","17065502","Federal Hospital Insurance Trust Fund","'-11616465.18"
"2016","2015-11-30","17065501","17065503","Federal Supplementary Medical Insurance Trust Fund","'-13253876.91"
"2016","2015-11-30","17065498","17065504","Department of Homeland Security:","null"
"2016","2015-11-30","17065504","17065505","Oil Spill Liability Trust Fund","'-15063998.45"
"2016","2015-11-30","17065504","17065506","Other","'-2508947.08"
"2016","2015-11-30","17065507","17065508","Unemployment Trust Fund","'-16870569.21"
"2016","2015-11-30","17065498","17065509","Department of State:","null"
"2016","2015-11-30","17065509","17065510","Foreign Service Retirement and Disability Fund","'-141768.01"
"2016","2015-11-30","17065511","17065512","Airport and Airway Trust Fund","'-8635931.74"
"2016","2015-11-30","17065498","17065513","Department of Veterans Affairs:","null"
"2016","2015-11-30","17065513","17065514","National Service Life Insurance Fund","'-1171414.68"
"2016","2015-11-30","17065513","17065515","United States Government Life Insurance Fund","'-2103.90"
"2016","2015-11-30","17065498","17065516","Corps of Engineers","'-21922200.76"
"2016","2015-11-30","17065498","17065517","Other Defense Civil Programs:","null"
"2016","2015-11-30","17065517","17065518","Military Retirement Fund","'-568498856.67"
"2016","2015-11-30","17065517","17065519","Educational Benefits Fund","'-7639380.08"
"2016","2015-11-30","17065517","17065520","Armed Forces Retirement Home","'-999892.39"
"2016","2015-11-30","17065498","17065521","Environmental Protection Agency","'-97456.31"
"2016","2015-11-30","17065498","17065522","Office of Personnel Management:","null"
"2016","2015-11-30","17065498","17065531","Other","'-36459796.64"
"2016","2015-11-30","17065498","17065532","Total--Interest Received by Trust Funds","'-1014907163.92"
"2016","2015-11-30","17065469","17065534","Rents and Royalties on the Outer Continental Shelf Lands","'-456966636.53"
"2016","2015-11-30","17065469","17065538","Total--Undistributed Offsetting Receipts","'-6891633171.81"
"2016","2015-11-30","null","17065539","Total Outlays","269520719513.56"
"2016","2015-11-30","17065539","17065540","Total On-Budget","195509819336.09"
"2016","2015-11-30","17065539","17065541","Total Off-Budget","74010900177.47"
"2016","2015-11-30","17065542","17065543","Total On-Budget","'-50070019401.47"
"2016","2015-11-30","17065542","17065544","Total Off-Budget","'-14482900177.47"
"2016","2016-01-31","18095135","18095139","Senate","66486838.66"
"2016","2016-01-31","18095135","18095153","Architect of the Capitol","44628088.77"
"2016","2016-01-31","18095135","18095157","Library of Congress","39790933.58"
"2016","2016-01-31","18095135","18095160","Government Printing Office","582086.08"
"2016","2016-01-31","18095135","18095163","Government Accountability Office","38524973.87"
"2016","2016-01-31","18095135","18095166","United States Tax Court","4670524.83"
"2016","2016-01-31","18095135","18095169","Other Legislative Branch Agencies","6522118.71"
"2016","2016-01-31","18095135","18095174","Proprietary Receipts from the Public","162015.76"
"2016","2016-01-31","18095135","18095176","Intrabudgetary Transactions","'-752695.13"
"2016","2016-01-31","18095192","18095200","Courts of Appeals, District Courts, and Other Judicial Services","524857305.05"
"2016","2016-01-31","18095192","18095202","Other","30881264.47"
"2016","2016-01-31","18095192","18095208","Proprietary Receipts from the Public","'-11636608.01"
"2016","2016-01-31","18095192","18095210","Intrabudgetary Transactions","6475362.41"
"2016","2016-01-31","18095192","18095217","Total--Judicial Branch","558672885.36"
"2016","2016-01-31","18095219","18095227","Agricultural Research Service","91879317.98"
"2016","2016-01-31","18095219","18095229","National Institute of Food and Agriculture:","null"
"2016","2016-01-31","18095229","18095235","Research and Education Activities","41204323.33"
"2016","2016-01-31","18095229","18095237","Extension Activities","23701832.65"
"2016","2016-01-31","18095229","18095243","Other","6355828.51"
"2016","2016-01-31","18095219","18095245","Animal and Plant Health Inspection Service","86615325.42"
"2016","2016-01-31","18095219","18095251","Food Safety and Inspection Service","75641280.04"
"2016","2016-01-31","18095219","18095254","Agricultural Marketing Service","100527380.67"
"2016","2016-01-31","18095258","18095261","Administrative and Operating Expenses","5707397.20"
"2016","2016-01-31","18095258","18095265","Federal Crop Insurance Corporation Fund","839675949.78"
"2016","2016-01-31","18095269","18095273","Salaries and Expenses","137616374.47"
"2016","2016-01-31","18095269","18095277","USDA Supplemental Assistance","'-172.90"
"2016","2016-01-31","18095269","18095293","Agricultural Credit Insurance Fund","'-5827727.50"
"2016","2016-01-31","18096685","18096686","Federal Employer Contributions","'-1098000000.00"
"2016","2016-01-31","18095269","18095301","Total--Farm Service Agency","926820912.20"
"2016","2016-01-31","18095303","18095307","Conservation Operations","52483201.44"
"2016","2016-01-31","18095303","18095309","Farm Security and Rural Investment Programs","366207636.24"
"2016","2016-01-31","18095303","18095313","Other","6301459.12"
"2016","2016-01-31","18095219","18095315","Rural Development","'-15851629.37"
"2016","2016-01-31","18095219","18095319","Rural Housing Service:","null"
"2016","2016-01-31","18095319","18095321","Rural Housing Insurance Fund","72101540.09"
"2016","2016-01-31","18095319","18095325","Rental Assistance Program","97167259.79"
"2016","2015-10-31","16514756","16514814","Other","null"
"2016","2015-10-31","16515782","16515826","Interest on the Public Debt:","null"
"2016","2016-01-31","18095319","18095327","Other","8700927.51"
"2016","2016-01-31","18095219","18095331","Rural Utilities Service:","null"
"2016","2016-01-31","18095331","18095339","Other","7786784.69"
"2016","2016-01-31","18095219","18095343","Foreign Agricultural Service","86808668.97"
"2016","2016-01-31","18095345","18095349","Supplemental Nutrition Assistance Program","5981472508.16"
"2016","2016-01-31","18095345","18095351","Child Nutrition Programs","1755787991.06"
"2016","2016-01-31","18095345","18095355","Special Supplemental Nutrition Program for Women, Infants, and Children (WIC)","536358762.64"
"2016","2016-01-31","18095345","18095357","Other","33144292.83"
"2016","2016-01-31","18095345","18095361","Total--Food and Nutrition Service","8306763554.69"
"2016","2016-01-31","18095363","18095367","National Forest System","104548114.06"
"2016","2016-01-31","18095363","18095369","Capital Improvement and Maintenance","20652134.23"
"2016","2016-01-31","18095363","18095373","Wildland Fire Management","318580887.47"
"2016","2016-01-31","18095363","18095375","Forest Service Permanent Appropriations","6670792.01"
"2016","2016-01-31","18095363","18095382","Total--Forest Service","490597555.90"
"2016","2016-01-31","18095219","18095386","Other","50574695.07"
"2016","2016-01-31","18095219","18095388","Proprietary Receipts from the Public","'-294201786.95"
"2016","2016-01-31","18095219","18095392","Intrabudgetary Transactions","'-49596266.00"
"2016","2016-01-31","18095219","18095394","Total--Department of Agriculture","10966015957.39"
"2016","2016-01-31","18095398","18095404","Bureau of the Census","83576935.23"
"2016","2016-01-31","18095398","18095406","International Trade Administration","27335634.50"
"2016","2016-01-31","18095398","18095410","National Oceanic and Atmospheric Administration","442831668.99"
"2016","2016-01-31","18095398","18095412","National Institute of Standards and Technology","76000325.60"
"2016","2015-10-31","16514876","16514892","Centers for Medicare and Medicaid Services:","null"
"2016","2016-01-31","18095398","18095416","National Telecommunications and Information Administration","'-21992292.31"
"2016","2016-01-31","18095398","18095418","Other","40480310.15"
"2016","2016-01-31","18095398","18095420","Proprietary Receipts from the Public","'-37217.66"
"2016","2016-01-31","18095398","18095422","Intrabudgetary Transactions","'-6995073.68"
"2016","2016-01-31","18095398","18095424","Offsetting Governmental Receipts","'-16622.22"
"2016","2016-01-31","18095398","18095426","Total--Department of Commerce","662458166.08"
"2016","2016-01-31","18095430","18095432","Department of the Army","2657061958.10"
"2016","2016-01-31","18095430","18095434","Department of the Navy","2161213579.45"
"2016","2016-01-31","18095430","18095436","Department of the Air Force","1640253437.50"
"2016","2016-01-31","18095430","18095438","Defense Agencies","null"
"2016","2016-01-31","18095430","18095440","Total--Military Personnel","6458528975.05"
"2016","2016-01-31","18095428","18095443","Operation and Maintenance:","null"
"2016","2016-01-31","18095443","18095446","Department of the Army","4832663226.11"
"2016","2016-01-31","18095443","18095448","Department of the Navy","4270336513.94"
"2016","2016-01-31","18095443","18095450","Department of the Air Force","3971936662.25"
"2016","2016-01-31","18095443","18095451","Defense Agencies","4924044767.63"
"2016","2016-01-31","18095443","18095452","Total--Operation and Maintenance","17998981169.93"
"2016","2016-01-31","18095428","18095453","International Reconstruction and Other Assistance:","null"
"2016","2016-01-31","18095453","18095454","Department of the Army","null"
"2016","2016-01-31","18095455","18095456","Department of the Army","1106454390.72"
"2016","2016-01-31","18095455","18095457","Department of the Navy","2873719509.18"
"2016","2016-01-31","18095455","18095458","Department of the Air Force","4328285853.17"
"2016","2016-01-31","18095455","18095459","Defense Agencies","432919142.34"
"2016","2016-01-31","18095455","18095460","Total--Procurement","8741378895.41"
"2016","2016-01-31","18095461","18095462","Department of the Army","517073959.98"
"2016","2016-01-31","18095461","18095463","Department of the Navy","954123331.04"
"2016","2016-01-31","18095461","18095464","Department of the Air Force","1600282122.58"
"2016","2016-01-31","18095461","18095465","Defense Agencies","1514284164.22"
"2016","2016-01-31","18095461","18095466","Total--Research, Development, Test, and Evaluation","4585763577.82"
"2016","2016-01-31","18095467","18095468","Department of the Army","'-124232300.14"
"2016","2016-01-31","18095467","18095469","Department of the Navy","87973508.28"
"2016","2016-01-31","18095467","18095470","Department of the Air Force","62403389.84"
"2016","2015-11-30","17065004","17065142","Other","8971760.69"
"2016","2016-01-31","18095467","18095471","Defense Agencies","179018848.05"
"2016","2016-01-31","18095473","18095475","Department of the Navy","27640015.07"
"2016","2016-01-31","18095473","18095476","Department of the Air Force","18791079.07"
"2016","2016-01-31","18095473","18095477","Defense Agencies","57936399.00"
"2016","2016-01-31","18095478","18095480","Department of the Navy","81976975.69"
"2016","2016-01-31","18095482","18095483","Working Capital Fund","'-818127155.48"
"2016","2016-01-31","18095482","18095484","Other","42986420.47"
"2016","2016-01-31","18095428","18095485","Allowances","'-1367103.97"
"2016","2016-01-31","18095486","18095487","Department of the Army","4011079.91"
"2016","2016-01-31","18095486","18095488","Department of the Navy","789218.59"
"2016","2016-01-31","18095486","18095489","Department of the Air Force","1182579.10"
"2016","2016-01-31","18095486","18095490","Defense Agencies","185730755.95"
"2016","2016-01-31","18095428","18095491","Proprietary Receipts from the Public:","null"
"2016","2016-01-31","18095491","18095492","Department of the Army","12861245.84"
"2016","2016-01-31","18095491","18095493","Department of the Navy","'-35322838.55"
"2016","2016-01-31","18095491","18095494","Department of the Air Force","'-359740291.74"
"2016","2016-01-31","18095491","18095495","Defense Agencies","'-51134151.16"
"2016","2016-01-31","18095496","18095499","Department of the Air Force","60135890.31"
"2016","2016-01-31","18095496","18095500","Defense Agencies","193074046.56"
"2016","2016-01-31","18095428","18095501","Offsetting Governmental Receipts:","null"
"2016","2016-01-31","18095501","18095502","Department of the Army","'-167424.45"
"2016","2016-01-31","18095428","18095505","Total--Department of Defense--Military Programs","37363190789.11"
"2016","2016-01-31","18095507","18095509","Office of Elementary and Secondary Education:","null"
"2016","2016-01-31","18095509","18095511","Accelerating Achievement and Ensuring Equity","1117388980.88"
"2016","2016-01-31","18095509","18095513","Impact Aid","281436092.31"
"2016","2016-01-31","18095509","18095515","Education Improvement Programs","339635756.52"
"2016","2016-01-31","18095509","18095519","Other","25158082.63"
"2016","2016-01-31","18095509","18095521","Total--Office of Elementary and Secondary Education","1763618912.34"
"2016","2016-01-31","18095507","18095523","Office of Innovation and Improvement","95817562.36"
"2016","2016-01-31","18095527","18095529","Special Education","1137734562.28"
"2016","2016-01-31","18095527","18095531","Rehabilitation Services and Disability Research","231674211.72"
"2016","2016-01-31","18095527","18095533","Special Institutions for Persons with Disabilities","27102430.53"
"2016","2015-10-31","16515165","16515278","Housing Programs:","null"
"2016","2015-11-30","17065278","17065280","The White House","4482834.68"
"2016","2016-01-31","18095507","18095535","Office of Vocational and Adult Education","138628256.47"
"2016","2016-01-31","18095537","18095539","Higher Education","139086517.13"
"2016","2016-01-31","18095537","18095541","Other","61239726.27"
"2016","2016-01-31","18095537","18095543","Total--Office of Postsecondary Education","200326243.40"
"2016","2016-01-31","18095545","18095547","Student Financial Assistance","4835329041.09"
"2016","2016-01-31","18095545","18095549","Student Aid Administration","118168644.15"
"2016","2016-01-31","18095545","18095555","Federal Family Education Loans","'-34037415.44"
"2016","2016-01-31","18095545","18095557","Other","4239591.31"
"2016","2016-01-31","18095545","18095559","Total--Office of Federal Student Aid","4923699861.11"
"2016","2016-01-31","18095507","18095561","Institute of Education Sciences","52045799.41"
"2016","2016-01-31","18095507","18095563","Departmental Management","42172673.99"
"2016","2016-01-31","18095507","18095567","Proprietary Receipts from the Public","'-2332810.77"
"2016","2016-01-31","18095507","18095569","Intrabudgetary Transactions","7122662.45"
"2016","2016-01-31","18095507","18095571","Total--Department of Education","8667994307.24"
"2016","2016-01-31","18095575","18095577","Naval Reactors","71968260.37"
"2016","2016-01-31","18095575","18095579","Weapons Activities","531218176.73"
"2016","2016-01-31","18095575","18095581","Defense Nuclear Nonproliferation","123875785.25"
"2016","2016-01-31","18095573","18095585","Environmental and Other Defense Activities:","null"
"2016","2016-01-31","18095585","18095587","Defense Environmental Cleanup","411755923.80"
"2016","2016-01-31","18095585","18095589","Other Defense Activities","81050440.34"
"2016","2016-01-31","18095585","18095591","Defense Nuclear Waste Disposal","140367.60"
"2016","2016-01-31","18095595","18095597","Science","407139587.14"
"2016","2016-01-31","18095595","18095599","Energy Supply","105488297.13"
"2016","2016-01-31","18095595","18095603","Fossil Energy Research and Development","38767748.45"
"2016","2016-01-31","18095595","18095609","Title 17 Innovative Technology Loan Guarantee Program","1463498.67"
"2016","2016-01-31","18095595","18095611","Other","72493305.04"
"2016","2016-01-31","18095595","18095613","Total--Energy Programs","780091975.52"
"2016","2016-01-31","18095573","18095615","Power Marketing Administration","'-46459666.25"
"2016","2016-01-31","18095573","18095619","Proprietary Receipts from the Public","'-66342079.41"
"2016","2016-01-31","18095573","18095621","Intrabudgetary Transactions","'-100959369.59"
"2016","2016-01-31","18095573","18095625","Total--Department of Energy","1837548740.62"
"2016","2015-11-30","17065332","17065334","Aeronautics","48047572.15"
"2016","2016-01-31","18095627","18095629","Food and Drug Administration","145715741.28"
"2016","2016-01-31","18095627","18095631","Health Resources and Services Administration","706834610.21"
"2016","2016-01-31","18095627","18095633","Indian Health Service","412000040.71"
"2016","2016-01-31","18095627","18095635","Centers for Disease Control and Prevention","654703947.99"
"2016","2016-01-31","18095627","18095637","National Institutes of Health","2255134827.70"
"2016","2016-01-31","18095627","18095639","Substance Abuse and Mental Health Services Administration","231000816.89"
"2016","2016-01-31","18095627","18095641","Agency for Healthcare Research and Quality","15502717.83"
"2016","2016-01-31","18095643","18095645","Grants to States for Medicaid","28463607542.22"
"2016","2016-01-31","18095643","18095647","Payments to Health Care Trust Funds","27548090102.33"
"2016","2016-01-31","18095643","18095649","Children's Health Insurance Fund","904130628.82"
"2016","2016-01-31","18095643","18095651","State Grants and Demonstrations","34543905.35"
"2016","2016-01-31","18095643","18095655","Federal Hospital Insurance Trust Fund:","null"
"2016","2016-01-31","18095655","18095657","Benefit Payments","21465914490.66"
"2016","2016-01-31","18095655","18095659","Administrative Expenses","348588830.30"
"2016","2016-01-31","18095655","18095661","Total--Federal Hospital Insurance Trust Fund","21814503320.96"
"2016","2016-01-31","18095643","18095663","Health Care Fraud and Abuse Control","92078250.90"
"2016","2016-01-31","18095665","18095667","Benefit Payments","21082113238.37"
"2016","2016-01-31","18095665","18095669","Administrative Expenses","318305263.00"
"2016","2016-01-31","18095671","18095673","Benefit Payments","6685808048.91"
"2016","2016-01-31","18095665","18095677","Total--Federal Supplementary Medical Insurance Trust Fund","28100627513.28"
"2016","2016-01-31","18095643","18095679","Other","75152038.62"
"2016","2016-01-31","18095683","18095687","Contingency Fund","116339360.83"
"2016","2016-01-31","18095683","18095689","Payments to States for Child Support Enforcement and Family Support Programs","272003699.94"
"2016","2016-01-31","18095683","18095691","Low Income Home Energy Assistance","414238477.86"
"2016","2016-01-31","18095683","18095693","Refugee and Entrant Assistance","89034074.71"
"2016","2016-01-31","18095683","18095695","Child Care Entitlement to States","79435930.51"
"2016","2016-01-31","18095683","18095697","Payments to States for the Child Care and Development Block Grant","219877055.93"
"2016","2016-01-31","18095683","18095699","Social Services Block Grant","129329234.20"
"2016","2016-01-31","18095683","18095701","Children and Families Services Programs","820472365.12"
"2016","2016-01-31","18095683","18095703","Payments to States for Foster Care and Adoption Assistance","655477184.38"
"2016","2015-10-31","16514565","16514573","Other","32218686.95"
"2016","2015-10-31","16516073","16516074","Benefit Payments","589300192.39"
"2016","2016-01-31","18095683","18095705","Other","34797975.69"
"2016","2016-01-31","18095683","18095707","Total--Administration for Children and Families","4170923096.53"
"2016","2016-01-31","18095627","18095709","Administration for Community Living","132497037.50"
"2016","2016-01-31","18095627","18095711","Departmental Management","255724497.03"
"2016","2016-01-31","18095627","18095713","Other","84818855.50"
"2016","2016-01-31","18095627","18095715","Proprietary Receipts from the Public","'-5647191284.08"
"2016","2016-01-31","18095627","18095717","Intrabudgetary Transactions:","null"
"2016","2016-01-31","18095719","18095721","Federal Supplementary Medical Insurance Trust Fund","'-23389150009.46"
"2016","2016-01-31","18095723","18095725","Federal Hospital Insurance Trust Fund","'-4154530197.79"
"2016","2016-01-31","18095717","18095727","Other","'-286393937.18"
"2016","2016-01-31","18095627","18095729","Total--Department of Health and Human Services","82620324063.14"
"2016","2016-01-31","18095731","18095733","Departmental Management and Operations","66724900.00"
"2016","2016-01-31","18095731","18095735","Citizenship and Immigration Services","251711950.60"
"2016","2016-01-31","18095731","18095737","United States Secret Service","156518489.69"
"2016","2016-01-31","18095731","18095739","Transportation Security Administration","603063119.38"
"2016","2016-01-31","18095731","18095741","Immigration and Customs Enforcement","493570787.73"
"2016","2016-01-31","18095731","18095743","U.S. Customs and Border Protection","922845702.08"
"2016","2016-01-31","18095731","18095745","United States Coast Guard","579822628.56"
"2016","2016-01-31","18095731","18095747","National Protection and Programs Directorate","92077099.32"
"2016","2016-01-31","18095749","18095751","State and Local Programs","95640983.74"
"2016","2016-01-31","18095749","18095753","Firefighter Assistance Grants","36002430.44"
"2016","2016-01-31","18095749","18095755","Disaster Relief","360072726.04"
"2016","2016-01-31","18095749","18095757","National Flood Insurance Fund","3194765.03"
"2016","2016-01-31","18095749","18095759","Other","88997607.44"
"2016","2016-01-31","18095749","18095761","Total--Federal Emergency Management Agency","583908512.69"
"2016","2016-01-31","18095731","18095763","Science and Technology","57804960.71"
"2016","2016-01-31","18095731","18095765","Domestic Nuclear Detection Office","23489986.11"
"2016","2016-01-31","18095731","18095767","Other","28283385.08"
"2016","2016-01-31","18095731","18095769","Proprietary Receipts from the Public","'-37001945.09"
"2016","2016-01-31","18095731","18095771","Intrabudgetary Transactions","24960295.54"
"2016","2016-01-31","18095731","18095773","Offsetting Governmental Receipts","'-836650162.12"
"2016","2016-01-31","18095731","18095775","Total--Department of Homeland Security","3011129710.28"
"2016","2016-01-31","18095777","18095779","Public and Indian Housing Programs:","null"
"2016","2015-10-31","16514623","16514665","Research, Development, Test, and Evaluation:","null"
"2016","2015-10-31","16516130","16516131","Airport and Airway Trust Fund","'-5450759.89"
"2016","2015-11-30","17064359","17064361","Bureau of Land Management:","null"
"2016","2016-01-31","18095779","18095781","Tenant Based Rental Assistance","1636267831.00"
"2016","2016-01-31","18096684","18096688","Federal Disability Insurance Trust Fund:","null"
"2016","2016-01-31","18095779","18095783","Housing Certificate Fund","13833015.81"
"2016","2016-01-31","18095779","18095787","Public Housing Capital Fund","131781984.27"
"2016","2016-01-31","18095779","18095789","Public Housing Operating Fund","350140902.87"
"2016","2016-01-31","18095779","18095791","Revitalization of Severely Distressed Public Housing (Hope VI)","11039585.56"
"2016","2016-01-31","18095779","18095793","Native American Housing Block Grant","41706734.74"
"2016","2016-01-31","18095779","18095795","Other","13283880.46"
"2016","2016-01-31","18095779","18095797","Total--Public and Indian Housing Programs","2198053934.71"
"2016","2016-01-31","18095799","18095801","Housing Opportunities for Persons with AIDS","33726006.18"
"2016","2016-01-31","18095799","18095805","Home Investment Partnership Program","79838030.20"
"2016","2016-01-31","18095799","18095807","Neighborhood Stabilization Program","1536101.26"
"2016","2016-01-31","18095799","18095809","Homeless Assistance Grants","153872987.08"
"2016","2016-01-31","18095799","18095811","Other","5970289.14"
"2016","2016-01-31","18095799","18095813","Total--Community Planning and Development","726084247.94"
"2016","2016-01-31","18095777","18095815","Housing Programs:","null"
"2016","2016-01-31","18095815","18095817","Credit Accounts:","null"
"2016","2016-01-31","18095817","18095819","FHA-Mutual Mortgage Insurance Fund, Program Account","10665906.35"
"2016","2016-01-31","18095817","18095821","FHA-Mutual Mortgage Insurance Capital Reserve Account","'-647741208.02"
"2016","2016-01-31","18095817","18095823","FHA-Mutual Mortgage and Cooperative Housing Insurance Fund, Liquidating Account","1302047.96"
"2016","2016-01-31","18095817","18095827","FHA-General and Special Risk Fund, Liquidating Account","'-6414949.51"
"2016","2016-01-31","18095817","18095829","Housing for the Elderly or Handicapped Fund, Liquidating Account","'-45941854.39"
"2016","2016-01-31","18095815","18095831","HUD Project-Based Rental Assistance","875157560.26"
"2016","2016-01-31","18095815","18095837","Housing for Persons with Disabilities","13296977.01"
"2016","2016-01-31","18095815","18095839","Other Assisted Housing Programs","18639909.63"
"2016","2016-01-31","18095815","18095841","Other","'-6052476.96"
"2016","2016-01-31","18095815","18095843","Total--Housing Programs","269672966.98"
"2016","2016-01-31","18095845","18095847","Guarantees of Mortgage-Backed Securities","4861070.50"
"2016","2016-01-31","18095777","18095849","Management and Administration","123356169.47"
"2016","2016-01-31","18095777","18095851","Other","11880768.07"
"2016","2016-01-31","18095777","18095853","Proprietary Receipts from the Public:","null"
"2016","2016-01-31","18095853","18095857","FHA-General and Special Risk Fund","'-30943062.86"
"2016","2016-01-31","18095853","18095859","Other","27293355.78"
"2016","2016-01-31","18095777","18095861","Intrabudgetary Transactions","4774609.68"
"2016","2016-01-31","18095777","18095863","Offsetting Governmental Receipts","'-869300.00"
"2016","2016-01-31","18095777","18095865","Total--Department of Housing and Urban Development","3334164760.27"
"2016","2016-01-31","null","18095867","Department of the Interior:","null"
"2016","2016-01-31","18095867","18095869","Land and Minerals Management:","null"
"2016","2016-01-31","18095871","18095873","Management of Lands and Resources","68175231.56"
"2016","2016-01-31","18095871","18095875","Other","15919279.86"
"2016","2016-01-31","18095869","18095877","Bureau of Ocean Energy Management","10598294.32"
"2016","2016-01-31","18095869","18095879","Office of Surface Mining Reclamation and Enforcement","160307359.88"
"2016","2016-01-31","18096054","18096072","International Organizations and Conferences","56607169.03"
"2016","2016-01-31","18095869","18095881","Total--Land and Minerals Management","255000165.62"
"2016","2016-01-31","18095885","18095887","Water and Related Resources","61653568.16"
"2016","2016-01-31","18095883","18095891","Central Utah Project","938971.79"
"2016","2016-01-31","18095883","18095893","United States Geological Survey","60983081.26"
"2016","2016-01-31","18095883","18095895","Total--Water and Science","131568609.09"
"2016","2016-01-31","18095867","18095897","Fish and Wildlife and Parks:","null"
"2016","2016-01-31","18095897","18095899","United States Fish and Wildlife Service","207051586.67"
"2016","2016-01-31","18095897","18095901","National Park Service","213470569.70"
"2016","2016-01-31","18095897","18095903","Total--Fish and Wildlife and Parks","420522156.37"
"2016","2016-01-31","18095905","18095907","Bureau of Indian Affairs and Bureau of Indian Education","199382980.74"
"2016","2016-01-31","18095905","18095909","Total--Indian Affairs","199382980.74"
"2016","2016-01-31","18095911","18095915","Mineral Leasing and Associated Payments","92788525.59"
"2016","2016-01-31","18095911","18095917","Other","39874007.20"
"2016","2016-01-31","18095911","18095919","Insular Affairs","24951507.32"
"2016","2016-01-31","18095911","18095923","Department-Wide Programs","19991866.70"
"2016","2016-01-31","18095911","18095925","Total--Departmental Offices","191788458.90"
"2016","2016-01-31","18095867","18095927","Other","1372543.18"
"2016","2016-01-31","18095867","18095929","Proprietary Receipts from the Public","'-323736017.04"
"2016","2016-01-31","18095867","18095931","Intrabudgetary Transactions","12299385.30"
"2016","2016-01-31","18095867","18095933","Total--Department of the Interior","888198282.16"
"2016","2015-11-30","17063937","17063952","Procurement:","null"
"2016","2015-11-30","17064650","17064656","Administration of Foreign Affairs:","null"
"2016","2016-01-31","18095135","18095185","Total--Legislative Branch","341826284.11"
"2016","2016-01-31","18095935","18095937","General Administration","41781186.75"
"2016","2016-01-31","18095939","18095941","General Legal Activities","85668303.91"
"2016","2016-01-31","18095939","18095943","United States Attorneys","147208939.74"
"2016","2016-01-31","18095939","18095945","United States Marshals Service","35694303.22"
"2016","2016-01-31","18095939","18095947","Assets Forfeiture Fund","41657996.19"
"2016","2016-01-31","18095935","18095951","Federal Bureau of Investigation","654711131.44"
"2016","2016-01-31","18095935","18095953","Drug Enforcement Administration","160411473.63"
"2016","2016-01-31","18095935","18095955","Bureau of Alcohol, Tobacco, Firearms, and Explosives","91334641.96"
"2016","2016-01-31","18095935","18095957","Federal Prison System","539097082.81"
"2016","2016-01-31","18095959","18095961","State and Local Law Enforcement Assistance","51672124.07"
"2016","2016-01-31","18095959","18095963","Community Oriented Policing Services","18570722.21"
"2016","2016-01-31","18095959","18095965","Crime Victims Fund","50639163.35"
"2016","2016-01-31","18095959","18095967","Other","74278990.14"
"2016","2016-01-31","18095935","18095969","Other","41298171.09"
"2016","2016-01-31","18095935","18095971","Proprietary Receipts from the Public","'-70650473.26"
"2016","2016-01-31","18095935","18095973","Intrabudgetary Transactions","62269122.83"
"2016","2016-01-31","18095935","18095977","Total--Department of Justice","2098728810.21"
"2016","2016-01-31","18095979","18095981","Employment and Training Administration:","null"
"2016","2016-01-31","18095981","18095983","Training and Employment Services","210034338.08"
"2016","2016-01-31","18095981","18095985","Office of Job Corps","123287795.14"
"2016","2016-01-31","18095981","18095987","Community Service Employment for Older Americans","35868191.19"
"2016","2016-01-31","18095981","18095989","Federal Unemployment Benefits and Allowances","23858335.73"
"2016","2016-01-31","18095981","18095991","Federal Additional Unemployment Compensation Program-Recovery Act","'-246552.07"
"2016","2016-01-31","18095981","18095993","State Unemployment Insurance and Employment Service Operations","82146041.85"
"2016","2016-01-31","18095981","18095995","Payments to the Unemployment Trust Fund","null"
"2016","2016-01-31","18095981","18095999","Program Administration","8302679.82"
"2016","2016-01-31","18096001","18096003","Federal-State Unemployment Insurance:","null"
"2016","2016-01-31","18096003","18096005","State Unemployment Benefits","3115543285.89"
"2016","2016-01-31","18096001","18096007","State Administrative Expenses","192000000.00"
"2016","2016-01-31","18096001","18096009","Federal Administrative Expenses","24259470.06"
"2016","2016-01-31","18096001","18096013","Other","84845.67"
"2016","2015-10-31","null","16515889","Environmental Protection Agency:","null"
"2016","2015-11-30","17064927","17064957","Other","72684805.33"
"2016","2016-01-31","18096001","18096015","Total--Unemployment Trust Fund","3331887601.62"
"2016","2016-01-31","18095981","18096017","Other","25095837.71"
"2016","2016-01-31","18095981","18096019","Total--Employment and Training Administration","3840234269.07"
"2016","2016-01-31","18095979","18096021","Pension Benefit Guaranty Corporation","418186146.19"
"2016","2016-01-31","18096025","18096027","Special Benefits","159211871.02"
"2016","2016-01-31","18096025","18096029","Energy Employees Occupational Illness Compensation Fund","73213053.93"
"2016","2016-01-31","18096025","18096031","Special Benefits for Disabled Coal Miners","8398563.85"
"2016","2016-01-31","18096025","18096033","Black Lung Disability Trust Fund","17565240.85"
"2016","2016-01-31","18096025","18096035","Other","26030202.32"
"2016","2016-01-31","18095979","18096037","Wage and Hour Division","16802444.40"
"2016","2016-01-31","18095979","18096038","Occupational Safety and Health Administration","40124464.64"
"2016","2016-01-31","18095979","18096040","Mine Safety and Health Administration","26783255.84"
"2016","2016-01-31","18095979","18096044","Departmental Management","67598081.43"
"2016","2016-01-31","18095979","18096046","Other","21481574.73"
"2016","2016-01-31","18095979","18096048","Proprietary Receipts from the Public","'-317849.35"
"2016","2016-01-31","18095979","18096050","Intrabudgetary Transactions","'-18216404.96"
"2016","2016-01-31","18095979","18096052","Total--Department of Labor","4724676756.49"
"2016","2016-01-31","18096056","18096060","Educational and Cultural Exchange Programs","27954791.23"
"2016","2016-01-31","18096056","18096062","Embassy Security, Construction, and Maintenance","194052458.41"
"2016","2016-01-31","18096056","18096064","Payment to Foreign Service Retirement and Disability Fund","46891390.00"
"2016","2016-01-31","18096056","18096066","Foreign Service Retirement and Disability Fund","77516308.59"
"2016","2016-01-31","18096056","18096070","Total--Administration of Foreign Affairs","1089017103.70"
"2016","2016-01-31","18096166","18096170","Other","'-73472.65"
"2016","2016-01-31","18096054","18096074","Global Health and Child Survival","308935514.78"
"2016","2015-10-31","16515165","16515171","Public and Indian Housing Programs:","null"
"2016","2015-10-31","16515938","16515940","Proprietary Receipts from the Public","'-1796909.56"
"2016","2015-11-30","17063993","17063996","Department of the Air Force","67562267.45"
"2016","2016-01-31","18096054","18096076","Migration and Refugee Assistance","155775117.36"
"2016","2016-01-31","18096054","18096078","International Narcotics Control and Law Enforcement","81812460.71"
"2016","2016-01-31","18096054","18096080","Andean Counterdrug Programs","10014.90"
"2016","2016-01-31","18096054","18096082","Other","35371551.32"
"2016","2016-01-31","18096054","18096084","Proprietary Receipts from the Public","52342575.21"
"2016","2016-01-31","18096054","18096086","Intrabudgetary Transactions","'-115524525.14"
"2016","2016-01-31","18096054","18096088","Total--Department of State","1664346981.87"
"2016","2016-01-31","18096090","18096092","Office of the Secretary","8008545.84"
"2016","2016-01-31","18096096","18096098","Operations","'-191395109.92"
"2016","2016-01-31","18096096","18096100","Airport and Airway Trust Fund:","null"
"2016","2016-01-31","18096100","18096102","Grants-In-Aid for Airports","206360252.45"
"2016","2016-01-31","18096100","18096104","Facilities and Equipment","165877980.61"
"2016","2016-01-31","18096100","18096106","Research, Engineering, and Development","16219478.52"
"2016","2016-01-31","18096100","18096108","Trust Fund Share of FAA Operations","900000000.00"
"2016","2015-11-30","17065192","17065200","Other","218581997.19"
"2016","2016-01-31","18096100","18096110","Total--Airport and Airway Trust Fund","1288457711.58"
"2016","2016-01-31","18096096","18096112","Other","3666192.97"
"2016","2016-01-31","18096096","18096114","Total--Federal Aviation Administration","1100728794.63"
"2016","2016-01-31","18096090","18096116","Federal Highway Administration:","null"
"2016","2016-01-31","18096116","18096118","Highway Trust Fund:","null"
"2016","2016-01-31","18096118","18096120","Federal-Aid Highways","2398941141.75"
"2016","2016-01-31","18096118","18096122","Other","1338492.46"
"2016","2016-01-31","18096116","18096124","Highway Infrastructure Investment, Recovery Act","null"
"2016","2016-01-31","18096116","18096126","Other Programs","70036173717.34"
"2016","2016-01-31","18096116","18096128","Total--Federal Highway Administration","72436453351.55"
"2016","2016-01-31","18096090","18096130","Federal Motor Carrier Safety Administration","39467762.59"
"2016","2016-01-31","18096090","18096132","National Highway Traffic Safety Administration","51271364.12"
"2016","2016-01-31","18096090","18096134","Federal Railroad Administration:","null"
"2016","2016-01-31","18096134","18096136","Operating Subsidy Grants to the National Railroad Passenger Corporation","null"
"2016","2016-01-31","18096134","18096142","Other","43842116.12"
"2016","2016-01-31","18096134","18096144","Total--Federal Railroad Administration","285657890.80"
"2016","2016-01-31","18096090","18096146","Federal Transit Administration:","null"
"2016","2016-01-31","18096146","18096150","Capital Investment Grants","159630353.52"
"2016","2016-01-31","18096146","18096152","Transit Formula Grants","486783239.65"
"2016","2016-01-31","18096146","18096154","Transit Capital Assistance, Recovery Act","null"
"2016","2016-01-31","18096146","18096156","Other","68172112.20"
"2016","2016-01-31","18096146","18096158","Total--Federal Transit Administration","716581295.37"
"2016","2016-01-31","18096090","18096160","Maritime Administration","14728401.17"
"2016","2016-01-31","18096090","18096162","Other","37280627.60"
"2016","2016-01-31","18096090","18096164","Proprietary Receipts from the Public","'-6239622.21"
"2016","2016-01-31","18096166","18096168","Payment from the General Fund, Highway Trust Fund","'-70100000000.00"
"2016","2016-01-31","18096090","18096172","Offsetting Governmental Receipts","'-698740.95"
"2016","2016-01-31","18096090","18096174","Total--Department of Transportation","4583166197.86"
"2016","2016-01-31","null","18096176","Department of the Treasury:","null"
"2016","2016-01-31","18096176","18096178","Departmental Offices:","null"
"2016","2016-01-31","18096178","18096180","Exchange Stabilization Fund","'-5736266.17"
"2016","2016-01-31","18096178","18096182","Grants for Specified Energy Property in Lieu of Tax Credit","737790.00"
"2016","2016-01-31","18096178","18096184","Housing and Economic Recovery Programs","null"
"2016","2016-01-31","18096178","18096186","Troubled Asset Relief Program","329389020.53"
"2016","2016-01-31","18096178","18096188","Other","93427856.92"
"2016","2016-01-31","18096176","18096190","Bureau of the Fiscal Service:","null"
"2016","2015-10-31","16514380","16514533","Rural Housing Service:","null"
"2016","2015-11-30","17065296","17065298","International Security Assistance:","null"
"2016","2016-01-31","18095573","18095575","National Nuclear Security Administration:","null"
"2016","2016-01-31","18096190","18096204","Payment to the Resolution Funding Corporation","651832990.44"
"2016","2016-01-31","18096190","18096205","Financial Agent Services","49990327.44"
"2016","2016-01-31","18096190","18096208","Claims, Judgements, and Relief Acts","1370867706.32"
"2016","2016-01-31","18096190","18096209","Other","26098889.87"
"2016","2016-01-31","18096190","18096213","Total--Bureau of the Fiscal Service","2098789914.07"
"2016","2016-01-31","18096217","18096219","Salaries and Expenses","7035881.05"
"2016","2016-01-31","18096217","18096221","Internal Revenue Collections for Puerto Rico","23178748.00"
"2016","2016-01-31","18096176","18096223","Bureau of Engraving and Printing","42204952.91"
"2016","2016-01-31","18096176","18096225","United States Mint","'-110185282.39"
"2016","2016-01-31","18096227","18096229","Taxpayer Services","175097940.48"
"2016","2016-01-31","18096227","18096231","Enforcement","343203208.11"
"2016","2016-01-31","18096227","18096233","Operations Support","344362442.61"
"2016","2016-01-31","18096227","18096235","Build America Bond Payments, Recovery Act","210456633.58"
"2016","2016-01-31","18096227","18096237","Refundable Premium Tax Credits and Cost Sharing Reductions","1816855056.71"
"2016","2016-01-31","18096227","18096239","Payment Where Earned Income Credit Exceeds Liability for Tax","977654.94"
"2016","2016-01-31","18096227","18096243","Payment Where American Opportunity Tax Credit Exceeds Liability for Tax","78247243.89"
"2016","2016-01-31","18096227","18096247","Refunding Internal Revenue Collections, Interest","18506514.45"
"2016","2016-01-31","18096176","18096277","Total--Department of the Treasury","27516506691.80"
"2016","2016-01-31","18096283","18096287","Medical Services","3916456473.55"
"2016","2016-01-31","18096283","18096289","Medical Support and Compliance","448026913.02"
"2016","2016-01-31","18096283","18096291","Medical Facilities","421863503.53"
"2016","2016-01-31","18096283","18096293","Other","54085586.92"
"2016","2016-01-31","18096297","18096299","Housing Accounts","'-640409.62"
"2016","2016-01-31","18096297","18096301","Other","896698.12"
"2016","2016-01-31","18096295","18096303","Compensation and Pensions","472192957.85"
"2016","2016-01-31","18096295","18096307","Veterans Housing Benefit Program Fund","83569978.29"
"2016","2016-01-31","18096309","18096311","National Service Life","72405530.20"
"2016","2015-10-31","null","16515720","Department of State:","null"
"2016","2016-01-31","18096309","18096313","Veterans Special Life","12538304.99"
"2016","2016-01-31","18096295","18096317","Total--Benefits Programs","1398811508.37"
"2016","2016-01-31","18096319","18096321","Construction","117690717.38"
"2016","2016-01-31","18096319","18096323","Information Technology Systems","282995519.51"
"2016","2016-01-31","18096319","18096324","General Operating Expenses","231068354.65"
"2016","2016-01-31","18096319","18096326","Other","92020919.12"
"2016","2016-01-31","18096279","18096327","Proprietary Receipts from the Public:","null"
"2016","2016-01-31","18096327","18096329","National Service Life","'-6025090.59"
"2016","2016-01-31","18096327","18096331","Other","'-242278330.21"
"2016","2016-01-31","18096279","18096333","Intrabudgetary Transactions","'-3155635.27"
"2016","2016-01-31","18096279","18096335","Total--Department of Veterans Affairs","6891853796.86"
"2016","2016-01-31","null","18096337","Corps of Engineers:","null"
"2016","2016-01-31","18096337","18096339","Construction","157765426.41"
"2016","2016-01-31","18096337","18096343","Flood Control and Coastal Emergencies","41382390.80"
"2016","2016-01-31","18096337","18096345","Harbor Maintenance Trust Fund","null"
"2016","2016-01-31","18096337","18096347","Rivers and Harbors Contributed Funds","33886258.54"
"2016","2016-01-31","18096337","18096349","Other","81073719.06"
"2016","2016-01-31","18096337","18096351","Proprietary Receipts from the Public","'-25401482.70"
"2016","2016-01-31","18096337","18096353","Intrabudgetary Transactions","504950.64"
"2016","2016-01-31","18096337","18096355","Total--Corps of Engineers","516461418.98"
"2016","2016-01-31","null","18096357","Other Defense Civil Programs:","null"
"2016","2016-01-31","18096357","18096359","Military Retirement:","null"
"2016","2016-01-31","18096359","18096361","Payment to Military Retirement Fund","null"
"2016","2016-01-31","18096359","18096362","Military Retirement Fund","369996268.10"
"2016","2016-01-31","18096364","18096367","Department of Defense Medicare-Eligible Retiree Health Care Fund","1105787584.57"
"2016","2016-01-31","18096357","18096369","Educational Benefits","21112192.24"
"2016","2016-01-31","18096357","18096371","Other","20315812.00"
"2016","2015-10-31","16515739","16515742","Federal Aviation Administration:","null"
"2016","2016-01-31","18096357","18096372","Proprietary Receipts from the Public","'-1889472.33"
"2016","2016-01-31","18096357","18096374","Intrabudgetary Transactions","'-218153292.93"
"2016","2016-01-31","18096357","18096375","Total--Other Defense Civil Programs","1297169091.65"
"2016","2016-01-31","18096377","18096379","Science and Technology","66614787.93"
"2016","2016-01-31","18096377","18096381","Environmental Programs and Management","243035666.10"
"2016","2016-01-31","18096377","18096382","State and Tribal Assistance Grants","272102196.14"
"2016","2016-01-31","18096377","18096384","Payment to the Hazardous Substance Superfund","811684242.00"
"2016","2016-01-31","18096377","18096386","Hazardous Substance Superfund","122782607.03"
"2016","2016-01-31","18096377","18096388","Other","115021093.44"
"2016","2016-01-31","18096377","18096390","Proprietary Receipts from the Public","'-7107078.77"
"2016","2016-01-31","18096377","18096392","Intrabudgetary Transactions","'-810199343.73"
"2016","2016-01-31","18096377","18096394","Offsetting Governmental Receipts","'-2388102.91"
"2016","2016-01-31","18096377","18096396","Total--Environmental Protection Agency","811546067.23"
"2016","2016-01-31","18096398","18096400","The White House","4354805.93"
"2016","2016-01-31","18096398","18096402","Office of Management and Budget","7051996.60"
"2016","2016-01-31","18096398","18096404","Unanticipated Needs","1580841.69"
"2016","2016-01-31","18096398","18096406","Other","17213353.47"
"2016","2016-01-31","18096398","18096408","Proprietary Receipts from the Public","'-2017.49"
"2016","2016-01-31","18096414","18096424","Intrabudgetary Transactions","'-1994235.51"
"2016","2016-01-31","null","18096428","International Assistance Programs:","null"
"2016","2016-01-31","18096428","18096431","Millennium Challenge Corporation","35975205.52"
"2016","2016-01-31","18096433","18096437","Foreign Military Financing Program","2348604936.32"
"2016","2016-01-31","18096433","18096439","Economic Support Fund","227573744.11"
"2016","2016-01-31","18096433","18096441","Other","49506572.05"
"2016","2016-01-31","18096433","18096445","Total--International Security Assistance","2625685252.48"
"2016","2016-01-31","18096447","18096451","Other","1037469.08"
"2016","2016-01-31","18095731","18095749","Federal Emergency Management Agency:","null"
"2016","2016-01-31","18096428","18096457","Agency for International Development:","null"
"2016","2016-01-31","18096457","18096459","Development Assistance Program","187827604.10"
"2016","2016-01-31","18096457","18096461","Assistance for Europe, Eurasia and Central Asia","2535112.87"
"2016","2016-01-31","18096457","18096463","International Disaster Assistance","155680540.96"
"2016","2016-01-31","18096457","18096473","Total--Agency for International Development","182197048.68"
"2016","2016-01-31","18096475","18096477","Overseas Private Investment Corporation Accounts","8686884.34"
"2016","2016-01-31","18096475","18096483","Total--Overseas Private Investment Corporation","7377802.66"
"2016","2016-01-31","18096428","18096485","Peace Corps","26087289.68"
"2016","2016-01-31","18096428","18096487","International Monetary Programs","31632009.55"
"2016","2016-01-31","18096489","18096491","Foreign Military Sales Trust Fund","2145896696.57"
"2016","2016-01-31","18096489","18096493","Other","4920704.08"
"2016","2016-01-31","18096489","18096495","Proprietary Receipts from the Public","'-3057308440.00"
"2016","2016-01-31","18096428","18096497","Other","6348593.96"
"2016","2016-01-31","18096428","18096499","Total--International Assistance Programs","2009849632.26"
"2016","2016-01-31","18096501","18096503","Science","370366507.00"
"2016","2016-01-31","18096501","18096505","Aeronautics","51869479.32"
"2016","2016-01-31","18096501","18096507","Exploration","247286885.47"
"2016","2016-01-31","18096501","18096509","Cross Agency Support","202201295.39"
"2016","2016-01-31","18096501","18096511","Space Operations","240204385.22"
"2016","2016-01-31","18096501","18096513","Other","93986667.96"
"2016","2016-01-31","18096501","18096515","Proprietary Receipts from the Public","'-71480.10"
"2016","2016-01-31","18096501","18096517","Intrabudgetary Transactions","'-11795.19"
"2016","2016-01-31","18096501","18096519","Total--National Aeronautics and Space Administration","1205831945.07"
"2016","2016-01-31","null","18096521","National Science Foundation:","null"
"2016","2016-01-31","18096521","18096523","Research and Related Activities","347474305.41"
"2016","2016-01-31","18096521","18096525","Education and Human Resources","60304899.25"
"2016","2016-01-31","18096521","18096533","Total--National Science Foundation","466633842.43"
"2016","2016-01-31","18096535","18096537","Government Payment for Annuitants, Employees Health and Life Insurance Benefits","963834536.89"
"2016","2016-01-31","18096535","18096543","Civil Service Retirement and Disability Fund","7048577780.91"
"2016","2016-01-31","18096535","18096550","Proprietary Receipts from the Public","'-62653.47"
"2016","2016-01-31","18096552","18096553","Postal Service Contributions","null"
"2016","2016-01-31","18096560","18096561","Salaries and Expenses","'-290356539.46"
"2016","2016-01-31","18096560","18096562","Business Loans Program","154678589.57"
"2016","2016-01-31","18096560","18096563","Disaster Loans Program","190409325.18"
"2016","2016-01-31","18096560","18096565","Proprietary Receipts from the Public","'-192942.01"
"2016","2016-01-31","18096560","18096566","Intrabudgetary Transactions","692150.54"
"2016","2016-01-31","18096560","18096567","Total--Small Business Administration","69910386.17"
"2016","2016-01-31","null","18096568","Social Security Administration:","null"
"2016","2016-01-31","18096568","18096570","Supplemental Security Income Program","481270402.54"
"2016","2016-01-31","18096568","18096571","Federal Old-Age and Survivors Insurance Trust Fund (Off-Budget):","null"
"2016","2016-01-31","18096571","18096572","Benefit Payments","43172288243.14"
"2016","2016-01-31","18096571","18096573","Administrative Expenses","454316159.13"
"2016","2016-01-31","18096571","18096576","Total--Federal Old-Age and Survivors Insurance Trust Fund (Off-Budget)","43626604402.27"
"2016","2016-01-31","18096568","18096577","Federal Disability Insurance Trust Fund (Off-Budget):","null"
"2016","2016-01-31","18096577","18096578","Benefit Payments","5843022877.27"
"2016","2016-01-31","18096577","18096579","Administrative Expenses","307354117.17"
"2016","2016-01-31","18096577","18096582","Total--Federal Disability Insurance Trust Fund (Off-Budget)","6150376994.44"
"2016","2016-01-31","18096568","18096583","Other","13816555.55"
"2016","2016-01-31","18096584","18096585","On-Budget","'-180868394.74"
"2016","2016-01-31","18096584","18096586","Off-Budget","'-2597600.86"
"2016","2016-01-31","18096568","18096587","Intrabudgetary Transactions:","null"
"2016","2016-01-31","18096587","18096590","Off-Budget","'-5857524486.23"
"2016","2016-01-31","18096568","18096591","Total--Social Security Administration","50088602359.20"
"2016","2016-01-31","18096592","18096593","Broadcasting Board of Governors","75172898.92"
"2016","2016-01-31","18096592","18096594","Bureau of Consumer Financial Protection","38090407.41"
"2016","2016-01-31","18096592","18096595","Corporation for National and Community Service","81100291.16"
"2016","2016-01-31","18096592","18096596","Corporation for Public Broadcasting","null"
"2016","2016-01-31","18096597","18096599","Courts","26841823.16"
"2016","2015-10-31","16514932","16514957","Other","45527689.13"
"2016","2015-11-30","null","17063925","Department of Commerce:","null"
"2016","2016-01-31","18095867","18095905","Indian Affairs:","null"
"2016","2016-01-31","18096597","18096600","General and Special Payments","159114152.50"
"2016","2016-01-31","18096592","18096602","Equal Employment Opportunity Commission","40303234.25"
"2016","2016-01-31","18096592","18096603","Export-Import Bank of the United States","'-224951776.59"
"2016","2016-01-31","18096592","18096604","Federal Communications Commission:","null"
"2016","2016-01-31","18096604","18096605","Universal Service Fund","755142908.04"
"2016","2016-01-31","18096604","18096606","Spectrum Auction Program Account","3681.96"
"2016","2016-01-31","18096604","18096607","Other","32859299.17"
"2016","2016-01-31","18096592","18096608","Federal Deposit Insurance Corporation:","null"
"2016","2016-01-31","18096608","18096613","Deposit Insurance Fund","82890063.62"
"2016","2016-01-31","18096608","18096614","FSLIC Resolution Fund","403769.32"
"2016","2016-01-31","18096608","18096616","Total--Federal Deposit Insurance Corporation","83293832.94"
"2016","2016-01-31","18096592","18096618","Federal Drug Control Programs","15131128.24"
"2016","2016-01-31","18096592","18096619","Federal Housing Finance Agency","22082587.18"
"2016","2016-01-31","18096592","18096620","Institute of Museum and Library Services","14877514.76"
"2016","2016-01-31","18096592","18096621","Intelligence Community Management Account","44244242.08"
"2016","2016-01-31","18096592","18096622","Legal Services Corporation","29726167.00"
"2016","2016-01-31","18096592","18096623","National Archives and Records Administration","38674188.78"
"2016","2016-01-31","18096592","18096624","National Credit Union Administration","1648160.45"
"2016","2016-01-31","18096592","18096625","National Endowment for the Arts","11358157.47"
"2016","2016-01-31","18096688","18096689","Federal Employer Contributions","'-260000000.00"
"2016","2016-01-31","18096592","18096626","National Endowment for the Humanities","9257856.13"
"2016","2016-01-31","18096592","18096627","National Labor Relations Board","30090321.55"
"2016","2016-01-31","18096592","18096628","Nuclear Regulatory Commission","17688227.46"
"2016","2016-01-31","18096630","18096631","Public Enterprise Funds","'-288051361.41"
"2016","2015-11-30","17063937","17063958","Research, Development, Test, and Evaluation:","null"
"2016","2016-01-31","18095935","18095939","Legal Activities and U.S. Marshals:","null"
"2016","2016-01-31","18096630","18096632","Other","212887187.62"
"2016","2016-01-31","18096592","18096634","Railroad Retirement Board:","null"
"2016","2016-01-31","18096634","18096635","Federal Windfall Subsidy","2299759.65"
"2016","2016-01-31","18096634","18096636","Federal Payments to the Railroad Retirement Accounts","248436191.78"
"2016","2016-01-31","18096641","18096642","Benefit Payments","434931839.88"
"2016","2016-01-31","18096641","18096644","OASDI Certifications","'-1954367.97"
"2016","2016-01-31","18096641","18096646","Other","490854.53"
"2016","2016-01-31","18096634","18096647","National Railroad Retirement Investment Trust:","null"
"2016","2016-01-31","18096647","18096649","Administrative Expenses","18050309.82"
"2016","2016-01-31","18096647","18096650","Transfers to the Railroad Retirement Trust Funds from the National Railroad Retirement Investment Trust","null"
"2016","2016-01-31","18096651","18096652","Benefit Payments","590590451.63"
"2016","2016-01-31","18096651","18096653","Transfer To Administrative Funds","2145246.00"
"2016","2016-01-31","18096634","18096655","Proprietary Receipts from the Public","302531905.24"
"2016","2016-01-31","18096656","18096659","Other","'-248436191.78"
"2016","2016-01-31","18096634","18096660","Total--Railroad Retirement Board","1369531256.69"
"2016","2016-01-31","18096592","18096661","Securities and Exchange Commission","158276857.61"
"2016","2016-01-31","18096592","18096662","Smithsonian Institution","64975020.09"
"2016","2016-01-31","18096592","18096663","Tennessee Valley Authority","8663109.10"
"2016","2016-01-31","18096592","18096664","Other","355374284.44"
"2016","2016-01-31","18096592","18096665","Total--Independent Agencies","3238480658.16"
"2016","2016-01-31","null","18096666","Undistributed Offsetting Receipts:","null"
"2016","2016-01-31","18096666","18096668","Employer Share, Employee Retirement:","null"
"2016","2016-01-31","18096668","18096670","Department of Health and Human Services:","null"
"2016","2016-01-31","18096670","18096671","Federal Hospital Insurance Trust Fund:","null"
"2016","2016-01-31","18096671","18096672","Federal Employer Contributions","'-278000000.00"
"2016","2016-01-31","18096671","18096673","Postal Service Employer Contributions","'-53000000.00"
"2016","2016-01-31","18096668","18096675","Department of State:","null"
"2016","2016-01-31","18096678","18096680","Department of Defense Medicare-Eligible Retiree Health Care Fund","null"
"2016","2016-01-31","18096668","18096681","Office of Personnel Management:","null"
"2016","2016-01-31","18096681","18096683","Civil Service Retirement and Disability Fund","'-2239128902.17"
"2016","2016-01-31","18096668","18096693","Other","'-7005.27"
"2016","2016-01-31","18096668","18096694","Total--Employer Share, Employee Retirement","'-5485894375.40"
"2016","2016-01-31","18096666","18096695","Interest Received by Trust Funds:","null"
"2016","2016-01-31","18096696","18096697","Judicial Survivors Annuity Fund","986043.46"
"2016","2016-01-31","18096695","18096698","Department of Health and Human Services:","null"
"2016","2016-01-31","18096698","18096699","Federal Hospital Insurance Trust Fund","'-10658961.98"
"2016","2016-01-31","18096698","18096700","Federal Supplementary Medical Insurance Trust Fund","'-11744448.31"
"2016","2015-10-31","null","16514272","Legislative Branch:","null"
"2016","2016-01-31","18095428","18095455","Procurement:","null"
"2016","2016-01-31","18095979","18096023","Employment Standards Administration","null"
"2016","2016-01-31","18096701","18096702","Oil Spill Liability Trust Fund","'-367486.50"
"2016","2016-01-31","18096701","18096703","Other","'-171235.93"
"2016","2016-01-31","18096704","18096705","Unemployment Trust Fund","'-3409900.05"
"2016","2016-01-31","18096706","18096707","Foreign Service Retirement and Disability Fund","'-18178.14"
"2016","2016-01-31","18096708","18096709","Airport and Airway Trust Fund","'-2200203.62"
"2016","2016-01-31","18096710","18096711","National Service Life Insurance Fund","'-62402.10"
"2016","2016-01-31","18096710","18096712","United States Government Life Insurance Fund","'-224.27"
"2016","2016-01-31","18096695","18096713","Corps of Engineers","'-467940.08"
"2016","2016-01-31","18096695","18096714","Other Defense Civil Programs:","null"
"2016","2016-01-31","18096714","18096715","Military Retirement Fund","'-1097549046.62"
"2016","2016-01-31","18096714","18096716","Educational Benefits Fund","'-4871019.59"
"2016","2016-01-31","18096714","18096717","Armed Forces Retirement Home","'-769.39"
"2016","2016-01-31","18096695","18096718","Environmental Protection Agency","'-268721.02"
"2016","2016-01-31","18096695","18096719","Office of Personnel Management:","null"
"2016","2016-01-31","18096719","18096720","Civil Service Retirement and Disability Fund","'-2001904.35"
"2016","2016-01-31","18096695","18096721","Social Security Administration:","null"
"2016","2016-01-31","18096721","18096722","Federal Old-Age and Survivors Insurance Trust Fund","'-50247856.14"
"2016","2016-01-31","18096721","18096723","Federal Disability Insurance Trust Fund","'-4975676.97"
"2016","2016-01-31","18096695","18096724","Independent Agencies:","null"
"2016","2016-01-31","18096724","18096726","Railroad Retirement Board","1574725.09"
"2016","2016-01-31","18096724","18096727","Other","'-217630.15"
"2016","2016-01-31","18096695","18096728","Other","'-8394178.32"
"2016","2016-01-31","18096695","18096729","Total--Interest Received by Trust Funds","'-1195067014.98"
"2016","2015-10-31","16514453","16514459","Salaries and Expenses","111899799.96"
"2016","2015-10-31","16515529","16515549","Other","146002584.41"
"2016","2016-01-31","18096666","18096731","Rents and Royalties on the Outer Continental Shelf Lands","55680506.01"
"2016","2016-01-31","18096666","18096735","Total--Undistributed Offsetting Receipts","'-6625280884.40"
"2016","2016-01-31","null","18096736","Total Outlays","258415692566.29"
"2016","2016-01-31","18096736","18096738","Total Off-Budget","42428471602.72"
"2016","2016-01-31","null","18096739","Total Surplus (+) or Deficit (-)","55163288514.89"
"2016","2016-01-31","18096739","18096740","Total On-Budget","21273760117.61"
"2016","2016-01-31","18096739","18096741","Total Off-Budget","33889528397.28"
"2016","2015-12-31","17620019","17620021","Senate","76076201.88"
"2016","2015-12-31","17620019","17620022","House of Representatives","119601804.99"
"2016","2015-12-31","17620019","17620024","Joint Items","1268466.17"
"2016","2015-12-31","17620019","17620026","Capitol Police","23960076.68"
"2016","2015-12-31","17620019","17620027","Congressional Budget Office","3398434.15"
"2016","2015-12-31","17620019","17620030","Architect of the Capitol","47188060.04"
"2016","2015-12-31","17620019","17620033","Library of Congress","44175974.67"
"2016","2015-12-31","17620019","17620037","Government Printing Office","7004868.74"
"2016","2015-12-31","17620019","17620041","Government Accountability Office","42409724.62"
"2016","2015-12-31","17620019","17620043","United States Tax Court","4167092.93"
"2016","2015-12-31","17620019","17620045","Other Legislative Branch Agencies","9545078.61"
"2016","2015-12-31","17620019","17620047","Proprietary Receipts from the Public","'-2515015.85"
"2016","2015-12-31","17620019","17620049","Intrabudgetary Transactions","'-4485143.77"
"2016","2015-12-31","17620019","17620053","Total--Legislative Branch","371795623.86"
"2016","2015-12-31","17620055","17620057","Supreme Court of the United States","7118349.92"
"2016","2015-12-31","17620055","17620063","Proprietary Receipts from the Public","'-5312502.13"
"2016","2015-12-31","17620055","17620065","Intrabudgetary Transactions","'-144571679.18"
"2016","2015-12-31","17620055","17620067","Total--Judicial Branch","702431060.66"
"2016","2015-12-31","17620069","17620071","Agricultural Research Service","78900577.83"
"2016","2015-12-31","17620069","17620073","National Institute of Food and Agriculture:","null"
"2016","2015-10-31","null","16514599","Department of Commerce:","null"
"2016","2015-12-31","17620073","17620075","Research and Education Activities","54239780.76"
"2016","2015-12-31","17620073","17620078","Extension Activities","37233254.23"
"2016","2015-12-31","17620073","17620082","Other","9179523.09"
"2016","2015-12-31","17620069","17620086","Animal and Plant Health Inspection Service","145897891.99"
"2016","2015-12-31","17620069","17620089","Food Safety and Inspection Service","82829885.53"
"2016","2015-12-31","17620069","17620092","Agricultural Marketing Service","116579025.64"
"2016","2015-12-31","17620069","17620096","Risk Management Agency:","null"
"2016","2015-12-31","17620096","17620100","Administrative and Operating Expenses","7493980.64"
"2016","2015-12-31","17620096","17620104","Federal Crop Insurance Corporation Fund","963630702.07"
"2016","2015-12-31","17620069","17620106","Farm Service Agency:","null"
"2016","2015-12-31","17620106","17620111","Salaries and Expenses","122222659.55"
"2016","2015-12-31","17620106","17620166","Total--Farm Service Agency","2178034333.33"
"2016","2015-12-31","17620174","17620182","Conservation Operations","49256495.65"
"2016","2015-12-31","17620174","17620188","Farm Security and Rural Investment Programs","506239609.55"
"2016","2015-12-31","17620174","17620194","Other","7209982.11"
"2016","2015-12-31","17620069","17620199","Rural Development","40526112.83"
"2016","2015-12-31","17620204","17620208","Rural Housing Insurance Fund","'-12013332.82"
"2016","2015-12-31","17620204","17620212","Rental Assistance Program","105327208.14"
"2016","2015-12-31","17620220","17620224","Rural Electrification and Telecommunications Fund","78839148.73"
"2016","2015-12-31","17620220","17620232","Other","46165579.17"
"2016","2015-12-31","17620069","17620236","Foreign Agricultural Service","67004496.27"
"2016","2015-12-31","17620259","17620261","National Forest System","116213512.20"
"2016","2015-12-31","17620259","17620263","Capital Improvement and Maintenance","23140754.93"
"2016","2015-12-31","17620259","17620265","Wildland Fire Management","135640604.67"
"2016","2015-12-31","17620259","17620267","Forest Service Permanent Appropriations","7698263.53"
"2016","2015-12-31","17620259","17620269","Other","95275655.35"
"2016","2015-12-31","17620259","17620271","Total--Forest Service","377968790.68"
"2016","2015-12-31","17620069","17620273","Other","112995373.61"
"2016","2015-12-31","17620069","17620275","Proprietary Receipts from the Public","'-136086171.97"
"2016","2015-12-31","17620069","17620277","Intrabudgetary Transactions","24733038.82"
"2016","2015-12-31","17620069","17620279","Total--Department of Agriculture","14331790683.49"
"2016","2015-12-31","null","17620281","Department of Commerce:","null"
"2016","2015-12-31","17620281","17620282","Economic Development Administration","20137455.92"
"2016","2015-12-31","17620281","17620284","Bureau of the Census","156024617.73"
"2016","2015-12-31","17620281","17620285","International Trade Administration","42078916.98"
"2016","2015-12-31","17620281","17620287","National Oceanic and Atmospheric Administration","463355267.54"
"2016","2015-12-31","17620281","17620288","National Institute of Standards and Technology","81051574.32"
"2016","2015-12-31","17620281","17620290","National Telecommunications and Information Administration","23128167.54"
"2016","2015-10-31","16514702","16514710","Defense Agencies:","null"
"2016","2015-11-30","17064220","17064239","Federal Emergency Management Agency:","null"
"2016","2016-01-31","18095665","18095671","Medicare Prescription Drugs:","null"
"2016","2015-12-31","17620281","17620291","Other","'-360757.14"
"2016","2015-12-31","17620281","17620293","Proprietary Receipts from the Public","'-3621534.92"
"2016","2015-12-31","17620281","17620294","Intrabudgetary Transactions","'-182200.74"
"2016","2015-12-31","17620298","17620299","Military Personnel:","null"
"2016","2015-12-31","17620299","17620301","Department of the Navy","4903062372.48"
"2016","2015-12-31","17620299","17620302","Department of the Air Force","3494696051.63"
"2016","2015-12-31","17620299","17620303","Defense Agencies","null"
"2016","2015-12-31","17620299","17620304","Total--Military Personnel","14976060247.63"
"2016","2015-12-31","17620305","17620306","Department of the Army","5350150819.54"
"2016","2015-12-31","17620305","17620307","Department of the Navy","4734408041.49"
"2016","2015-12-31","17620305","17620308","Department of the Air Force","4901651473.30"
"2016","2015-12-31","17620305","17620309","Defense Agencies","6095477127.69"
"2016","2015-12-31","17620305","17620310","Total--Operation and Maintenance","21081687462.02"
"2016","2015-12-31","17620311","17620312","Department of the Army","null"
"2016","2015-12-31","17620313","17620314","Department of the Army","1523658145.79"
"2016","2015-12-31","17620313","17620316","Department of the Air Force","3870081268.62"
"2016","2015-12-31","17620313","17620317","Defense Agencies","634953846.36"
"2016","2015-12-31","17620313","17620318","Total--Procurement","10381732575.78"
"2016","2015-12-31","17620298","17620319","Research, Development, Test, and Evaluation:","null"
"2016","2015-12-31","17620319","17620320","Department of the Army","655201244.70"
"2016","2015-12-31","17620319","17620321","Department of the Navy","1406637786.85"
"2016","2015-12-31","17620319","17620322","Department of the Air Force","2939366327.30"
"2016","2015-12-31","17620319","17620323","Defense Agencies","1688672598.08"
"2016","2015-12-31","17620319","17620324","Total--Research, Development, Test, and Evaluation","6689877956.93"
"2016","2015-12-31","17620325","17620326","Department of the Army","242040726.80"
"2016","2015-12-31","17620325","17620327","Department of the Navy","131213210.07"
"2016","2015-12-31","17620331","17620332","Department of the Army","21531284.97"
"2016","2015-10-31","16515782","16515811","Internal Revenue Service:","null"
"2016","2015-12-31","17620331","17620334","Department of the Air Force","22231873.79"
"2016","2015-12-31","17620331","17620335","Defense Agencies","3617591.71"
"2016","2015-12-31","17620336","17620338","Department of the Navy","3615172.84"
"2016","2015-12-31","17620336","17620340","Defense Agencies:","null"
"2016","2015-12-31","17620340","17620341","Working Capital Fund","961866794.80"
"2016","2015-12-31","17620298","17620343","Allowances","'-4019719.13"
"2016","2015-12-31","17620298","17620344","Trust Funds:","null"
"2016","2015-12-31","17620344","17620345","Department of the Army","212818.55"
"2016","2015-12-31","17620344","17620346","Department of the Navy","1954764.00"
"2016","2015-12-31","17620344","17620347","Department of the Air Force","445533.75"
"2016","2015-12-31","17620344","17620348","Defense Agencies","16233502.83"
"2016","2015-12-31","17620349","17620350","Department of the Army","'-526027044.55"
"2016","2015-12-31","17620349","17620351","Department of the Navy","'-13862341.04"
"2016","2015-12-31","17620349","17620352","Department of the Air Force","'-8087764.27"
"2016","2015-12-31","17620349","17620353","Defense Agencies","'-112585474.68"
"2016","2015-12-31","17620298","17620354","Intrabudgetary Transactions:","null"
"2016","2015-12-31","17620354","17620355","Department of the Army","'-38128740.54"
"2016","2015-12-31","17620354","17620356","Department of the Navy","'-34725054.29"
"2016","2015-12-31","17620354","17620357","Department of the Air Force","'-43081051.32"
"2016","2015-12-31","17620298","17620362","Total--Department of Defense--Military Programs","54074511006.67"
"2016","2015-12-31","17620364","17620365","Accelerating Achievement and Ensuring Equity","1709707068.51"
"2016","2015-12-31","17620364","17620366","Impact Aid","43455592.98"
"2016","2015-12-31","17620364","17620367","Education Improvement Programs","409918945.82"
"2016","2015-12-31","17620364","17620368","State Fiscal Stabilization Fund, Recovery Act","null"
"2016","2015-12-31","17620364","17620369","Other","37141931.40"
"2016","2015-12-31","17620364","17620370","Total--Office of Elementary and Secondary Education","2200223538.71"
"2016","2015-12-31","17620363","17620371","Office of Innovation and Improvement","128828231.54"
"2016","2015-12-31","17620363","17620372","Office of English Language Acquisition","83531686.84"
"2016","2015-12-31","17620363","17620373","Office of Special Education and Rehabilitative Services:","null"
"2016","2015-12-31","17620373","17620374","Special Education","934503830.47"
"2016","2015-11-30","17063750","17063883","Rural Housing Service:","null"
"2016","2015-11-30","17064374","17064382","Central Utah Project","870169.76"
"2016","2015-11-30","17065437","17065459","Intrabudgetary Transactions:","null"
"2016","2015-12-31","17620373","17620375","Rehabilitation Services and Disability Research","303769342.89"
"2016","2015-12-31","17620373","17620376","Special Institutions for Persons with Disabilities","9304091.31"
"2016","2015-12-31","17620363","17620377","Office of Vocational and Adult Education","131818263.56"
"2016","2015-12-31","17620378","17620379","Higher Education","183192721.34"
"2016","2015-12-31","17620378","17620380","Other","'-687312.92"
"2016","2015-12-31","17620378","17620381","Total--Office of Postsecondary Education","182505408.42"
"2016","2015-12-31","17620363","17620382","Office of Federal Student Aid:","null"
"2016","2015-12-31","17620382","17620383","Student Financial Assistance","1072169457.43"
"2016","2015-12-31","17620382","17620384","Student Aid Administration","107321025.51"
"2016","2015-12-31","17620382","17620387","Federal Family Education Loans","'-31342656.27"
"2016","2015-12-31","17620382","17620388","Other","'-443472.62"
"2016","2015-12-31","17620382","17620389","Total--Office of Federal Student Aid","1147704354.05"
"2016","2015-12-31","17620363","17620390","Institute of Education Sciences","47653184.38"
"2016","2015-12-31","17620363","17620391","Departmental Management","46392208.34"
"2016","2015-12-31","17620363","17620393","Proprietary Receipts from the Public","'-186310712.21"
"2016","2015-12-31","17620363","17620394","Intrabudgetary Transactions","33174209.47"
"2016","2015-12-31","17620363","17620395","Total--Department of Education","5063097637.77"
"2016","2015-12-31","17620396","17620397","National Nuclear Security Administration:","null"
"2016","2015-12-31","17620397","17620398","Naval Reactors","94025683.88"
"2016","2015-12-31","17620397","17620399","Weapons Activities","710839602.88"
"2016","2015-12-31","17620397","17620400","Defense Nuclear Nonproliferation","136848384.47"
"2016","2015-12-31","17620397","17620401","Other","26195593.86"
"2016","2015-12-31","17620402","17620403","Defense Environmental Cleanup","507436754.13"
"2016","2015-12-31","17620402","17620405","Defense Nuclear Waste Disposal","1334748.43"
"2016","2015-12-31","17620396","17620407","Energy Programs:","null"
"2016","2015-12-31","17620407","17620409","Energy Supply","120195456.79"
"2016","2015-12-31","17620407","17620410","Energy Efficiency and Renewable Energy","156270065.30"
"2016","2015-12-31","17620407","17620411","Fossil Energy Research and Development","43892689.53"
"2016","2015-12-31","17620407","17620412","Uranium Enrichment Decontamination and Decommissioning Fund","42088533.50"
"2016","2015-10-31","16514876","16514988","Intrabudgetary Transactions:","null"
"2016","2015-10-31","null","16515908","General Services Administration:","null"
"2016","2015-11-30","17065498","17065511","Department of Transportation:","null"
"2016","2015-12-31","17620407","17620413","Advanced Technology Vehicles Manufacturing Loan Program","435857.79"
"2016","2015-12-31","17620407","17620414","Title 17 Innovative Technology Loan Guarantee Program","3979673.56"
"2016","2015-12-31","17620407","17620415","Other","89071172.68"
"2016","2015-12-31","17620407","17620416","Total--Energy Programs","864722928.85"
"2016","2015-12-31","17620396","17620419","Proprietary Receipts from the Public","'-88924639.05"
"2016","2015-12-31","17620396","17620420","Intrabudgetary Transactions","'-101445730.94"
"2016","2015-12-31","17620396","17620422","Total--Department of Energy","2398610576.61"
"2016","2015-12-31","17620423","17620424","Food and Drug Administration","220500738.68"
"2016","2015-12-31","17620423","17620425","Health Resources and Services Administration","894072301.65"
"2016","2015-12-31","17620423","17620426","Indian Health Service","262495986.06"
"2016","2015-12-31","17620423","17620427","Centers for Disease Control and Prevention","515783900.24"
"2016","2015-12-31","17620423","17620428","National Institutes of Health","2380324131.85"
"2016","2015-12-31","17620423","17620429","Substance Abuse and Mental Health Services Administration","306728555.57"
"2016","2015-12-31","17620423","17620430","Agency for Healthcare Research and Quality","6740911.32"
"2016","2015-12-31","17620431","17620432","Grants to States for Medicaid","32335186685.77"
"2016","2015-12-31","17620431","17620433","Payments to Health Care Trust Funds","25947624855.16"
"2016","2015-12-31","17620431","17620434","Children's Health Insurance Fund","1090457646.91"
"2016","2015-12-31","17620431","17620435","State Grants and Demonstrations","60918579.20"
"2016","2015-12-31","17620431","17620437","Federal Hospital Insurance Trust Fund:","null"
"2016","2015-12-31","17620437","17620438","Benefit Payments","23529306922.33"
"2016","2015-12-31","17620437","17620439","Administrative Expenses","265474186.13"
"2016","2015-12-31","17620437","17620440","Total--Federal Hospital Insurance Trust Fund","23794781108.46"
"2016","2015-12-31","17620431","17620441","Health Care Fraud and Abuse Control","111428597.43"
"2016","2015-12-31","17620442","17620443","Benefit Payments","24236450700.97"
"2016","2015-12-31","17620442","17620444","Administrative Expenses","270916208.76"
"2016","2015-12-31","17620445","17620446","Benefit Payments","5122386422.52"
"2016","2015-12-31","17620445","17620447","Administrative Expenses","8647090.00"
"2016","2015-12-31","17620442","17620448","Total--Federal Supplementary Medical Insurance Trust Fund","29638400422.25"
"2016","2015-12-31","17620431","17620450","Total--Centers for Medicare and Medicaid Services","113596589437.89"
"2016","2015-12-31","17620451","17620452","Temporary Assistance for Needy Families","1386822862.43"
"2016","2015-10-31","16515231","16515267","Other","6759145.85"
"2016","2015-11-30","17064777","17064789","Airport and Airway Trust Fund:","null"
"2016","2016-01-31","null","18095219","Department of Agriculture:","null"
"2016","2015-12-31","17620451","17620453","Contingency Fund","32302965.71"
"2016","2015-12-31","17620451","17620454","Payments to States for Child Support Enforcement and Family Support Programs","326041921.99"
"2016","2015-12-31","17620451","17620455","Low Income Home Energy Assistance","448295673.91"
"2016","2015-12-31","17620451","17620456","Refugee and Entrant Assistance","151936004.14"
"2016","2015-12-31","17620451","17620457","Child Care Entitlement to States","220358793.67"
"2016","2015-12-31","17620451","17620458","Payments to States for the Child Care and Development Block Grant","164247653.97"
"2016","2015-12-31","17620451","17620459","Social Services Block Grant","101721627.13"
"2016","2015-12-31","17620451","17620460","Children and Families Services Programs","928321318.49"
"2016","2015-12-31","17620451","17620461","Payments to States for Foster Care and Adoption Assistance","617357823.17"
"2016","2015-12-31","17620451","17620462","Other","50310234.10"
"2016","2015-12-31","17620451","17620463","Total--Administration for Children and Families","4427716878.71"
"2016","2015-12-31","17620423","17620464","Administration for Community Living","170143427.94"
"2016","2015-12-31","17620423","17620465","Departmental Management","296699413.30"
"2016","2015-12-31","17620423","17620466","Other","122798448.15"
"2016","2015-12-31","17620423","17620467","Proprietary Receipts from the Public","'-9702489857.17"
"2016","2015-12-31","17620468","17620469","Payments for Health Insurance for the Aged:","null"
"2016","2015-12-31","17620469","17620470","Federal Supplementary Medical Insurance Trust Fund","'-25947766825.78"
"2016","2015-12-31","17620468","17620472","Payments for Tax and Other Credits:","null"
"2016","2015-12-31","17620472","17620474","Federal Hospital Insurance Trust Fund","'-7641536.87"
"2016","2015-12-31","17620468","17620476","Other","372374915.16"
"2016","2015-12-31","17620423","17620478","Total--Department of Health and Human Services","87915070826.70"
"2016","2015-12-31","17620480","17620482","Departmental Management and Operations","122089487.52"
"2016","2015-12-31","17620480","17620484","Citizenship and Immigration Services","281901382.55"
"2016","2015-12-31","17620480","17620486","United States Secret Service","174399276.00"
"2016","2015-12-31","17620480","17620488","Transportation Security Administration","717927864.09"
"2016","2015-12-31","17620480","17620490","Immigration and Customs Enforcement","487375870.74"
"2016","2015-12-31","17620480","17620492","U.S. Customs and Border Protection","1005413084.14"
"2016","2015-12-31","17620480","17620494","United States Coast Guard","1040146977.61"
"2016","2015-12-31","17620480","17620496","National Protection and Programs Directorate","146605750.59"
"2016","2015-12-31","17620498","17620500","State and Local Programs","120720861.02"
"2016","2015-12-31","17620498","17620502","Firefighter Assistance Grants","44684080.51"
"2016","2015-12-31","17620498","17620504","Disaster Relief","682325764.79"
"2016","2016-01-31","18095363","18095380","Other","40145628.13"
"2016","2016-01-31","18096629","18096633","Other","55075000.00"
"2016","2015-12-31","17620498","17620506","National Flood Insurance Fund","8726539.45"
"2016","2015-12-31","17620480","17620512","Science and Technology","67704028.65"
"2016","2015-12-31","17620480","17620514","Domestic Nuclear Detection Office","9644583.70"
"2016","2015-12-31","17620480","17620518","Proprietary Receipts from the Public","'-101989475.20"
"2016","2015-12-31","17620480","17620520","Intrabudgetary Transactions","'-62001701.59"
"2016","2015-12-31","17620480","17620522","Offsetting Governmental Receipts","'-836733784.56"
"2016","2015-12-31","17620528","17620540","Revitalization of Severely Distressed Public Housing (Hope VI)","2945404.47"
"2016","2015-12-31","17620528","17620542","Native American Housing Block Grant","63780049.33"
"2016","2015-12-31","17620528","17620544","Other","11825770.48"
"2016","2015-12-31","17620528","17620546","Total--Public and Indian Housing Programs","2272295213.78"
"2016","2015-12-31","17620548","17620550","Housing Opportunities for Persons with AIDS","21806018.53"
"2016","2015-12-31","17620548","17620552","Community Development Fund","607970792.34"
"2016","2015-12-31","17620548","17620554","Home Investment Partnership Program","110152968.52"
"2016","2015-12-31","17620548","17620556","Neighborhood Stabilization Program","2671415.31"
"2016","2015-12-31","17620548","17620558","Homeless Assistance Grants","170708517.21"
"2016","2015-12-31","17620548","17620560","Other","5039235.31"
"2016","2015-12-31","17620548","17620562","Total--Community Planning and Development","918348947.22"
"2016","2015-12-31","17620566","17620568","FHA-Mutual Mortgage Insurance Fund, Program Account","10968898.08"
"2016","2015-12-31","17620566","17620570","FHA-Mutual Mortgage Insurance Capital Reserve Account","'-643029989.41"
"2016","2015-12-31","17620566","17620572","FHA-Mutual Mortgage and Cooperative Housing Insurance Fund, Liquidating Account","468356.58"
"2016","2015-12-31","17620566","17620576","FHA-General and Special Risk Fund, Liquidating Account","'-18708218.79"
"2016","2015-12-31","17620566","17620578","Housing for the Elderly or Handicapped Fund, Liquidating Account","'-28574230.16"
"2016","2015-12-31","17620564","17620580","HUD Project-Based Rental Assistance","872063105.60"
"2016","2015-12-31","17620564","17620584","Housing for the Elderly","56096280.53"
"2016","2015-12-31","17620564","17620586","Housing for Persons with Disabilities","13137876.95"
"2016","2015-12-31","17620564","17620588","Other Assisted Housing Programs","17788112.67"
"2016","2015-12-31","17620564","17620590","Other","2805979.07"
"2016","2015-12-31","17620564","17620592","Total--Housing Programs","283016171.12"
"2016","2015-12-31","17620594","17620596","Guarantees of Mortgage-Backed Securities","2646172.87"
"2016","2015-12-31","17620526","17620600","Other","16186618.74"
"2016","2015-12-31","17620526","17620610","Intrabudgetary Transactions","'-2491333.30"
"2016","2015-12-31","17620526","17620612","Offsetting Governmental Receipts","'-902300.00"
"2016","2015-10-31","16515613","16515649","Program Administration","7344622.92"
"2016","2015-10-31","16516056","16516078","Intrabudgetary Transactions:","null"
"2016","2015-11-30","17065232","17065234","Military Retirement:","null"
"2016","2016-01-31","18096695","18096704","Department of Labor:","null"
"2016","2015-12-31","17620526","17620614","Total--Department of Housing and Urban Development","3554045876.18"
"2016","2015-12-31","17620616","17620618","Land and Minerals Management:","null"
"2016","2015-12-31","17620618","17620620","Bureau of Land Management:","null"
"2016","2015-12-31","17620620","17620622","Management of Lands and Resources","77024568.40"
"2016","2015-12-31","17620620","17620624","Other","25104086.74"
"2016","2015-12-31","17620618","17620626","Bureau of Ocean Energy Management","8476085.97"
"2016","2015-12-31","17620618","17620628","Office of Surface Mining Reclamation and Enforcement","87008928.49"
"2016","2015-12-31","17620618","17620630","Total--Land and Minerals Management","197613669.60"
"2016","2015-12-31","17620616","17620632","Water and Science:","null"
"2016","2015-12-31","17620632","17620634","Bureau of Reclamation:","null"
"2016","2015-12-31","17620634","17620636","Water and Related Resources","62802261.12"
"2016","2015-12-31","17620634","17620638","Other","'-13447950.56"
"2016","2015-12-31","17620632","17620640","Central Utah Project","1491045.91"
"2016","2015-12-31","17620632","17620642","United States Geological Survey","101535670.41"
"2016","2015-12-31","17620632","17620644","Total--Water and Science","152381026.88"
"2016","2015-12-31","17620616","17620646","Fish and Wildlife and Parks:","null"
"2016","2015-12-31","17620646","17620648","United States Fish and Wildlife Service","240779570.89"
"2016","2015-12-31","17620840","17620846","Federal Aviation Administration:","null"
"2016","2015-12-31","17620646","17620650","National Park Service","253971812.96"
"2016","2015-12-31","17620646","17620652","Total--Fish and Wildlife and Parks","494751383.85"
"2016","2015-12-31","17620654","17620656","Bureau of Indian Affairs and Bureau of Indian Education","130377931.87"
"2016","2015-12-31","17620654","17620658","Total--Indian Affairs","130377931.87"
"2016","2015-12-31","17620660","17620664","Mineral Leasing and Associated Payments","92524789.34"
"2016","2015-10-31","16514623","16514728","Proprietary Receipts from the Public:","null"
"2016","2015-10-31","null","16515782","Department of the Treasury:","null"
"2016","2015-11-30","17064206","17064208","Payments for Health Insurance for the Aged:","null"
"2016","2015-12-31","17620660","17620666","Other","40087994.83"
"2016","2015-12-31","17620660","17620668","Insular Affairs","22027550.87"
"2016","2015-12-31","17620660","17620670","Office of the Special Trustee for American Indians","21688854.19"
"2016","2015-12-31","17620660","17620672","Department-Wide Programs","95613444.09"
"2016","2015-12-31","17620660","17620674","Total--Departmental Offices","271942633.32"
"2016","2015-12-31","17620616","17620678","Proprietary Receipts from the Public","'-330771883.81"
"2016","2015-12-31","17620616","17620682","Total--Department of the Interior","938926283.59"
"2016","2015-12-31","null","17620684","Department of Justice:","null"
"2016","2015-12-31","17620684","17620688","Legal Activities and U.S. Marshals:","null"
"2016","2015-12-31","17620688","17620690","General Legal Activities","60315116.92"
"2016","2015-12-31","17620708","17620710","State and Local Law Enforcement Assistance","96325105.73"
"2016","2015-12-31","17620708","17620712","Community Oriented Policing Services","9116654.12"
"2016","2015-12-31","17620708","17620714","Crime Victims Fund","79104128.12"
"2016","2015-12-31","17620684","17620718","Other","121234019.34"
"2016","2015-12-31","17620684","17620720","Proprietary Receipts from the Public","'-544272040.33"
"2016","2015-12-31","17620684","17620722","Intrabudgetary Transactions","'-273177896.83"
"2016","2015-12-31","17620684","17620724","Offsetting Governmental Receipts","'-40913123.20"
"2016","2015-12-31","17620684","17620726","Total--Department of Justice","1684296393.16"
"2016","2015-12-31","17620728","17620730","Employment and Training Administration:","null"
"2016","2015-12-31","17620730","17620732","Training and Employment Services","275860465.34"
"2016","2015-12-31","17620730","17620734","Office of Job Corps","147414437.53"
"2016","2015-12-31","17620730","17620736","Community Service Employment for Older Americans","40972196.35"
"2016","2015-12-31","17620730","17620738","Federal Unemployment Benefits and Allowances","44021317.43"
"2016","2015-12-31","17620730","17620740","Federal Additional Unemployment Compensation Program-Recovery Act","'-2195203.31"
"2016","2015-12-31","17620730","17620742","State Unemployment Insurance and Employment Service Operations","65593809.83"
"2016","2015-12-31","17620730","17620744","Payments to the Unemployment Trust Fund","29580000.00"
"2016","2015-12-31","17620730","17620748","Program Administration","6157722.23"
"2016","2015-12-31","17620730","17620750","Unemployment Trust Fund:","null"
"2016","2015-12-31","17620728","17620770","Pension Benefit Guaranty Corporation","498977646.26"
"2016","2015-12-31","17620728","17620772","Employment Standards Administration","'-199.20"
"2016","2015-12-31","17620728","17620774","Office of Workers' Compensation Programs:","null"
"2016","2015-12-31","17620774","17620776","Special Benefits","248131194.12"
"2016","2015-10-31","16514824","16514832","Other","43177433.11"
"2016","2015-11-30","null","17063705","Judicial Branch:","null"
"2016","2016-01-31","18095575","18095583","Other","26887340.31"
"2016","2015-12-31","17620774","17620778","Energy Employees Occupational Illness Compensation Fund","95856885.50"
"2016","2015-12-31","17620774","17620780","Special Benefits for Disabled Coal Miners","8545429.76"
"2016","2015-12-31","17620774","17620782","Black Lung Disability Trust Fund","16838549.60"
"2016","2015-12-31","17620774","17620784","Other","35053894.78"
"2016","2015-12-31","17620728","17620788","Occupational Safety and Health Administration","43878937.03"
"2016","2015-12-31","17620728","17620790","Mine Safety and Health Administration","27350160.80"
"2016","2015-12-31","17620728","17620792","Bureau of Labor Statistics","45114582.22"
"2016","2015-12-31","17620728","17620794","Departmental Management","58328370.99"
"2016","2015-12-31","17620728","17620796","Other","22643455.14"
"2016","2015-12-31","17620728","17620798","Proprietary Receipts from the Public","'-504243.70"
"2016","2015-12-31","17620728","17620800","Intrabudgetary Transactions","'-123499012.52"
"2016","2015-12-31","17620728","17620802","Total--Department of Labor","5032116685.16"
"2016","2015-12-31","17620806","17620808","Diplomatic and Consular Programs","752523313.72"
"2016","2015-12-31","17620806","17620810","Educational and Cultural Exchange Programs","51345661.64"
"2016","2015-12-31","17620806","17620812","Embassy Security, Construction, and Maintenance","109343827.26"
"2016","2015-12-31","17620806","17620816","Foreign Service Retirement and Disability Fund","77749024.15"
"2016","2015-12-31","17620806","17620818","Other","149348055.69"
"2016","2015-12-31","17620806","17620820","Total--Administration of Foreign Affairs","1140309882.46"
"2016","2015-12-31","17620804","17620822","International Organizations and Conferences","209512322.92"
"2016","2015-12-31","17620804","17620824","Global Health and Child Survival","486897694.79"
"2016","2015-12-31","17620804","17620826","Migration and Refugee Assistance","88652173.53"
"2016","2015-12-31","17620804","17620828","International Narcotics Control and Law Enforcement","103772679.86"
"2016","2015-12-31","17620804","17620830","Andean Counterdrug Programs","269853.07"
"2016","2015-12-31","17620804","17620832","Other","33526611.46"
"2016","2015-12-31","17620804","17620834","Proprietary Receipts from the Public","14150710.91"
"2016","2015-12-31","17620804","17620836","Intrabudgetary Transactions","87829986.20"
"2016","2015-12-31","17620804","17620838","Total--Department of State","2164921915.20"
"2016","2015-12-31","17620840","17620842","Office of the Secretary","71423355.12"
"2016","2015-12-31","17620846","17620848","Operations","139073309.79"
"2016","2015-12-31","17620846","17620850","Airport and Airway Trust Fund:","null"
"2016","2015-12-31","17620850","17620852","Grants-In-Aid for Airports","262431298.91"
"2016","2015-11-30","17063750","17063891","Rural Utilities Service:","null"
"2016","2015-11-30","17064357","17064374","Water and Science:","null"
"2016","2015-11-30","17065396","17065432","Postal Service:","null"
"2016","2015-12-31","17620850","17620854","Facilities and Equipment","234436682.28"
"2016","2015-12-31","17620850","17620856","Research, Engineering, and Development","5096216.21"
"2016","2015-12-31","17620850","17620858","Trust Fund Share of FAA Operations","600000000.00"
"2016","2015-12-31","17620850","17620860","Total--Airport and Airway Trust Fund","1101964197.40"
"2016","2015-12-31","17620846","17620862","Other","5643968.30"
"2016","2015-12-31","17620846","17620864","Total--Federal Aviation Administration","1246681475.49"
"2016","2015-12-31","17620868","17620870","Federal-Aid Highways","3280714730.56"
"2016","2015-12-31","17620868","17620872","Other","201828.46"
"2016","2015-12-31","17620866","17620874","Highway Infrastructure Investment, Recovery Act","null"
"2016","2015-12-31","17620866","17620876","Other Programs","27564931.66"
"2016","2015-12-31","17620866","17620878","Total--Federal Highway Administration","3308481490.68"
"2016","2015-12-31","17620884","17620886","Operating Subsidy Grants to the National Railroad Passenger Corporation","49071339.00"
"2016","2015-12-31","17620884","17620888","Capital and Debt Service Grants to the National Railroad Passenger Corporation","256533947.81"
"2016","2015-12-31","17620884","17620890","Capital Assistance for High Speed Rail Corridors and Intercity Passenger Rail Service","250646183.70"
"2016","2015-12-31","17620884","17620892","Other","45464481.61"
"2016","2015-12-31","17620840","17620910","Maritime Administration","48282704.05"
"2016","2015-12-31","17620840","17620912","Other","28663108.82"
"2016","2015-12-31","17620840","17620914","Proprietary Receipts from the Public","'-8588623.55"
"2016","2015-12-31","17620840","17620916","Intrabudgetary Transactions:","null"
"2016","2015-12-31","17620916","17620920","Other","'-5754.74"
"2016","2015-12-31","17620840","17620922","Offsetting Governmental Receipts","'-6788.10"
"2016","2015-12-31","17620840","17620924","Total--Department of Transportation","6965807245.44"
"2016","2015-12-31","17620928","17620930","Exchange Stabilization Fund","3030648.09"
"2016","2015-12-31","17620928","17620932","Grants for Specified Energy Property in Lieu of Tax Credit","8138571.00"
"2016","2015-12-31","17620928","17620934","Housing and Economic Recovery Programs","null"
"2016","2015-12-31","17620928","17620936","Troubled Asset Relief Program","311980958.95"
"2016","2015-12-31","17620928","17620938","Other","106312134.99"
"2016","2015-12-31","17620940","17620958","Payment to the Resolution Funding Corporation","null"
"2016","2016-02-29","18411991","18411999","Other","41428989.36"
"2016","2015-12-31","17620940","17620960","Financial Agent Services","50251707.98"
"2016","2015-12-31","17620940","17620964","Claims, Judgements, and Relief Acts","74445458.12"
"2016","2015-12-31","17620940","17620966","Other","1152003127.11"
"2016","2015-12-31","17620940","17620970","Total--Bureau of the Fiscal Service","1276700293.21"
"2016","2015-12-31","17620298","17620349","Proprietary Receipts from the Public:","null"
"2016","2015-12-31","17620926","17620972","Federal Financing Bank","'-182764052.97"
"2016","2015-12-31","17620974","17620976","Salaries and Expenses","7923782.09"
"2016","2015-12-31","17620974","17620979","Internal Revenue Collections for Puerto Rico","23124303.80"
"2016","2015-12-31","17620926","17620983","Bureau of Engraving and Printing","'-44789412.20"
"2016","2015-12-31","17620926","17620987","United States Mint","33652861.40"
"2016","2015-12-31","17620991","17620995","Taxpayer Services","164945068.37"
"2016","2015-12-31","17620991","17620999","Enforcement","356918908.74"
"2016","2015-12-31","17620991","17621003","Operations Support","311706642.83"
"2016","2015-12-31","17620991","17621007","Build America Bond Payments, Recovery Act","676822154.42"
"2016","2015-12-31","17620991","17621011","Refundable Premium Tax Credits and Cost Sharing Reductions","2986934858.60"
"2016","2015-12-31","17620991","17621015","Payment Where Earned Income Credit Exceeds Liability for Tax","30106631.34"
"2016","2015-12-31","17620991","17621019","Payment Where Child Tax Credit Exceeds Liability for Tax","14309978.79"
"2016","2015-12-31","17620991","17621023","Payment Where American Opportunity Tax Credit Exceeds Liability for Tax","'-5289621.47"
"2016","2015-12-31","17620991","17621031","Refunding Internal Revenue Collections, Interest","93325876.24"
"2016","2015-12-31","17620991","17621035","Other","231840300.34"
"2016","2015-12-31","17620991","17621039","Total--Internal Revenue Service","4861620798.20"
"2016","2015-12-31","17620926","17621043","Comptroller of the Currency","75803055.75"
"2016","2015-12-31","17621055","17621059","Public Issues (Accrual Basis)","20956147190.79"
"2016","2015-12-31","17621055","17621063","Special Issues (Cash Basis)","64723246960.94"
"2016","2015-12-31","17621055","17621067","Total--Interest on Treasury Debt Securities (Gross)","85679394151.73"
"2016","2015-12-31","17621051","17621071","Total--Interest on the Public Debt","85679394151.73"
"2016","2015-12-31","17620926","17621075","Other","9806311.47"
"2016","2015-12-31","17620926","17621079","Proprietary Receipts from the Public","'-3108557463.32"
"2016","2015-12-31","17620926","17621083","Intrabudgetary Transactions","'-61473469.98"
"2016","2015-12-31","17620926","17621091","Total--Department of the Treasury","88999903472.21"
"2016","2015-12-31","null","17621093","Department of Veterans Affairs:","null"
"2016","2015-12-31","17621093","17621095","Joint DOD-VA Medical Facility Demonstration Fund","36043644.22"
"2016","2015-12-31","17621093","17621097","Veterans Health Administration:","null"
"2016","2015-12-31","17621097","17621099","Veterans Choice Fund, Veterans Health Administration","190474319.30"
"2016","2015-12-31","17621097","17621101","Medical Services","5009627880.75"
"2016","2015-12-31","17621097","17621103","Medical Support and Compliance","648629920.47"
"2016","2015-12-31","17621097","17621105","Medical Facilities","475466089.48"
"2016","2015-12-31","17621097","17621107","Other","75923303.77"
"2016","2015-12-31","17621109","17621111","Public Enterprise Funds:","null"
"2016","2015-11-30","17064837","17064843","Highway Trust Fund:","null"
"2016","2015-12-31","17621111","17621113","Housing Accounts","'-583714.34"
"2016","2015-12-31","17621111","17621115","Other","3325642.79"
"2016","2015-12-31","17621109","17621117","Compensation and Pensions","12440848341.50"
"2016","2015-12-31","17621109","17621119","Readjustment Benefits","1600043112.73"
"2016","2015-12-31","17621109","17621121","Veterans Housing Benefit Program Fund","null"
"2016","2015-12-31","17621123","17621125","National Service Life","81932547.81"
"2016","2015-12-31","17621123","17621127","Veterans Special Life","'-28678640.25"
"2016","2015-12-31","17621109","17621129","Other","2446356.97"
"2016","2015-12-31","17621109","17621131","Total--Benefits Programs","14099333647.21"
"2016","2015-12-31","17621093","17621133","Departmental Administration:","null"
"2016","2015-12-31","17621133","17621135","Construction","114746237.63"
"2016","2015-12-31","17621133","17621137","Information Technology Systems","348720938.65"
"2016","2015-12-31","17621133","17621139","General Operating Expenses","318254766.80"
"2016","2015-12-31","17621133","17621141","Other","113488200.65"
"2016","2015-12-31","17621143","17621145","National Service Life","'-6522124.50"
"2016","2015-12-31","17621143","17621147","Other","'-295815631.09"
"2016","2015-12-31","17621093","17621149","Intrabudgetary Transactions","2575229.96"
"2016","2015-12-31","17621093","17621151","Total--Department of Veterans Affairs","21130946423.30"
"2016","2015-12-31","17621153","17621155","Construction","220460928.67"
"2016","2015-12-31","17621153","17621157","Operation and Maintenance","265552819.63"
"2016","2015-12-31","17621153","17621159","Flood Control and Coastal Emergencies","28926641.65"
"2016","2015-12-31","17621153","17621163","Rivers and Harbors Contributed Funds","37006971.59"
"2016","2015-10-31","16514272","16514285","Capitol Police","27971314.94"
"2016","2015-11-30","17064061","17064074","Environmental and Other Defense Activities:","null"
"2016","2016-01-31","18096568","18096584","Proprietary Receipts from the Public:","null"
"2016","2015-12-31","17620423","17620431","Centers for Medicare and Medicaid Services:","null"
"2016","2015-12-31","17621153","17621165","Other","83606730.53"
"2016","2015-12-31","17621153","17621167","Proprietary Receipts from the Public","'-38637480.06"
"2016","2015-12-31","17621153","17621169","Intrabudgetary Transactions","'-1288052.32"
"2016","2015-12-31","17621153","17621171","Total--Corps of Engineers","595628559.69"
"2016","2015-12-31","17621173","17621176","Military Retirement:","null"
"2016","2015-12-31","17621176","17621180","Payment to Military Retirement Fund","null"
"2016","2015-12-31","17621176","17621184","Military Retirement Fund","9122242739.19"
"2016","2015-12-31","17621188","17621195","Department of Defense Medicare-Eligible Retiree Health Care Fund","570048230.30"
"2016","2015-12-31","17621173","17621198","Educational Benefits","29040188.71"
"2016","2015-12-31","17621173","17621202","Other","18268885.67"
"2016","2015-12-31","17621173","17621206","Proprietary Receipts from the Public","'-1303211.32"
"2016","2015-12-31","17621173","17621210","Intrabudgetary Transactions","79330787.61"
"2016","2015-12-31","17621173","17621214","Total--Other Defense Civil Programs","9817627620.16"
"2016","2015-12-31","null","17621218","Environmental Protection Agency:","null"
"2016","2015-12-31","17621218","17621222","Science and Technology","55479495.11"
"2016","2015-12-31","17621218","17621226","Environmental Programs and Management","208184396.79"
"2016","2015-12-31","17621218","17621234","Payment to the Hazardous Substance Superfund","null"
"2016","2015-12-31","17621218","17621238","Hazardous Substance Superfund","121701492.03"
"2016","2015-12-31","17621218","17621242","Other","28952661.20"
"2016","2015-12-31","17621218","17621246","Proprietary Receipts from the Public","'-6704900.21"
"2016","2015-12-31","17621218","17621250","Intrabudgetary Transactions","'-17211439.73"
"2016","2015-12-31","17621218","17621254","Offsetting Governmental Receipts","'-1792257.78"
"2016","2015-12-31","17621218","17621258","Total--Environmental Protection Agency","800929890.40"
"2016","2015-10-31","16515613","16515641","Payments to the Unemployment Trust Fund","null"
"2016","2015-11-30","null","17064116","Department of Health and Human Services:","null"
"2016","2016-01-31","null","18095935","Department of Justice:","null"
"2016","2015-12-31","17621262","17621270","Office of Management and Budget","10198845.17"
"2016","2015-12-31","17621262","17621274","Unanticipated Needs","2190695.70"
"2016","2015-12-31","17621262","17621278","Other","20903424.60"
"2016","2015-12-31","17621262","17621282","Proprietary Receipts from the Public","'-1574.80"
"2016","2015-12-31","17621262","17621290","Total--Executive Office of the President","39217263.51"
"2016","2015-12-31","17621294","17621298","Real Property Activities","13160559.20"
"2016","2015-12-31","17621294","17621302","Supply and Technology Activities","158666762.33"
"2016","2015-12-31","17621294","17621306","General Activities","38227913.73"
"2016","2015-12-31","17621294","17621314","Intrabudgetary Transactions","'-211091.27"
"2016","2015-12-31","17621294","17621318","Total--General Services Administration","177823286.23"
"2016","2015-12-31","null","17621322","International Assistance Programs:","null"
"2016","2015-12-31","17621322","17621326","Millennium Challenge Corporation","73366472.36"
"2016","2015-12-31","17621322","17621330","International Security Assistance:","null"
"2016","2015-12-31","17621330","17621336","Foreign Military Financing Program","110820626.31"
"2016","2015-12-31","17621330","17621338","Economic Support Fund","825610912.26"
"2016","2015-12-31","17621330","17621340","Other","88165480.70"
"2016","2015-12-31","17621330","17621344","Total--International Security Assistance","1024597019.27"
"2016","2015-12-31","17621322","17621346","Multilateral Assistance:","null"
"2016","2015-12-31","17621346","17621350","Other","17801540.57"
"2016","2015-12-31","17621346","17621354","Total--Multilateral Assistance","17801540.57"
"2016","2015-12-31","17621322","17621356","Agency for International Development:","null"
"2016","2015-12-31","17621356","17621358","Development Assistance Program","207983808.85"
"2016","2015-12-31","17621356","17621360","Assistance for Europe, Eurasia and Central Asia","4501380.77"
"2016","2015-12-31","17621356","17621362","International Disaster Assistance","111789502.25"
"2016","2015-12-31","17621356","17621363","Operating Expenses","121544937.80"
"2016","2015-10-31","16514623","16514653","Procurement:","null"
"2016","2015-10-31","16515752","16515753","Highway Trust Fund:","null"
"2016","2015-10-31","16516073","16516076","Other","'-4088711.71"
"2016","2016-01-31","18096651","18096654","Other","918348.90"
"2016","2015-12-31","17620498","17620508","Other","125074713.15"
"2016","2015-12-31","17621356","17621365","Other","22074382.40"
"2016","2015-12-31","17621356","17621367","Proprietary Receipts from the Public","'-251913.03"
"2016","2015-12-31","17621356","17621369","Intrabudgetary Transactions","1475503.00"
"2016","2015-12-31","17621322","17621371","Overseas Private Investment Corporation:","null"
"2016","2015-12-31","17621371","17621372","Overseas Private Investment Corporation Accounts","2295678.55"
"2016","2015-12-31","17621371","17621373","Proprietary Receipts from the Public","'-35935258.21"
"2016","2015-12-31","17621371","17621375","Total--Overseas Private Investment Corporation","'-33639579.66"
"2016","2015-12-31","17621322","17621376","Peace Corps","31943519.98"
"2016","2015-12-31","17621322","17621377","International Monetary Programs","'-90770189.93"
"2016","2015-12-31","17621378","17621379","Foreign Military Sales Trust Fund","3633706850.56"
"2016","2015-12-31","17621378","17621380","Other","1226056.76"
"2016","2015-12-31","17621378","17621381","Proprietary Receipts from the Public","'-3096755936.01"
"2016","2015-12-31","17621322","17621382","Other","10294704.80"
"2016","2015-12-31","17621433","17621435","Administrative Expenses","220428692.40"
"2016","2015-12-31","17621322","17621383","Total--International Assistance Programs","2040888060.74"
"2016","2015-12-31","17621384","17621385","Science","446952393.56"
"2016","2015-12-31","17621384","17621386","Aeronautics","48867240.50"
"2016","2015-12-31","17621384","17621387","Exploration","923354200.82"
"2016","2015-12-31","17621384","17621388","Cross Agency Support","225042038.20"
"2016","2015-12-31","17621384","17621389","Space Operations","502725803.82"
"2016","2015-12-31","17621384","17621390","Other","118880637.04"
"2016","2015-12-31","17621384","17621391","Proprietary Receipts from the Public","'-413607.48"
"2016","2015-12-31","17621384","17621392","Intrabudgetary Transactions","'-167137.97"
"2016","2015-12-31","17621394","17621396","Education and Human Resources","61108789.92"
"2016","2015-12-31","17621394","17621397","Other","48008492.14"
"2016","2015-12-31","17621394","17621398","Proprietary Receipts from the Public","'-778330.44"
"2016","2015-12-31","17621394","17621400","Total--National Science Foundation","510446439.01"
"2016","2015-12-31","17621401","17621402","Government Payment for Annuitants, Employees Health and Life Insurance Benefits","972092319.74"
"2016","2015-12-31","17621401","17621405","Civil Service Retirement and Disability Fund","6832496285.28"
"2016","2015-11-30","17065296","17065310","Agency for International Development:","null"
"2016","2015-12-31","17620526","17620602","Proprietary Receipts from the Public:","null"
"2016","2015-12-31","17621401","17621406","Employees Life Insurance Fund","'-84876595.53"
"2016","2015-12-31","17621401","17621407","Employees and Retired Employees Health Benefits Fund","113408297.27"
"2016","2015-12-31","17621401","17621408","Other","12845092.10"
"2016","2015-12-31","17621401","17621409","Proprietary Receipts from the Public","'-1455422.88"
"2016","2015-12-31","17621410","17621411","Postal Service Contributions","'-750819446.29"
"2016","2015-12-31","17621410","17621412","Civil Service Retirement and Disability Fund:","null"
"2016","2015-12-31","17621412","17621414","Other","'-4013358.51"
"2016","2015-12-31","17621401","17621415","Total--Office of Personnel Management","7089677171.18"
"2016","2015-12-31","17621416","17621417","Salaries and Expenses","48846030.32"
"2016","2015-12-31","17621416","17621418","Business Loans Program","2695417.08"
"2016","2015-12-31","17621416","17621419","Disaster Loans Program","4070081.80"
"2016","2015-12-31","17621416","17621421","Proprietary Receipts from the Public","1828309.34"
"2016","2015-12-31","17621416","17621422","Intrabudgetary Transactions","'-1702562.73"
"2016","2015-12-31","17621416","17621423","Total--Small Business Administration","74235185.55"
"2016","2015-12-31","17621424","17621425","Payments to Social Security Trust Funds","95218341.29"
"2016","2015-12-31","17621424","17621426","Supplemental Security Income Program","9268676938.15"
"2016","2015-12-31","17621424","17621427","Federal Old-Age and Survivors Insurance Trust Fund (Off-Budget):","null"
"2016","2015-12-31","17621427","17621428","Benefit Payments","83042936789.96"
"2016","2015-12-31","17621427","17621429","Administrative Expenses","223947014.23"
"2016","2015-12-31","17621427","17621432","Total--Federal Old-Age and Survivors Insurance Trust Fund (Off-Budget)","83266883804.19"
"2016","2015-12-31","17621424","17621433","Federal Disability Insurance Trust Fund (Off-Budget):","null"
"2016","2015-12-31","17621433","17621434","Benefit Payments","18139959985.74"
"2016","2015-12-31","17621433","17621438","Total--Federal Disability Insurance Trust Fund (Off-Budget)","18360388678.14"
"2016","2015-12-31","17621424","17621439","Other","16655921.61"
"2016","2015-12-31","17621440","17621441","On-Budget","'-192680623.53"
"2016","2015-12-31","17621440","17621442","Off-Budget","'-2112402.96"
"2016","2015-12-31","17621424","17621443","Intrabudgetary Transactions:","null"
"2016","2015-12-31","17621443","17621446","Off-Budget","'-94458870.13"
"2016","2015-12-31","17621453","17621455","Courts","23381446.17"
"2016","2015-12-31","17621453","17621456","General and Special Payments","65149579.63"
"2016","2015-12-31","17621448","17621458","Equal Employment Opportunity Commission","27666459.29"
"2016","2015-12-31","17621448","17621459","Export-Import Bank of the United States","'-174186212.20"
"2016","2015-12-31","17621460","17621461","Universal Service Fund","803156300.77"
"2016","2015-12-31","17621460","17621462","Spectrum Auction Program Account","4691.24"
"2016","2015-12-31","17621460","17621463","Other","'-52975932.06"
"2016","2015-10-31","16515845","16515846","Public Enterprise Funds:","null"
"2016","2015-11-30","17063750","17063766","National Institute of Food and Agriculture:","null"
"2016","2015-11-30","17064357","17064359","Land and Minerals Management:","null"
"2016","2016-01-31","18095573","18095595","Energy Programs:","null"
"2016","2015-12-31","17621464","17621469","Deposit Insurance Fund","'-2376065111.38"
"2016","2015-12-31","17621464","17621470","FSLIC Resolution Fund","513921924.31"
"2016","2015-12-31","17621464","17621472","Total--Federal Deposit Insurance Corporation","'-1862143187.07"
"2016","2015-12-31","17621448","17621474","Federal Housing Finance Agency","17681030.21"
"2016","2015-12-31","17621448","17621476","Intelligence Community Management Account","36250652.02"
"2016","2015-12-31","17621448","17621478","National Archives and Records Administration","33693252.80"
"2016","2015-12-31","17621448","17621480","National Endowment for the Arts","9402345.19"
"2016","2015-12-31","17621448","17621481","National Endowment for the Humanities","9493787.52"
"2016","2015-12-31","17621448","17621482","National Labor Relations Board","19306795.93"
"2016","2015-12-31","17621448","17621483","Nuclear Regulatory Commission","59526707.63"
"2016","2015-12-31","17621485","17621486","Public Enterprise Funds","'-266696841.45"
"2016","2015-12-31","17621485","17621487","Other","12184.38"
"2016","2015-12-31","17621489","17621490","Federal Windfall Subsidy","2712831.36"
"2016","2015-12-31","17621489","17621491","Federal Payments to the Railroad Retirement Accounts","436078.93"
"2016","2015-12-31","17621489","17621492","Railroad Unemployment Insurance Trust Fund:","null"
"2016","2015-12-31","17621492","17621493","Benefit Payments","12469261.55"
"2016","2015-12-31","17621492","17621494","Transfer To Administrative Funds","1124709.00"
"2016","2015-12-31","17621496","17621497","Benefit Payments","431252275.72"
"2016","2015-12-31","17621496","17621499","OASDI Certifications","'-949570.69"
"2016","2015-12-31","17621496","17621500","Transfer to Administrative Funds","5608334.00"
"2016","2015-12-31","17621496","17621501","Other","'-148195.80"
"2016","2015-12-31","17621502","17621504","Administrative Expenses","1040498.73"
"2016","2015-12-31","17621502","17621505","Transfers to the Railroad Retirement Trust Funds from the National Railroad Retirement Investment Trust","376000000.00"
"2016","2015-12-31","17621489","17621506","Railroad Social Security Equivalent Benefit Account:","null"
"2016","2015-12-31","17621506","17621507","Benefit Payments","588593802.18"
"2016","2015-12-31","17621506","17621508","Transfer To Administrative Funds","2475957.00"
"2016","2015-12-31","17621506","17621509","Other","'-10197836.37"
"2016","2015-12-31","17621489","17621510","Proprietary Receipts from the Public","202021193.07"
"2016","2015-12-31","17621511","17621514","Other","'-376435082.19"
"2016","2015-12-31","17621489","17621515","Total--Railroad Retirement Board","1236004256.49"
"2016","2015-12-31","17621448","17621516","Securities and Exchange Commission","126991824.00"
"2016","2015-12-31","17621448","17621517","Smithsonian Institution","73489002.94"
"2016","2015-10-31","null","16515900","Executive Office of the President:","null"
"2016","2015-11-30","17065437","17065450","National Railroad Retirement Investment Trust:","null"
"2016","2016-01-31","18096279","18096319","Departmental Administration:","null"
"2016","2015-12-31","17621448","17621518","Tennessee Valley Authority","169994886.40"
"2016","2015-12-31","17621448","17621519","Other","184190685.24"
"2016","2015-12-31","17621448","17621520","Total--Independent Agencies","665901267.45"
"2016","2015-12-31","null","17621521","Undistributed Offsetting Receipts:","null"
"2016","2015-12-31","17621521","17621522","Other Interest","null"
"2016","2015-12-31","17621523","17621525","Department of Health and Human Services:","null"
"2016","2015-12-31","17621526","17621527","Federal Employer Contributions","'-297000000.00"
"2016","2015-12-31","17621526","17621528","Postal Service Employer Contributions","'-54000000.00"
"2016","2015-12-31","17621523","17621530","Department of State:","null"
"2016","2015-12-31","17621530","17621531","Foreign Service Retirement and Disability Fund","'-26194584.57"
"2016","2015-12-31","17621523","17621533","Other Defense Civil Programs:","null"
"2016","2015-12-31","17621533","17621534","Military Retirement Fund","'-1574588926.43"
"2016","2015-12-31","17621533","17621535","Department of Defense Medicare-Eligible Retiree Health Care Fund","null"
"2016","2015-12-31","17621536","17621538","Civil Service Retirement and Disability Fund","'-2770996230.25"
"2016","2015-12-31","17621523","17621539","Social Security Administration:","null"
"2016","2015-12-31","17621539","17621540","Federal Old-Age and Survivors Insurance Trust Fund:","null"
"2016","2015-12-31","17621540","17621541","Federal Employer Contributions","'-1066000000.00"
"2016","2015-12-31","17621539","17621543","Federal Disability Insurance Trust Fund:","null"
"2016","2015-12-31","17621543","17621544","Federal Employer Contributions","'-181000000.00"
"2016","2015-12-31","17621523","17621548","Other","'-37537.79"
"2016","2015-12-31","17621523","17621549","Total--Employer Share, Employee Retirement","'-5969817279.04"
"2016","2015-12-31","17621550","17621551","Judicial Branch:","null"
"2016","2015-12-31","17621551","17621552","Judicial Survivors Annuity Fund","1669376.43"
"2016","2015-12-31","17621550","17621553","Department of Health and Human Services:","null"
"2016","2015-12-31","17621553","17621554","Federal Hospital Insurance Trust Fund","'-3915266104.41"
"2016","2015-12-31","17621553","17621555","Federal Supplementary Medical Insurance Trust Fund","'-882193634.82"
"2016","2015-12-31","17621556","17621557","Oil Spill Liability Trust Fund","200417.70"
"2016","2015-12-31","17621556","17621558","Other","55620.91"
"2016","2015-12-31","17621550","17621559","Department of Labor:","null"
"2016","2015-12-31","17621559","17621560","Unemployment Trust Fund","'-456813168.25"
"2016","2015-12-31","17621561","17621562","Foreign Service Retirement and Disability Fund","'-296741218.76"
"2016","2015-12-31","17621550","17621563","Department of Transportation:","null"
"2016","2015-12-31","17621563","17621564","Airport and Airway Trust Fund","'-106827315.86"
"2016","2015-12-31","17621550","17621565","Department of Veterans Affairs:","null"
"2016","2015-12-31","17621565","17621566","National Service Life Insurance Fund","'-94434247.36"
"2016","2015-12-31","17621565","17621567","United States Government Life Insurance Fund","'-63927.36"
"2016","2015-12-31","17621550","17621569","Other Defense Civil Programs:","null"
"2016","2015-10-31","null","16515165","Department of Housing and Urban Development:","null"
"2016","2015-12-31","17620331","17620333","Department of the Navy","25194660.99"
"2016","2015-12-31","17620926","17620928","Departmental Offices:","null"
"2016","2015-12-31","17621569","17621570","Military Retirement Fund","222489692.30"
"2016","2015-12-31","17621550","17621574","Office of Personnel Management:","null"
"2016","2015-12-31","17621574","17621575","Civil Service Retirement and Disability Fund","'-14152931152.48"
"2016","2015-12-31","17621576","17621578","Federal Disability Insurance Trust Fund","'-734934945.46"
"2016","2015-12-31","17621579","17621581","Railroad Retirement Board","'-5494517.47"
"2016","2015-12-31","17621579","17621582","Other","'-628271.10"
"2016","2015-12-31","17621550","17621583","Other","'-10496673.29"
"2016","2015-12-31","17621550","17621584","Total--Interest Received by Trust Funds","'-64689097617.39"
"2016","2015-12-31","17621594","17621595","Total On-Budget","'-16809942744.73"
"2016","2015-12-31","17621594","17621596","Total Off-Budget","2365998891.23"
"2016","2016-02-29","18411736","18411738","Senate","70113034.16"
"2016","2016-02-29","18411736","18411740","House of Representatives","105827277.09"
"2016","2016-02-29","18411736","18411743","Joint Items","1768998.62"
"2016","2016-02-29","18411736","18411746","Capitol Police","38977359.15"
"2016","2016-02-29","18411736","18411750","Congressional Budget Office","4999320.51"
"2016","2016-02-29","18411736","18411755","Architect of the Capitol","41157958.19"
"2016","2016-02-29","18411736","18411760","Library of Congress","61682367.33"
"2016","2016-02-29","18411736","18411766","Government Printing Office","10685019.27"
"2016","2016-02-29","18411736","18411770","Government Accountability Office","59540527.68"
"2016","2016-02-29","18411736","18411774","United States Tax Court","4064448.30"
"2016","2016-02-29","18411736","18411778","Other Legislative Branch Agencies","'-5931576.26"
"2016","2016-02-29","18411736","18411782","Proprietary Receipts from the Public","'-899374.68"
"2016","2016-02-29","18411797","18411818","Proprietary Receipts from the Public","'-21510960.71"
"2016","2016-02-29","18411797","18411824","Intrabudgetary Transactions","'-377771576.92"
"2016","2016-02-29","18411797","18411830","Total--Judicial Branch","612528767.74"
"2016","2016-02-29","18411836","18411842","Agricultural Research Service","111053381.61"
"2016","2016-02-29","18411847","18411851","Research and Education Activities","58283626.27"
"2016","2016-02-29","18411847","18411853","Extension Activities","27116295.08"
"2016","2016-02-29","18411847","18411858","Other","9406373.08"
"2016","2016-02-29","18411836","18411865","Animal and Plant Health Inspection Service","170070257.26"
"2016","2016-02-29","18411836","18411883","Risk Management Agency:","null"
"2016","2016-02-29","18411883","18411889","Administrative and Operating Expenses","8346204.12"
"2016","2016-02-29","18411883","18411895","Federal Crop Insurance Corporation Fund","582864156.38"
"2016","2016-02-29","18411836","18411901","Farm Service Agency:","null"
"2016","2015-10-31","16515357","16515365","FHA-General and Special Risk Fund","'-56008622.71"
"2016","2016-01-31","18095219","18095258","Risk Management Agency:","null"
"2016","2016-01-31","18095815","18095835","Housing for the Elderly","56761054.65"
"2016","2016-02-29","18411901","18411907","Salaries and Expenses","145822433.88"
"2016","2016-02-29","18411901","18411913","USDA Supplemental Assistance","349.80"
"2016","2016-02-29","18411901","18411920","Agricultural Disaster Relief Fund","362587.19"
"2016","2016-02-29","18411950","18411954","Conservation Operations","85610039.81"
"2016","2016-02-29","18411950","18411958","Farm Security and Rural Investment Programs","244588708.02"
"2016","2016-02-29","18411950","18411962","Other","18895750.54"
"2016","2016-02-29","18411836","18411966","Rural Development","66161846.60"
"2016","2016-02-29","18411968","18411972","Rural Housing Insurance Fund","'-75968005.78"
"2016","2016-02-29","18411968","18411975","Rental Assistance Program","98894044.13"
"2016","2016-02-29","18411836","18411978","Rural Utilities Service:","null"
"2016","2016-02-29","18411978","18411981","Rural Electrification and Telecommunications Fund","'-172743045.89"
"2016","2016-02-29","18411978","18411987","Other","44553935.38"
"2016","2016-02-29","18411836","18411989","Foreign Agricultural Service","294740014.07"
"2016","2016-02-29","18411991","18411993","Supplemental Nutrition Assistance Program","6041194985.79"
"2016","2016-02-29","18411991","18411995","Child Nutrition Programs","1977467311.08"
"2016","2016-02-29","18411991","18411997","Special Supplemental Nutrition Program for Women, Infants, and Children (WIC)","510072926.01"
"2016","2016-02-29","18412003","18412015","Total--Forest Service","433892065.93"
"2016","2016-02-29","18411836","18412017","Other","73782969.41"
"2016","2016-02-29","18411836","18412019","Proprietary Receipts from the Public","'-117697097.38"
"2016","2016-02-29","18411836","18412021","Intrabudgetary Transactions","24313019.16"
"2016","2016-02-29","18411836","18412023","Total--Department of Agriculture","11113812435.22"
"2016","2016-02-29","null","18412025","Department of Commerce:","null"
"2016","2016-02-29","18412025","18412027","Economic Development Administration","22733611.31"
"2016","2016-02-29","18412025","18412029","Bureau of the Census","142442060.67"
"2016","2016-02-29","18412025","18412031","International Trade Administration","35051844.77"
"2016","2016-02-29","18412025","18412033","National Oceanic and Atmospheric Administration","541703114.84"
"2016","2015-10-31","16514380","16514565","Food and Nutrition Service:","null"
"2016","2015-11-30","null","17065212","Corps of Engineers:","null"
"2016","2016-01-31","18095219","18095345","Food and Nutrition Service:","null"
"2016","2016-01-31","18096568","18096569","Payments to Social Security Trust Funds","5857524486.23"
"2016","2016-02-29","18412025","18412035","National Institute of Standards and Technology","103312789.52"
"2016","2016-02-29","18412025","18412037","National Telecommunications and Information Administration","19828931.98"
"2016","2016-02-29","18412025","18412039","Other","119040142.13"
"2016","2016-02-29","18412025","18412041","Proprietary Receipts from the Public","'-3400736.72"
"2016","2016-02-29","18412025","18412043","Intrabudgetary Transactions","'-173316.15"
"2016","2016-02-29","18412025","18412045","Offsetting Governmental Receipts","'-905989.52"
"2016","2016-02-29","18412025","18412047","Total--Department of Commerce","979632452.83"
"2016","2016-02-29","18412049","18412051","Military Personnel:","null"
"2016","2016-02-29","18412051","18412053","Department of the Army","4621726581.63"
"2016","2016-02-29","18412051","18412055","Department of the Navy","3561078798.58"
"2016","2016-02-29","18412051","18412057","Department of the Air Force","2673409861.64"
"2016","2016-02-29","18412051","18412061","Total--Military Personnel","10856215241.85"
"2016","2016-02-29","18412049","18412063","Operation and Maintenance:","null"
"2016","2016-02-29","18412063","18412065","Department of the Army","3978784899.18"
"2016","2016-02-29","18412063","18412067","Department of the Navy","4576480047.33"
"2016","2016-02-29","18412063","18412069","Department of the Air Force","4358061965.76"
"2016","2016-02-29","18412063","18412071","Defense Agencies","5972016387.70"
"2016","2016-02-29","18412063","18412073","Total--Operation and Maintenance","18885343299.97"
"2016","2016-02-29","18412049","18412075","International Reconstruction and Other Assistance:","null"
"2016","2016-02-29","18412075","18412077","Department of the Army","'-586.30"
"2016","2015-10-31","16515613","16515653","Unemployment Trust Fund:","null"
"2016","2015-10-31","16516090","16516106","Social Security Administration:","null"
"2016","2015-11-30","17064116","17064172","Administration for Children and Families:","null"
"2016","2015-11-30","null","17065278","Executive Office of the President:","null"
"2016","2016-01-31","null","18095979","Department of Labor:","null"
"2016","2015-12-31","null","17621173","Other Defense Civil Programs:","null"
"2016","2016-02-29","18412079","18412081","Department of the Army","1169115170.09"
"2016","2016-02-29","18412079","18412083","Department of the Navy","4052436516.34"
"2016","2016-02-29","18412079","18412085","Department of the Air Force","1505415322.89"
"2016","2016-02-29","18412079","18412087","Defense Agencies","463860213.66"
"2016","2016-02-29","18412079","18412089","Total--Procurement","7190827222.98"
"2016","2016-02-29","18412049","18412091","Research, Development, Test, and Evaluation:","null"
"2016","2016-02-29","18412091","18412093","Department of the Army","608573719.40"
"2016","2016-02-29","18412539","18412601","Departmental Offices:","null"
"2016","2016-02-29","18412091","18412095","Department of the Navy","1453029989.30"
"2016","2016-02-29","18412091","18412097","Department of the Air Force","1188041602.86"
"2016","2016-02-29","18412103","18412105","Department of the Army","207596167.90"
"2016","2016-02-29","18412103","18412107","Department of the Navy","103013839.18"
"2016","2016-02-29","18412103","18412109","Department of the Air Force","117518168.13"
"2016","2016-02-29","18412115","18412121","Department of the Air Force","29386524.39"
"2016","2016-02-29","18412115","18412123","Defense Agencies","3889898.92"
"2016","2016-02-29","18412049","18412125","Revolving and Management Funds:","null"
"2016","2016-02-29","18412125","18412129","Department of the Navy","202287261.60"
"2016","2016-02-29","18412125","18412133","Defense Agencies:","null"
"2016","2016-02-29","18412133","18412135","Working Capital Fund","'-462684591.32"
"2016","2016-02-29","18412133","18412137","Other","22767457.19"
"2016","2016-02-29","18412049","18412139","Allowances","'-6418691.82"
"2016","2016-02-29","18412049","18412141","Trust Funds:","null"
"2016","2016-02-29","18412141","18412143","Department of the Army","417896.84"
"2016","2016-02-29","18412141","18412145","Department of the Navy","2083893.18"
"2016","2016-02-29","18412141","18412147","Department of the Air Force","998166.64"
"2016","2016-02-29","18412141","18412149","Defense Agencies","'-4716320.91"
"2016","2016-02-29","18412049","18412151","Proprietary Receipts from the Public:","null"
"2016","2016-02-29","18412151","18412153","Department of the Army","459283413.40"
"2016","2016-02-29","18412151","18412155","Department of the Navy","'-2105622.95"
"2016","2016-02-29","18412151","18412157","Department of the Air Force","289823858.02"
"2016","2016-02-29","18412151","18412159","Defense Agencies","'-42735442.84"
"2016","2015-10-31","null","16516161","Total Surplus (+) or Deficit (-)","'-136532084814.92"
"2016","2016-01-31","18096090","18096096","Federal Aviation Administration:","null"
"2016","2016-01-31","18096634","18096637","Railroad Unemployment Insurance Trust Fund:","null"
"2016","2015-12-31","17621262","17621266","The White House","5938127.94"
"2016","2016-02-29","18412049","18412161","Intrabudgetary Transactions:","null"
"2016","2016-02-29","18412161","18412163","Department of the Army","'-43295652.70"
"2016","2016-02-29","18412161","18412167","Department of the Air Force","18228281.55"
"2016","2016-02-29","18412161","18412169","Defense Agencies","'-228832152.11"
"2016","2016-02-29","18412179","18412181","Office of Elementary and Secondary Education:","null"
"2016","2016-02-29","18412181","18412183","Accelerating Achievement and Ensuring Equity","1534265758.98"
"2016","2016-02-29","18412181","18412185","Impact Aid","278771852.74"
"2016","2016-02-29","18412181","18412187","Education Improvement Programs","357639988.34"
"2016","2016-02-29","18412181","18412189","State Fiscal Stabilization Fund, Recovery Act","null"
"2016","2016-02-29","18412181","18412191","Other","29889600.47"
"2016","2016-02-29","18412181","18412193","Total--Office of Elementary and Secondary Education","2200567200.53"
"2016","2016-02-29","18412179","18412195","Office of Innovation and Improvement","121836003.84"
"2016","2016-02-29","18412179","18412197","Office of English Language Acquisition","54040953.08"
"2016","2016-02-29","18412199","18412201","Special Education","1060561726.20"
"2016","2016-02-29","18412199","18412203","Rehabilitation Services and Disability Research","260489099.42"
"2016","2016-02-29","18412199","18412205","Special Institutions for Persons with Disabilities","24705193.30"
"2016","2016-02-29","18412179","18412207","Office of Vocational and Adult Education","154659051.11"
"2016","2016-02-29","18412209","18412211","Higher Education","165890070.96"
"2016","2016-02-29","18412209","18412213","Other","'-198415.83"
"2016","2016-02-29","18412209","18412215","Total--Office of Postsecondary Education","165691655.13"
"2016","2016-02-29","18412179","18412217","Office of Federal Student Aid:","null"
"2016","2016-02-29","18412217","18412219","Student Financial Assistance","4625522589.29"
"2016","2016-02-29","18412217","18412221","Student Aid Administration","147063887.65"
"2016","2016-02-29","18412217","18412227","Federal Family Education Loans","'-58723004.83"
"2016","2016-02-29","18412217","18412229","Other","'-577750.33"
"2016","2016-02-29","18412217","18412231","Total--Office of Federal Student Aid","4713285721.78"
"2016","2016-02-29","18412179","18412233","Institute of Education Sciences","41303495.22"
"2016","2016-02-29","18412179","18412235","Departmental Management","48759959.11"
"2016","2016-02-29","18412179","18412241","Intrabudgetary Transactions","1298119.90"
"2016","2016-02-29","18412179","18412243","Total--Department of Education","9015547003.54"
"2016","2016-02-29","null","18412245","Department of Energy:","null"
"2016","2016-02-29","18412245","18412247","National Nuclear Security Administration:","null"
"2016","2016-02-29","18412247","18412249","Naval Reactors","89389053.85"
"2016","2015-11-30","17063871","17063877","Farm Security and Rural Investment Programs","349723388.11"
"2016","2016-01-31","18096695","18096710","Department of Veterans Affairs:","null"
"2016","2016-02-29","18412247","18412251","Weapons Activities","575995139.14"
"2016","2016-02-29","18412247","18412253","Defense Nuclear Nonproliferation","104653773.12"
"2016","2016-02-29","18412257","18412263","Defense Nuclear Waste Disposal","38634.49"
"2016","2016-02-29","18412267","18412269","Science","405254926.54"
"2016","2016-02-29","18412267","18412273","Energy Efficiency and Renewable Energy","136573308.78"
"2016","2016-02-29","18412267","18412275","Fossil Energy Research and Development","39243488.04"
"2016","2016-02-29","18412267","18412277","Uranium Enrichment Decontamination and Decommissioning Fund","68435720.38"
"2016","2016-02-29","18412267","18412279","Advanced Technology Vehicles Manufacturing Loan Program","418878.74"
"2016","2016-02-29","18412267","18412281","Title 17 Innovative Technology Loan Guarantee Program","1597601.74"
"2016","2016-02-29","18412267","18412283","Other","75467828.93"
"2016","2016-02-29","18412267","18412285","Total--Energy Programs","819386687.39"
"2016","2016-02-29","18412245","18412287","Power Marketing Administration","'-93916449.32"
"2016","2016-02-29","18412245","18412289","Departmental Administration","3157960.02"
"2016","2016-02-29","18412245","18412291","Proprietary Receipts from the Public","'-107219169.24"
"2016","2016-02-29","18412245","18412293","Intrabudgetary Transactions","'-121196482.23"
"2016","2016-02-29","18412245","18412297","Total--Department of Energy","1671096622.28"
"2016","2016-02-29","18412299","18412301","Food and Drug Administration","373608076.13"
"2016","2016-02-29","18412299","18412303","Health Resources and Services Administration","892229394.99"
"2016","2016-02-29","18412299","18412305","Indian Health Service","765213796.87"
"2016","2016-02-29","18412299","18412307","Centers for Disease Control and Prevention","678231317.84"
"2016","2016-02-29","18412299","18412309","National Institutes of Health","2358129952.98"
"2016","2016-02-29","18412299","18412311","Substance Abuse and Mental Health Services Administration","242610626.17"
"2016","2016-02-29","18412299","18412313","Agency for Healthcare Research and Quality","30728549.88"
"2016","2016-02-29","18412315","18412317","Grants to States for Medicaid","28998185622.27"
"2016","2016-02-29","18412315","18412319","Payments to Health Care Trust Funds","22444080675.12"
"2016","2016-02-29","18412315","18412323","State Grants and Demonstrations","33828989.67"
"2016","2016-02-29","18412327","18412329","Benefit Payments","22901854806.81"
"2016","2016-02-29","18412327","18412331","Administrative Expenses","595026869.10"
"2016","2016-02-29","18412327","18412333","Total--Federal Hospital Insurance Trust Fund","23496881675.91"
"2016","2016-02-29","18412315","18412335","Health Care Fraud and Abuse Control","123852412.00"
"2016","2015-10-31","16515845","16515852","Insurance Funds:","null"
"2016","2015-11-30","17065437","17065454","Railroad Social Security Equivalent Benefit Account:","null"
"2016","2015-12-31","17620616","17620660","Departmental Offices:","null"
"2016","2015-12-31","17621416","17621420","Other","18497909.74"
"2016","2016-02-29","18412337","18412339","Benefit Payments","21969409830.69"
"2016","2016-02-29","18412337","18412341","Administrative Expenses","741265196.23"
"2016","2016-02-29","18412343","18412345","Benefit Payments","6766241322.79"
"2016","2016-02-29","18412343","18412347","Administrative Expenses","11317659.00"
"2016","2016-02-29","18412337","18412349","Total--Federal Supplementary Medical Insurance Trust Fund","29488234008.71"
"2016","2016-02-29","18412315","18412353","Total--Centers for Medicare and Medicaid Services","105572706416.57"
"2016","2016-02-29","18412355","18412357","Temporary Assistance for Needy Families","1219018124.07"
"2016","2016-02-29","18412355","18412359","Contingency Fund","37411301.86"
"2016","2016-02-29","18412355","18412361","Payments to States for Child Support Enforcement and Family Support Programs","274962245.23"
"2016","2016-02-29","18412355","18412363","Low Income Home Energy Assistance","334922304.69"
"2016","2016-02-29","18412355","18412365","Refugee and Entrant Assistance","142822578.13"
"2016","2016-02-29","18412355","18412367","Child Care Entitlement to States","211244840.70"
"2016","2016-02-29","18412355","18412369","Payments to States for the Child Care and Development Block Grant","216742255.42"
"2016","2016-02-29","18412355","18412371","Social Services Block Grant","197357240.78"
"2016","2016-02-29","18412355","18412373","Children and Families Services Programs","859569981.56"
"2016","2016-02-29","18412355","18412375","Payments to States for Foster Care and Adoption Assistance","673736570.37"
"2016","2016-02-29","18412355","18412379","Total--Administration for Children and Families","4203017971.27"
"2016","2016-02-29","18412299","18412381","Administration for Community Living","217995999.11"
"2016","2016-02-29","18412299","18412383","Departmental Management","212021845.74"
"2016","2016-02-29","18412299","18412385","Other","114075190.85"
"2016","2016-02-29","18412299","18412387","Proprietary Receipts from the Public","'-7679890101.83"
"2016","2016-02-29","18412391","18412393","Federal Supplementary Medical Insurance Trust Fund","'-22442934650.70"
"2016","2016-02-29","18412389","18412395","Payments for Tax and Other Credits:","null"
"2016","2016-02-29","18412395","18412397","Federal Hospital Insurance Trust Fund","'-2099600.93"
"2016","2016-02-29","18412389","18412399","Other","'-20437664.44"
"2016","2016-02-29","18412299","18412401","Total--Department of Health and Human Services","85515207120.50"
"2016","2016-02-29","18412403","18412405","Departmental Management and Operations","96971015.58"
"2016","2016-02-29","18412403","18412407","Citizenship and Immigration Services","339515492.32"
"2016","2016-01-31","null","18095192","Judicial Branch:","null"
"2016","2016-01-31","null","18095731","Department of Homeland Security:","null"
"2016","2015-12-31","17620204","17620216","Other","11763509.73"
"2016","2016-02-29","18412403","18412409","United States Secret Service","209335419.87"
"2016","2016-02-29","18412403","18412411","Transportation Security Administration","732994522.80"
"2016","2016-02-29","18412403","18412413","Immigration and Customs Enforcement","649336227.35"
"2016","2016-02-29","18412403","18412415","U.S. Customs and Border Protection","1404190390.31"
"2016","2016-02-29","18412421","18412423","State and Local Programs","252271584.16"
"2016","2016-02-29","18412421","18412425","Firefighter Assistance Grants","56713197.64"
"2016","2016-02-29","18412421","18412427","Disaster Relief","432376377.48"
"2016","2016-02-29","18412421","18412429","National Flood Insurance Fund","'-29278706.66"
"2016","2016-02-29","18412421","18412431","Other","114361293.59"
"2016","2016-02-29","18412403","18412437","Domestic Nuclear Detection Office","24901666.05"
"2016","2016-02-29","18412403","18412439","Other","45531588.94"
"2016","2016-02-29","18412403","18412441","Proprietary Receipts from the Public","'-68521404.56"
"2016","2016-02-29","18412403","18412443","Intrabudgetary Transactions","38038117.68"
"2016","2016-02-29","18412403","18412445","Offsetting Governmental Receipts","'-1011610184.74"
"2016","2016-02-29","18412403","18412447","Total--Department of Homeland Security","4460978626.47"
"2016","2016-02-29","null","18412449","Department of Housing and Urban Development:","null"
"2016","2016-02-29","18412449","18412451","Public and Indian Housing Programs:","null"
"2016","2016-02-29","18412451","18412453","Tenant Based Rental Assistance","1570333766.00"
"2016","2016-02-29","18412451","18412455","Housing Certificate Fund","16798425.90"
"2016","2016-02-29","18412451","18412459","Public Housing Capital Fund","113566032.69"
"2016","2016-02-29","18412451","18412461","Public Housing Operating Fund","365706884.66"
"2016","2016-02-29","18412451","18412463","Revitalization of Severely Distressed Public Housing (Hope VI)","6747743.87"
"2016","2016-02-29","18412451","18412465","Native American Housing Block Grant","33797452.69"
"2016","2016-02-29","18412451","18412467","Other","8391416.00"
"2016","2016-02-29","18412451","18412469","Total--Public and Indian Housing Programs","2115341721.81"
"2016","2016-02-29","18412449","18412471","Community Planning and Development:","null"
"2016","2016-02-29","18412471","18412473","Housing Opportunities for Persons with AIDS","27673633.47"
"2016","2016-02-29","18412471","18412475","Community Development Fund","501108509.28"
"2016","2016-02-29","18412471","18412477","Home Investment Partnership Program","91579896.75"
"2016","2016-02-29","18412471","18412481","Homeless Assistance Grants","171389764.51"
"2016","2016-02-29","18412471","18412483","Other","3821956.83"
"2016","2015-10-31","16515165","16515357","Proprietary Receipts from the Public:","null"
"2016","2015-10-31","null","16516015","Independent Agencies:","null"
"2016","2015-11-30","17064064","17064072","Other","23817350.63"
"2016","2016-02-29","18412471","18412485","Total--Community Planning and Development","797213952.86"
"2016","2016-02-29","18412489","18412491","FHA-Mutual Mortgage Insurance Fund, Program Account","9079283.17"
"2016","2016-02-29","18412489","18412493","FHA-Mutual Mortgage Insurance Capital Reserve Account","'-678796312.85"
"2016","2016-02-29","18412489","18412501","Housing for the Elderly or Handicapped Fund, Liquidating Account","'-32516087.89"
"2016","2016-02-29","18412487","18412503","HUD Project-Based Rental Assistance","885400847.26"
"2016","2016-02-29","18412487","18412507","Housing for the Elderly","65111431.73"
"2016","2016-02-29","18412487","18412509","Housing for Persons with Disabilities","13704730.23"
"2016","2016-02-29","18412487","18412511","Other Assisted Housing Programs","19663171.63"
"2016","2016-02-29","18412487","18412513","Other","3550101.46"
"2016","2016-02-29","18412487","18412515","Total--Housing Programs","277363362.90"
"2016","2016-02-29","18412517","18412519","Guarantees of Mortgage-Backed Securities","8650460.59"
"2016","2016-02-29","18412449","18412521","Management and Administration","180500035.63"
"2016","2016-02-29","18412449","18412523","Other","12678619.08"
"2016","2016-02-29","18412525","18412529","FHA-General and Special Risk Fund","'-57331053.62"
"2016","2016-02-29","18412525","18412531","Other","'-185797721.80"
"2016","2016-02-29","18412449","18412533","Intrabudgetary Transactions","3389962.63"
"2016","2016-02-29","18412449","18412537","Total--Department of Housing and Urban Development","3151052040.08"
"2016","2016-02-29","null","18412539","Department of the Interior:","null"
"2016","2016-02-29","18412543","18412545","Management of Lands and Resources","71755774.76"
"2016","2016-02-29","18412543","18412547","Other","25880339.51"
"2016","2016-02-29","18412541","18412549","Bureau of Ocean Energy Management","11442821.57"
"2016","2016-02-29","18412541","18412551","Office of Surface Mining Reclamation and Enforcement","29560038.28"
"2016","2016-02-29","18412541","18412553","Total--Land and Minerals Management","138638974.12"
"2016","2016-02-29","18412557","18412561","Other","50806996.11"
"2016","2016-02-29","18412555","18412563","Central Utah Project","5385705.16"
"2016","2016-02-29","18412555","18412565","United States Geological Survey","79472807.18"
"2016","2016-02-29","18412555","18412569","Total--Water and Science","188229207.46"
"2016","2016-02-29","18412573","18412577","United States Fish and Wildlife Service","212242382.32"
"2016","2016-02-29","18412573","18412581","National Park Service","205713911.02"
"2016","2016-02-29","18412573","18412585","Total--Fish and Wildlife and Parks","417956293.34"
"2016","2016-02-29","18412589","18412593","Bureau of Indian Affairs and Bureau of Indian Education","216903493.21"
"2016","2016-02-29","18412589","18412597","Total--Indian Affairs","216903493.21"
"2016","2016-02-29","18412601","18412609","Mineral Leasing and Associated Payments","76938346.30"
"2016","2015-11-30","17065152","17065168","Benefits Programs:","null"
"2016","2016-01-31","18095219","18095363","Forest Service:","null"
"2016","2016-01-31","18095867","18095883","Water and Science:","null"
"2016","2015-12-31","17620926","17620974","Alcohol and Tobacco Tax and Trade Bureau:","null"
"2016","2016-02-29","18411836","18411847","National Institute of Food and Agriculture:","null"
"2016","2016-02-29","18412601","18412617","Insular Affairs","21316233.66"
"2016","2016-02-29","18412601","18412621","Office of the Special Trustee for American Indians","14069206.87"
"2016","2016-02-29","18412601","18412625","Department-Wide Programs","131797299.16"
"2016","2016-02-29","18412601","18412629","Total--Departmental Offices","272781640.13"
"2016","2016-02-29","18412539","18412633","Other","19012701.80"
"2016","2016-02-29","18412539","18412637","Proprietary Receipts from the Public","'-286167152.64"
"2016","2016-02-29","18412539","18412641","Intrabudgetary Transactions","'-40142652.21"
"2016","2016-02-29","18412539","18412645","Total--Department of the Interior","927212505.21"
"2016","2016-02-29","18412649","18412653","General Administration","99027780.84"
"2016","2016-02-29","18412657","18412661","General Legal Activities","100845124.55"
"2016","2016-02-29","18412657","18412665","United States Attorneys","216346875.02"
"2016","2016-02-29","18412657","18412669","United States Marshals Service","130297355.48"
"2016","2016-02-29","18412657","18412673","Assets Forfeiture Fund","110712412.14"
"2016","2016-02-29","18412657","18412677","Other","237782363.63"
"2016","2016-02-29","18412649","18412680","Federal Bureau of Investigation","838782076.81"
"2016","2016-02-29","18412649","18412683","Drug Enforcement Administration","247536468.45"
"2016","2016-02-29","18412649","18412687","Bureau of Alcohol, Tobacco, Firearms, and Explosives","115527958.86"
"2016","2016-02-29","18412649","18412691","Federal Prison System","754213880.55"
"2016","2016-02-29","18412695","18412699","State and Local Law Enforcement Assistance","68891798.80"
"2016","2016-02-29","18412695","18412703","Community Oriented Policing Services","21737118.57"
"2016","2016-02-29","18412695","18412711","Other","95746393.97"
"2016","2016-02-29","18412649","18412715","Other","55870719.89"
"2016","2016-02-29","18412649","18412719","Proprietary Receipts from the Public","'-356396089.10"
"2016","2016-02-29","18412649","18412723","Intrabudgetary Transactions","127923488.67"
"2016","2016-02-29","18412649","18412727","Offsetting Governmental Receipts","'-58245262.58"
"2016","2016-02-29","18412649","18412731","Total--Department of Justice","2864402638.00"
"2016","2016-02-29","18412734","18412736","Employment and Training Administration:","null"
"2016","2016-02-29","18412736","18412738","Training and Employment Services","253138590.50"
"2016","2016-02-29","18412736","18412740","Office of Job Corps","129585885.48"
"2016","2016-02-29","18412736","18412742","Community Service Employment for Older Americans","31278990.31"
"2016","2016-02-29","18412736","18412743","Federal Unemployment Benefits and Allowances","34451058.60"
"2016","2015-10-31","null","16516088","Undistributed Offsetting Receipts:","null"
"2016","2015-11-30","17064267","17064305","Housing Programs:","null"
"2016","2016-01-31","null","18096592","Independent Agencies:","null"
"2016","2015-12-31","17620407","17620408","Science","408789479.70"
"2016","2016-02-29","18411836","18411968","Rural Housing Service:","null"
"2016","2016-02-29","18412753","18412755","Federal-State Unemployment Insurance:","null"
"2016","2016-02-29","18412755","18412756","State Unemployment Benefits","3208677586.60"
"2016","2016-02-29","18412753","18412758","State Administrative Expenses","355443248.00"
"2016","2016-02-29","18413452","18413454","Benefit Payments","13873681.44"
"2016","2016-02-29","18412753","18412760","Federal Administrative Expenses","21167979.94"
"2016","2016-02-29","18412753","18412763","Other","42277.68"
"2016","2016-02-29","18412753","18412764","Total--Unemployment Trust Fund","3585331092.22"
"2016","2016-02-29","18412736","18412765","Other","42591783.14"
"2016","2016-02-29","18412736","18412767","Total--Employment and Training Administration","4057222050.17"
"2016","2016-02-29","18412734","18412769","Pension Benefit Guaranty Corporation","376748065.97"
"2016","2016-02-29","18412734","18412771","Employment Standards Administration","null"
"2016","2016-02-29","18412773","18412775","Special Benefits","'-639189493.10"
"2016","2016-02-29","18412773","18412777","Energy Employees Occupational Illness Compensation Fund","78264983.50"
"2016","2016-02-29","18412773","18412779","Special Benefits for Disabled Coal Miners","8424837.83"
"2016","2016-02-29","18412773","18412781","Black Lung Disability Trust Fund","17029117.91"
"2016","2016-02-29","18412773","18412783","Other","34294780.51"
"2016","2016-02-29","18412734","18412785","Wage and Hour Division","30474183.68"
"2016","2016-02-29","18412734","18412787","Occupational Safety and Health Administration","48789160.43"
"2016","2016-02-29","18412734","18412789","Mine Safety and Health Administration","39264165.86"
"2016","2016-02-29","18412734","18412793","Departmental Management","102545859.03"
"2016","2016-02-29","18412734","18412795","Other","31438931.52"
"2016","2016-02-29","18412734","18412797","Proprietary Receipts from the Public","'-409230.10"
"2016","2016-02-29","18412734","18412799","Intrabudgetary Transactions","'-55456061.48"
"2016","2016-02-29","18412734","18412801","Total--Department of Labor","4177469516.45"
"2016","2016-02-29","18412805","18412809","Educational and Cultural Exchange Programs","53817382.62"
"2016","2016-02-29","18412805","18412811","Embassy Security, Construction, and Maintenance","'-41923094.48"
"2016","2016-02-29","18412805","18412813","Payment to Foreign Service Retirement and Disability Fund","null"
"2016","2016-02-29","18412805","18412815","Foreign Service Retirement and Disability Fund","77578539.06"
"2016","2016-02-29","18412805","18412817","Other","'-389422094.73"
"2016","2016-02-29","18412805","18412819","Total--Administration of Foreign Affairs","748124162.36"
"2016","2016-02-29","18412803","18412821","International Organizations and Conferences","10711238.85"
"2016","2015-10-31","16515767","16515770","Transit Formula Grants","422599342.47"
"2016","2015-10-31","16516117","16516141","Office of Personnel Management:","null"
"2016","2016-01-31","18095509","18095517","State Fiscal Stabilization Fund, Recovery Act","null"
"2016","2016-01-31","18095979","18096042","Bureau of Labor Statistics","27581842.53"
"2016","2015-12-31","17620431","17620449","Other","617791542.71"
"2016","2015-12-31","17621173","17621188","Retiree Health Care:","null"
"2016","2016-02-29","18412803","18412823","Global Health and Child Survival","838736950.26"
"2016","2016-02-29","18412803","18412825","Migration and Refugee Assistance","152406818.51"
"2016","2016-02-29","18412803","18412827","International Narcotics Control and Law Enforcement","80136180.71"
"2016","2016-02-29","18412803","18412831","Other","42954149.81"
"2016","2016-02-29","18412803","18412833","Proprietary Receipts from the Public","'-2868322.45"
"2016","2016-02-29","18412803","18412835","Intrabudgetary Transactions","'-143826206.11"
"2016","2016-02-29","18412803","18412837","Total--Department of State","1726407701.58"
"2016","2016-02-29","null","18412839","Department of Transportation:","null"
"2016","2016-02-29","18412839","18412841","Office of the Secretary","89505168.80"
"2016","2016-02-29","18412839","18412845","Federal Aviation Administration:","null"
"2016","2016-02-29","18412845","18412847","Operations","198720867.79"
"2016","2016-02-29","18412845","18412849","Airport and Airway Trust Fund:","null"
"2016","2016-02-29","18412849","18412851","Grants-In-Aid for Airports","203735991.33"
"2016","2016-02-29","18412849","18412853","Facilities and Equipment","212554699.03"
"2016","2016-02-29","18412845","18412863","Total--Federal Aviation Administration","1291283479.17"
"2016","2016-02-29","18412867","18412869","Federal-Aid Highways","2591498118.46"
"2016","2016-02-29","18412867","18412871","Other","'-96429.78"
"2016","2016-02-29","18412865","18412873","Highway Infrastructure Investment, Recovery Act","null"
"2016","2016-02-29","18412865","18412875","Other Programs","27916682.10"
"2016","2016-02-29","18412865","18412877","Total--Federal Highway Administration","2619318370.78"
"2016","2016-02-29","18412839","18412879","Federal Motor Carrier Safety Administration","47163018.10"
"2016","2016-02-29","18412883","18412885","Operating Subsidy Grants to the National Railroad Passenger Corporation","95178661.00"
"2016","2016-02-29","18412883","18412887","Capital and Debt Service Grants to the National Railroad Passenger Corporation","117827095.47"
"2016","2016-02-29","18412883","18412889","Capital Assistance for High Speed Rail Corridors and Intercity Passenger Rail Service","157865431.82"
"2016","2016-02-29","18412883","18412893","Total--Federal Railroad Administration","409845228.61"
"2016","2016-02-29","18412895","18412897","Formula Grants","1954549.00"
"2016","2016-02-29","18412895","18412899","Capital Investment Grants","245308095.20"
"2016","2016-02-29","18412895","18412901","Transit Formula Grants","546848393.13"
"2016","2015-11-30","17063750","17063838","Farm Service Agency:","null"
"2016","2015-11-30","17064357","17064418","Other","19707055.79"
"2016","2015-11-30","17065408","17065411","Other","35539695.25"
"2016","2016-02-29","18412895","18412903","Transit Capital Assistance, Recovery Act","null"
"2016","2016-02-29","18412895","18412905","Other","70064511.95"
"2016","2016-02-29","18412895","18412907","Total--Federal Transit Administration","864175549.28"
"2016","2016-02-29","18412839","18412909","Maritime Administration","'-123435334.30"
"2016","2016-02-29","18412839","18412911","Other","19546016.50"
"2016","2016-02-29","18412915","18412917","Payment from the General Fund, Highway Trust Fund","null"
"2016","2016-02-29","18412915","18412919","Other","'-3449.01"
"2016","2016-02-29","18412839","18412921","Offsetting Governmental Receipts","null"
"2016","2016-02-29","18412927","18412934","Troubled Asset Relief Program","279374835.82"
"2016","2016-02-29","18412925","18412938","Bureau of the Fiscal Service:","null"
"2016","2016-02-29","18412938","18412947","Payment to the Resolution Funding Corporation","null"
"2016","2016-02-29","18412938","18412948","Financial Agent Services","57144792.88"
"2016","2016-02-29","18412938","18412950","Claims, Judgements, and Relief Acts","34273041.78"
"2016","2016-02-29","18412938","18412951","Other","103767867.42"
"2016","2016-02-29","18412938","18412953","Total--Bureau of the Fiscal Service","195185702.08"
"2016","2016-02-29","18412925","18412954","Federal Financing Bank","'-47853330.56"
"2016","2016-02-29","18412955","18412956","Salaries and Expenses","12111401.28"
"2016","2016-02-29","18412955","18412957","Internal Revenue Collections for Puerto Rico","19459565.40"
"2016","2016-02-29","18412925","18412958","Bureau of Engraving and Printing","11794799.07"
"2016","2016-02-29","18412925","18412959","United States Mint","14291700.64"
"2016","2016-02-29","18412960","18412961","Taxpayer Services","291022793.34"
"2016","2016-02-29","18412960","18412962","Enforcement","532315294.66"
"2016","2016-02-29","18412960","18412965","Refundable Premium Tax Credits and Cost Sharing Reductions","2603083461.89"
"2016","2016-02-29","18412960","18412966","Payment Where Earned Income Credit Exceeds Liability for Tax","42158396817.53"
"2016","2016-02-29","18412960","18412968","Payment Where Child Tax Credit Exceeds Liability for Tax","13415113741.00"
"2016","2016-02-29","18412960","18412970","Payment Where American Opportunity Tax Credit Exceeds Liability for Tax","2128366555.71"
"2016","2016-02-29","18412960","18412974","Refunding Internal Revenue Collections, Interest","172025676.61"
"2016","2016-02-29","18412960","18412978","Total--Internal Revenue Service","62096712852.37"
"2016","2016-02-29","18412925","18412980","Comptroller of the Currency","107165056.31"
"2016","2016-02-29","18412986","18412988","Public Issues (Accrual Basis)","17012161233.50"
"2016","2016-02-29","18412986","18412990","Special Issues (Cash Basis)","1773127060.86"
"2016","2016-02-29","18412986","18412992","Total--Interest on Treasury Debt Securities (Gross)","18785288294.36"
"2016","2015-10-31","16515171","16515219","Other","10135287.64"
"2016","2015-11-30","17065498","17065499","Judicial Branch:","null"
"2016","2015-12-31","17620298","17620313","Procurement:","null"
"2016","2016-02-29","18412984","18412994","Total--Interest on the Public Debt","18785288294.36"
"2016","2016-02-29","18412925","18412996","Other","10922692.24"
"2016","2016-02-29","18412925","18412998","Proprietary Receipts from the Public","'-1636135285.35"
"2016","2016-02-29","18412925","18413004","Total--Department of the Treasury","79866530614.74"
"2016","2016-02-29","null","18413006","Department of Veterans Affairs:","null"
"2016","2016-02-29","18413006","18413008","Joint DOD-VA Medical Facility Demonstration Fund","32087318.81"
"2016","2016-02-29","18413006","18413010","Veterans Health Administration:","null"
"2016","2016-02-29","18413010","18413012","Veterans Choice Fund, Veterans Health Administration","142970099.31"
"2016","2016-02-29","18413010","18413014","Medical Services","4251525065.68"
"2016","2016-02-29","18413010","18413016","Medical Support and Compliance","443573020.58"
"2016","2016-02-29","18413010","18413018","Medical Facilities","452926791.21"
"2016","2016-02-29","18413010","18413020","Other","45019066.98"
"2016","2016-02-29","18413022","18413024","Public Enterprise Funds:","null"
"2016","2016-02-29","18413024","18413026","Housing Accounts","'-1460148.96"
"2016","2016-02-29","18413024","18413028","Other","7042890.02"
"2016","2016-02-29","18413022","18413032","Readjustment Benefits","1181673359.71"
"2016","2016-02-29","18413022","18413034","Veterans Housing Benefit Program Fund","26627917.24"
"2016","2016-02-29","18413036","18413038","National Service Life","68932212.80"
"2016","2016-02-29","18413036","18413040","Veterans Special Life","13460338.22"
"2016","2016-02-29","18413022","18413044","Total--Benefits Programs","7838302828.23"
"2016","2016-02-29","18413046","18413048","Construction","87027786.02"
"2016","2016-02-29","18413046","18413050","Information Technology Systems","277664271.96"
"2016","2016-02-29","18413046","18413052","General Operating Expenses","231139807.96"
"2016","2016-02-29","18413046","18413054","Other","66083200.41"
"2016","2016-02-29","18413006","18413056","Proprietary Receipts from the Public:","null"
"2016","2016-02-29","18413056","18413061","Other","'-293226216.90"
"2016","2016-02-29","18413006","18413063","Intrabudgetary Transactions","5647260.01"
"2016","2016-02-29","18413006","18413065","Total--Department of Veterans Affairs","13568948325.26"
"2016","2016-02-29","null","18413067","Corps of Engineers:","null"
"2016","2016-02-29","18413067","18413069","Construction","183780744.89"
"2016","2016-02-29","18413067","18413071","Operation and Maintenance","242795324.61"
"2016","2016-02-29","18413067","18413073","Flood Control and Coastal Emergencies","27924826.48"
"2016","2016-02-29","18413067","18413077","Rivers and Harbors Contributed Funds","30406446.97"
"2016","2016-02-29","18413067","18413079","Other","71444760.90"
"2016","2016-02-29","18413067","18413081","Proprietary Receipts from the Public","'-42196890.32"
"2016","2015-10-31","16515389","16515409","Office of Surface Mining Reclamation and Enforcement","44311804.28"
"2016","2015-10-31","16515951","16515952","Science","447499375.60"
"2016","2016-01-31","null","18095777","Department of Housing and Urban Development:","null"
"2016","2016-02-29","18412389","18412391","Payments for Health Insurance for the Aged:","null"
"2016","2016-02-29","18413067","18413083","Intrabudgetary Transactions","'-344961.03"
"2016","2016-02-29","18413067","18413085","Total--Corps of Engineers","513810252.50"
"2016","2016-02-29","null","18413087","Other Defense Civil Programs:","null"
"2016","2016-02-29","18413095","18413099","Department of Defense Medicare-Eligible Retiree Health Care Fund","667332530.00"
"2016","2016-02-29","18413087","18413101","Educational Benefits","25216880.01"
"2016","2016-02-29","18413087","18413103","Other","25331342.36"
"2016","2016-02-29","18413087","18413105","Proprietary Receipts from the Public","'-1773417.55"
"2016","2016-02-29","18413087","18413107","Intrabudgetary Transactions","'-101435289.49"
"2016","2016-02-29","18413087","18413109","Total--Other Defense Civil Programs","5420426502.97"
"2016","2016-02-29","null","18413111","Environmental Protection Agency:","null"
"2016","2016-02-29","18413111","18413113","Science and Technology","'-213792.36"
"2016","2016-02-29","18413111","18413115","Environmental Programs and Management","296307061.55"
"2016","2016-02-29","18413111","18413117","State and Tribal Assistance Grants","317901939.55"
"2016","2016-02-29","18413111","18413119","Payment to the Hazardous Substance Superfund","null"
"2016","2016-02-29","18413111","18413121","Hazardous Substance Superfund","24959335.59"
"2016","2016-02-29","18413111","18413123","Other","8135426.18"
"2016","2016-02-29","18413111","18413125","Proprietary Receipts from the Public","'-3148505.44"
"2016","2016-02-29","18413111","18413127","Intrabudgetary Transactions","31733423.11"
"2016","2016-02-29","18413111","18413131","Total--Environmental Protection Agency","672428853.03"
"2016","2016-02-29","18413133","18413135","The White House","4621102.87"
"2016","2016-02-29","18413133","18413137","Office of Management and Budget","8244053.29"
"2016","2016-02-29","18413133","18413139","Unanticipated Needs","1614187.56"
"2016","2016-02-29","18413133","18413141","Other","18030539.08"
"2016","2016-02-29","18413133","18413143","Proprietary Receipts from the Public","'-1979.52"
"2016","2016-02-29","18413133","18413145","Intrabudgetary Transactions","812.26"
"2016","2016-02-29","18413133","18413147","Total--Executive Office of the President","32508715.54"
"2016","2016-02-29","18413149","18413151","Real Property Activities","'-105518493.71"
"2016","2016-02-29","18413149","18413153","Supply and Technology Activities","'-108195874.21"
"2016","2016-02-29","18413149","18413155","General Activities","33591196.05"
"2016","2016-02-29","18413149","18413157","Proprietary Receipts from the Public","'-39564340.59"
"2016","2016-02-29","18413149","18413159","Intrabudgetary Transactions","'-1747815.59"
"2016","2016-02-29","18413149","18413161","Total--General Services Administration","'-221435328.05"
"2016","2015-10-31","16515569","16515585","Other","86359290.40"
"2016","2015-11-30","17064025","17064029","Other","'-1788475.46"
"2016","2016-01-31","18095219","18095269","Farm Service Agency:","null"
"2016","2016-01-31","18096428","18096447","Multilateral Assistance:","null"
"2016","2015-12-31","17621489","17621511","Intrabudgetary Transactions:","null"
"2016","2016-02-29","null","18412403","Department of Homeland Security:","null"
"2016","2016-02-29","18413163","18413165","Millennium Challenge Corporation","50036619.25"
"2016","2016-02-29","18413167","18413171","Foreign Military Financing Program","81888284.38"
"2016","2016-02-29","18413167","18413173","Economic Support Fund","564875194.72"
"2016","2016-02-29","18413167","18413175","Other","83531176.73"
"2016","2016-02-29","18413167","18413179","Total--International Security Assistance","730294655.83"
"2016","2016-02-29","18413181","18413189","Total--Multilateral Assistance","'-3812404.53"
"2016","2016-02-29","18413163","18413191","Agency for International Development:","null"
"2016","2016-02-29","18413191","18413193","Development Assistance Program","241309769.16"
"2016","2016-02-29","18413191","18413195","Assistance for Europe, Eurasia and Central Asia","3490205.41"
"2016","2016-02-29","18413191","18413197","International Disaster Assistance","250417862.33"
"2016","2016-02-29","18413191","18413199","Operating Expenses","107692623.13"
"2016","2016-02-29","18413191","18413201","Other","52972169.48"
"2016","2016-02-29","18413191","18413203","Proprietary Receipts from the Public","'-1081989.11"
"2016","2016-02-29","18413191","18413205","Intrabudgetary Transactions","545454.35"
"2016","2016-02-29","18413191","18413207","Total--Agency for International Development","655346094.75"
"2016","2016-02-29","18413209","18413211","Overseas Private Investment Corporation Accounts","'-28236340.38"
"2016","2016-02-29","18413209","18413213","Proprietary Receipts from the Public","'-3219854.03"
"2016","2016-02-29","18413209","18413217","Total--Overseas Private Investment Corporation","'-31456194.41"
"2016","2016-02-29","18413163","18413219","Peace Corps","50364424.19"
"2016","2016-02-29","18413163","18413221","International Monetary Programs","28052514.38"
"2016","2016-02-29","18413163","18413223","Military Sales Program:","null"
"2016","2016-02-29","18413223","18413225","Foreign Military Sales Trust Fund","2391934514.04"
"2016","2016-02-29","18413223","18413229","Proprietary Receipts from the Public","'-2545075328.91"
"2016","2016-02-29","18413163","18413231","Other","9070579.60"
"2016","2016-02-29","18413163","18413233","Total--International Assistance Programs","1335344471.32"
"2016","2016-02-29","null","18413235","National Aeronautics and Space Administration:","null"
"2016","2016-02-29","18413235","18413237","Science","420850560.63"
"2016","2016-02-29","18413235","18413239","Aeronautics","47955978.14"
"2016","2015-10-31","16515720","16515735","Other","40561652.26"
"2016","2016-01-31","18096535","18096552","Intrabudgetary Transactions:","null"
"2016","2015-12-31","17621521","17621550","Interest Received by Trust Funds:","null"
"2016","2016-02-29","18413235","18413241","Exploration","461160731.19"
"2016","2016-02-29","18413235","18413243","Cross Agency Support","220233197.38"
"2016","2016-02-29","18413235","18413245","Space Operations","246558644.40"
"2016","2016-02-29","18413235","18413247","Other","78358480.79"
"2016","2016-02-29","18413235","18413249","Proprietary Receipts from the Public","'-1788971.35"
"2016","2016-02-29","18413235","18413251","Intrabudgetary Transactions","'-116604.60"
"2016","2016-02-29","18413235","18413253","Total--National Aeronautics and Space Administration","1473212016.58"
"2016","2016-02-29","18413255","18413257","Research and Related Activities","466185203.44"
"2016","2016-02-29","18413255","18413259","Education and Human Resources","67453576.93"
"2016","2016-02-29","18413255","18413263","Proprietary Receipts from the Public","'-4356209.80"
"2016","2016-02-29","18413255","18413267","Total--National Science Foundation","579477120.03"
"2016","2016-02-29","null","18413269","Office of Personnel Management:","null"
"2016","2016-02-29","18413269","18413271","Government Payment for Annuitants, Employees Health and Life Insurance Benefits","1016011450.19"
"2016","2016-02-29","18413269","18413277","Civil Service Retirement and Disability Fund","6821984102.77"
"2016","2016-02-29","18413269","18413279","Employees Life Insurance Fund","'-118686784.77"
"2016","2016-02-29","18413269","18413281","Employees and Retired Employees Health Benefits Fund","'-305867526.26"
"2016","2016-02-29","18413269","18413283","Other","'-59780968.58"
"2016","2016-02-29","18413269","18413285","Proprietary Receipts from the Public","'-128821.01"
"2016","2016-02-29","18413269","18413287","Intrabudgetary Transactions:","null"
"2016","2016-02-29","18413287","18413289","Postal Service Contributions","null"
"2016","2016-02-29","18413287","18413291","Civil Service Retirement and Disability Fund:","null"
"2016","2016-02-29","18413291","18413295","Other","'-3871931.79"
"2016","2016-02-29","18413269","18413297","Total--Office of Personnel Management","7349659520.55"
"2016","2016-02-29","18413299","18413301","Salaries and Expenses","59453541.43"
"2016","2016-02-29","18413299","18413303","Business Loans Program","2508940.49"
"2016","2016-02-29","18413299","18413305","Disaster Loans Program","2985718.29"
"2016","2016-02-29","18413299","18413308","Other","14079453.78"
"2016","2016-02-29","18413299","18413310","Proprietary Receipts from the Public","285419.55"
"2016","2016-02-29","18413299","18413312","Intrabudgetary Transactions","'-290218.12"
"2016","2016-02-29","18413334","18413336","Benefit Payments","11907807571.44"
"2016","2016-02-29","18413316","18413346","Other","17902072.80"
"2016","2016-02-29","18413316","18413348","Proprietary Receipts from the Public:","null"
"2016","2016-02-29","18413348","18413350","On-Budget","'-270099636.15"
"2016","2016-02-29","18413348","18413352","Off-Budget","'-12080194.15"
"2016","2016-02-29","18413316","18413354","Intrabudgetary Transactions:","null"
"2016","2015-11-30","null","17063643","Legislative Branch:","null"
"2016","2015-11-30","17064116","17064206","Intrabudgetary Transactions:","null"
"2016","2015-11-30","null","17065332","National Aeronautics and Space Administration:","null"
"2016","2016-01-31","18095428","18095478","Revolving and Management Funds:","null"
"2016","2015-12-31","17621051","17621055","Interest on Treasury Debt Securities (Gross):","null"
"2016","2016-02-29","18412539","18412573","Fish and Wildlife and Parks:","null"
"2016","2016-02-29","18413354","18413360","Off-Budget","'-17151348.61"
"2016","2016-02-29","18413316","18413362","Total--Social Security Administration","80423324306.79"
"2016","2016-02-29","18413364","18413366","Broadcasting Board of Governors","57160611.47"
"2016","2016-02-29","18413364","18413368","Bureau of Consumer Financial Protection","76174425.71"
"2016","2016-02-29","18413364","18413370","Corporation for National and Community Service","85575854.50"
"2016","2016-02-29","18413374","18413380","General and Special Payments","2049855.99"
"2016","2016-02-29","18413364","18413384","Equal Employment Opportunity Commission","27642455.58"
"2016","2016-02-29","18413364","18413386","Export-Import Bank of the United States","'-28473449.71"
"2016","2016-02-29","18413388","18413390","Universal Service Fund","768649138.64"
"2016","2016-02-29","18413388","18413392","Spectrum Auction Program Account","4428.46"
"2016","2016-02-29","18413388","18413394","Other","30563628.81"
"2016","2016-02-29","18413396","18413406","Deposit Insurance Fund","87901962.10"
"2016","2016-02-29","18413396","18413408","FSLIC Resolution Fund","242429.10"
"2016","2016-02-29","18413396","18413412","Total--Federal Deposit Insurance Corporation","88144391.20"
"2016","2016-02-29","18413364","18413414","Federal Drug Control Programs","22015160.94"
"2016","2016-02-29","18413364","18413418","Institute of Museum and Library Services","17347630.32"
"2016","2016-02-29","18413364","18413420","Intelligence Community Management Account","38970140.89"
"2016","2016-02-29","18413364","18413422","Legal Services Corporation","30964546.00"
"2016","2016-02-29","18413364","18413424","National Archives and Records Administration","32319925.73"
"2016","2016-02-29","18413364","18413426","National Credit Union Administration","'-39156158.09"
"2016","2016-02-29","18413364","18413428","National Endowment for the Arts","12349612.23"
"2016","2016-02-29","18413364","18413430","National Endowment for the Humanities","9975872.88"
"2016","2016-02-29","18413364","18413432","National Labor Relations Board","25212284.55"
"2016","2016-02-29","18413364","18413434","Nuclear Regulatory Commission","'-43892847.26"
"2016","2016-02-29","18413436","18413438","Off-Budget:","null"
"2016","2016-02-29","18413438","18413440","Public Enterprise Funds","24879814.77"
"2016","2016-02-29","18413438","18413442","Other","null"
"2016","2016-02-29","18413436","18413444","Other","null"
"2016","2016-02-29","18413364","18413446","Railroad Retirement Board:","null"
"2016","2015-11-30","17063643","17063651","Capitol Police","26863286.71"
"2016","2016-01-31","null","18096090","Department of Transportation:","null"
"2016","2015-12-31","17620431","17620442","Federal Supplementary Medical Insurance Trust Fund:","null"
"2016","2016-02-29","18413446","18413448","Federal Windfall Subsidy","2249118.87"
"2016","2016-02-29","18413446","18413450","Federal Payments to the Railroad Retirement Accounts","225836.78"
"2016","2016-02-29","18413452","18413456","Transfer To Administrative Funds","1979151.25"
"2016","2016-02-29","18413446","18413460","Rail Industry Pension Fund:","null"
"2016","2016-02-29","18413460","18413462","Benefit Payments","430627697.11"
"2016","2016-02-29","18413460","18413466","OASDI Certifications","3749953.03"
"2016","2016-02-29","18413460","18413468","Transfer to Administrative Funds","5181283.33"
"2016","2016-02-29","18413460","18413470","Other","'-392338.18"
"2016","2016-02-29","18413446","18413472","National Railroad Retirement Investment Trust:","null"
"2016","2016-02-29","18413472","18413476","Administrative Expenses","865171.75"
"2016","2016-02-29","18413472","18413478","Transfers to the Railroad Retirement Trust Funds from the National Railroad Retirement Investment Trust","82000000.00"
"2016","2016-02-29","18413446","18413480","Railroad Social Security Equivalent Benefit Account:","null"
"2016","2016-02-29","18413480","18413482","Benefit Payments","589451788.90"
"2016","2016-02-29","18413480","18413484","Transfer To Administrative Funds","1809565.42"
"2016","2016-02-29","18413480","18413486","Other","3326908.41"
"2016","2016-02-29","18413446","18413488","Proprietary Receipts from the Public","899265281.64"
"2016","2016-02-29","18413446","18413490","Intrabudgetary Transactions:","null"
"2016","2016-02-29","18413490","18413496","Other","'-82224876.71"
"2016","2016-02-29","18413446","18413498","Total--Railroad Retirement Board","1951988223.04"
"2016","2016-02-29","18413364","18413500","Securities and Exchange Commission","140688703.60"
"2016","2016-02-29","18413364","18413502","Smithsonian Institution","112251432.16"
"2016","2016-02-29","18413364","18413504","Tennessee Valley Authority","'-180524352.22"
"2016","2016-02-29","18413364","18413506","Other","'-37219680.26"
"2016","2016-02-29","18413364","18413508","Total--Independent Agencies","3310333424.43"
"2016","2016-02-29","null","18413510","Undistributed Offsetting Receipts:","null"
"2016","2016-02-29","18413510","18413513","Other Interest","null"
"2016","2016-02-29","18413510","18413515","Employer Share, Employee Retirement:","null"
"2016","2016-02-29","18413515","18413519","Department of Health and Human Services:","null"
"2016","2016-02-29","18413519","18413521","Federal Hospital Insurance Trust Fund:","null"
"2016","2016-02-29","18413521","18413523","Federal Employer Contributions","'-296000000.00"
"2016","2016-02-29","18413521","18413525","Postal Service Employer Contributions","'-56000000.00"
"2016","2016-02-29","18413515","18413529","Department of State:","null"
"2016","2016-02-29","18413529","18413531","Foreign Service Retirement and Disability Fund","'-28425645.80"
"2016","2016-02-29","18413547","18413555","Federal Disability Insurance Trust Fund:","null"
"2016","2016-02-29","18413555","18413558","Federal Employer Contributions","'-278000000.00"
"2016","2015-10-31","16515889","16515892","State and Tribal Assistance Grants","446255361.39"
"2016","2015-11-30","17063901","17063909","Other","32594908.21"
"2016","2016-01-31","18096695","18096706","Department of State:","null"
"2016","2015-12-31","17620480","17620498","Federal Emergency Management Agency:","null"
"2016","2016-02-29","18412049","18412115","Family Housing:","null"
"2016","2016-02-29","18413515","18413566","Other","'-1864868.88"
"2016","2016-02-29","18413515","18413568","Total--Employer Share, Employee Retirement","'-6068298170.29"
"2016","2016-02-29","18413510","18413570","Interest Received by Trust Funds:","null"
"2016","2016-02-29","18413572","18413574","Judicial Survivors Annuity Fund","'-784995.45"
"2016","2016-02-29","18413576","18413577","Federal Hospital Insurance Trust Fund","'-9635775.60"
"2016","2016-02-29","18413576","18413578","Federal Supplementary Medical Insurance Trust Fund","'-14220297.95"
"2016","2016-02-29","18413570","18413579","Department of Homeland Security:","null"
"2016","2016-02-29","18413579","18413580","Oil Spill Liability Trust Fund","'-2529598.72"
"2016","2016-02-29","18413579","18413581","Other","'-1912342.79"
"2016","2016-02-29","18413582","18413583","Unemployment Trust Fund","'-8990036.28"
"2016","2016-02-29","18413570","18413584","Department of State:","null"
"2016","2016-02-29","18413584","18413585","Foreign Service Retirement and Disability Fund","'-144570.99"
"2016","2016-02-29","18413586","18413587","Airport and Airway Trust Fund","'-3309443.74"
"2016","2016-02-29","18413570","18413588","Department of Veterans Affairs:","null"
"2016","2016-02-29","18413588","18413589","National Service Life Insurance Fund","'-352129.50"
"2016","2016-02-29","18413588","18413590","United States Government Life Insurance Fund","'-530.76"
"2016","2016-02-29","18413570","18413591","Corps of Engineers","'-18310945.25"
"2016","2016-02-29","18413570","18413592","Other Defense Civil Programs:","null"
"2016","2016-02-29","18413592","18413593","Military Retirement Fund","'-512148417.93"
"2016","2016-02-29","18413592","18413594","Educational Benefits Fund","'-12376175.05"
"2016","2016-02-29","18413592","18413595","Armed Forces Retirement Home","'-48847.76"
"2016","2016-02-29","18413570","18413596","Environmental Protection Agency","'-19033313.61"
"2016","2016-02-29","18413570","18413597","Office of Personnel Management:","null"
"2016","2016-02-29","18413597","18413598","Civil Service Retirement and Disability Fund","'-11750415.04"
"2016","2016-02-29","18413570","18413599","Social Security Administration:","null"
"2016","2016-02-29","18413599","18413600","Federal Old-Age and Survivors Insurance Trust Fund","'-56699373.44"
"2016","2016-02-29","18413599","18413601","Federal Disability Insurance Trust Fund","'-7120385.74"
"2016","2016-02-29","18413602","18413604","Railroad Retirement Board","'-3859608.07"
"2016","2016-02-29","18413602","18413605","Other","'-5018997.69"
"2016","2016-02-29","18413570","18413606","Other","'-29428678.75"
"2016","2016-02-29","18413570","18413607","Total--Interest Received by Trust Funds","'-717674880.11"
"2016","2016-02-29","18413510","18413609","Rents and Royalties on the Outer Continental Shelf Lands","'-353087358.22"
"2016","2015-10-31","16515977","16515979","Civil Service Retirement and Disability Fund:","null"
"2016","2015-11-30","17064759","17064777","Federal Aviation Administration:","null"
"2016","2016-01-31","null","18095135","Legislative Branch:","null"
"2016","2016-01-31","18095717","18095719","Payments for Health Insurance for the Aged:","null"
"2016","2016-01-31","18096295","18096305","Readjustment Benefits","749821585.60"
"2016","2015-12-31","null","17620055","Judicial Branch:","null"
"2016","2016-02-29","18413510","18413613","Total--Undistributed Offsetting Receipts","'-7139060408.62"
"2016","2016-02-29","null","18413614","Total Outlays","361760857221.56"
"2016","2016-02-29","18413614","18413615","Total On-Budget","287573801655.43"
"2016","2016-02-29","18413614","18413616","Total Off-Budget","74187055566.13"
"2016","2016-03-31","19203708","19203712","Senate","70090087.66"
"2016","2016-03-31","19203708","19203714","House of Representatives","105214580.78"
"2016","2016-03-31","19203708","19203720","Capitol Police","28997217.58"
"2016","2016-03-31","19203708","19203724","Congressional Budget Office","3773665.58"
"2016","2016-03-31","19203708","19203726","Architect of the Capitol","48326591.61"
"2016","2016-03-31","19203708","19203729","Library of Congress","40963706.45"
"2016","2016-03-31","19203708","19203731","Government Printing Office","'-3892908.70"
"2016","2016-03-31","19203708","19203735","Government Accountability Office","43066390.03"
"2016","2016-03-31","19203708","19203738","United States Tax Court","3929492.91"
"2016","2016-03-31","19203708","19203741","Other Legislative Branch Agencies","4621070.22"
"2016","2016-03-31","19203708","19203744","Proprietary Receipts from the Public","'-2492759.98"
"2016","2016-03-31","19203708","19203747","Intrabudgetary Transactions","'-19717.78"
"2016","2016-03-31","19203708","19203749","Offsetting Governmental Receipts","null"
"2016","2016-03-31","19203708","19203752","Total--Legislative Branch","343813735.57"
"2016","2016-03-31","19203756","19203758","Supreme Court of the United States","6795564.20"
"2016","2016-03-31","19203756","19203760","Courts of Appeals, District Courts, and Other Judicial Services","617060679.82"
"2016","2016-03-31","19203756","19203762","Other","24710523.53"
"2016","2016-03-31","19203756","19203766","Intrabudgetary Transactions","'-1234782.57"
"2016","2016-03-31","19203756","19203768","Total--Judicial Branch","644448584.45"
"2016","2016-03-31","19203771","19203774","Agricultural Research Service","98065838.16"
"2016","2016-03-31","19203778","19203781","Research and Education Activities","65570896.41"
"2016","2016-03-31","19203778","19203785","Extension Activities","36528243.83"
"2016","2016-03-31","19203778","19203790","Other","9315525.01"
"2016","2016-03-31","19203771","19203796","Animal and Plant Health Inspection Service","133225098.74"
"2016","2016-03-31","19203771","19203802","Food Safety and Inspection Service","93186116.45"
"2016","2015-10-31","16516015","16516027","Federal Communications Commission:","null"
"2016","2016-01-31","18095777","18095799","Community Planning and Development:","null"
"2016","2015-12-31","17620069","17620240","Food and Nutrition Service:","null"
"2016","2015-12-31","17621401","17621410","Intrabudgetary Transactions:","null"
"2016","2016-03-31","19203771","19203808","Agricultural Marketing Service","156670201.39"
"2016","2016-03-31","19203814","19203821","Administrative and Operating Expenses","6326958.46"
"2016","2016-03-31","19203814","19203829","Federal Crop Insurance Corporation Fund","345893718.11"
"2016","2016-03-31","19203837","19203845","Salaries and Expenses","67050356.86"
"2016","2016-03-31","19203837","19203853","USDA Supplemental Assistance","9069.85"
"2016","2016-03-31","19203837","19203861","Agricultural Disaster Relief Fund","1304.18"
"2016","2016-03-31","19203837","19203869","Commodity Credit Corporation","'-449770381.65"
"2016","2016-03-31","19203904","19203922","Other","9179299.91"
"2016","2016-03-31","19203771","19203928","Rural Development","'-215911980.49"
"2016","2016-03-31","19203771","19203934","Rural Housing Service:","null"
"2016","2016-03-31","19203934","19203940","Rural Housing Insurance Fund","199756094.94"
"2016","2016-03-31","19203934","19203946","Rental Assistance Program","100738610.32"
"2016","2016-03-31","19203934","19203951","Other","12096379.92"
"2016","2016-03-31","19203958","19203960","Rural Electrification and Telecommunications Fund","192775039.91"
"2016","2016-03-31","19203958","19203964","Other","41038202.48"
"2016","2016-03-31","19203771","19203966","Foreign Agricultural Service","136007180.01"
"2016","2016-03-31","19203771","19203968","Food and Nutrition Service:","null"
"2016","2016-03-31","19203968","19203969","Supplemental Nutrition Assistance Program","6178511869.03"
"2016","2016-03-31","19203968","19203971","Child Nutrition Programs","2226719369.71"
"2016","2016-04-30","19542055","19542075","United States Tax Court","3978219.44"
"2016","2016-03-31","19203968","19203972","Special Supplemental Nutrition Program for Women, Infants, and Children (WIC)","498962475.45"
"2016","2016-03-31","19203968","19203973","Other","39015489.95"
"2016","2016-03-31","19203968","19203974","Total--Food and Nutrition Service","8943209204.14"
"2016","2016-03-31","19203975","19203976","National Forest System","150448492.12"
"2016","2016-03-31","19203975","19203977","Capital Improvement and Maintenance","32467555.94"
"2016","2016-03-31","19203975","19203978","Wildland Fire Management","222246161.01"
"2016","2016-03-31","19203975","19203979","Forest Service Permanent Appropriations","261064212.34"
"2016","2016-03-31","19203975","19203980","Other","13840910.54"
"2016","2016-03-31","19203975","19203981","Total--Forest Service","680067331.95"
"2016","2016-03-31","19203986","19203987","Economic Development Administration","24997862.26"
"2016","2016-03-31","19203986","19203988","Bureau of the Census","63238720.14"
"2016","2016-03-31","19203986","19203989","International Trade Administration","86809336.89"
"2016","2016-03-31","19203986","19203990","National Oceanic and Atmospheric Administration","476148877.00"
"2016","2015-10-31","16516069","16516072","Transfers to the Railroad Retirement Trust Funds from the National Railroad Retirement Investment Trust","null"
"2016","2015-10-31","16516056","16516073","Railroad Social Security Equivalent Benefit Account:","null"
"2016","2015-10-31","16516117","16516118","Judicial Branch:","null"
"2016","2015-11-30","17065152","17065156","Veterans Health Administration:","null"
"2016","2015-12-31","17621448","17621460","Federal Communications Commission:","null"
"2016","2016-03-31","19203986","19203991","National Institute of Standards and Technology","78080468.37"
"2016","2016-03-31","19203986","19203992","National Telecommunications and Information Administration","'-13670212.61"
"2016","2016-03-31","19203986","19203993","Other","'-17312130.56"
"2016","2016-03-31","19203986","19203994","Proprietary Receipts from the Public","'-358841.83"
"2016","2016-03-31","19203986","19203995","Intrabudgetary Transactions","'-2675899.77"
"2016","2016-03-31","19203986","19203996","Offsetting Governmental Receipts","'-464189.92"
"2016","2016-03-31","19203986","19203997","Total--Department of Commerce","694793989.97"
"2016","2016-03-31","19203999","19204000","Department of the Army","3891969440.86"
"2016","2016-03-31","19203999","19204001","Department of the Navy","3620720638.82"
"2016","2016-03-31","19203999","19204002","Department of the Air Force","2722911754.16"
"2016","2016-03-31","19203999","19204003","Defense Agencies","null"
"2016","2016-03-31","19203999","19204004","Total--Military Personnel","10235601833.84"
"2016","2016-03-31","19203998","19204005","Operation and Maintenance:","null"
"2016","2016-03-31","19204005","19204007","Department of the Navy","4992036834.12"
"2016","2016-03-31","19204005","19204008","Department of the Air Force","4944449470.55"
"2016","2016-03-31","19204005","19204010","Total--Operation and Maintenance","23472168551.41"
"2016","2016-03-31","19203998","19204011","International Reconstruction and Other Assistance:","null"
"2016","2016-03-31","19204011","19204012","Department of the Army","'-2409.44"
"2016","2016-03-31","19204013","19204014","Department of the Army","1404435856.27"
"2016","2016-03-31","19204013","19204018","Total--Procurement","9253675901.02"
"2016","2016-03-31","19204019","19204020","Department of the Army","775205740.57"
"2016","2016-03-31","19204019","19204021","Department of the Navy","1663609006.59"
"2016","2016-03-31","19204019","19204022","Department of the Air Force","3296306119.99"
"2016","2016-03-31","19204019","19204023","Defense Agencies","1680991859.91"
"2016","2016-03-31","19204019","19204024","Total--Research, Development, Test, and Evaluation","7416112727.06"
"2016","2016-03-31","19204025","19204026","Department of the Army","171441100.89"
"2016","2016-03-31","19204025","19204027","Department of the Navy","145271562.99"
"2016","2016-03-31","19204025","19204028","Department of the Air Force","70086161.90"
"2016","2016-03-31","19204025","19204029","Defense Agencies","246510738.63"
"2016","2016-03-31","19204025","19204030","Total--Military Construction","633309564.41"
"2016","2015-11-30","null","17065232","Other Defense Civil Programs:","null"
"2016","2016-01-31","18095428","18095461","Research, Development, Test, and Evaluation:","null"
"2016","2016-01-31","18095939","18095949","Other","114590456.83"
"2016","2015-12-31","17621489","17621502","National Railroad Retirement Investment Trust:","null"
"2016","2016-02-29","18412403","18412419","National Protection and Programs Directorate","179840236.33"
"2016","2016-03-31","19204031","19204033","Department of the Navy","41535406.41"
"2016","2016-03-31","19204031","19204034","Department of the Air Force","9615984.92"
"2016","2016-03-31","19204031","19204035","Defense Agencies","13059286.11"
"2016","2016-03-31","19204036","19204038","Department of the Navy","21575517.12"
"2016","2016-03-31","19204040","19204041","Working Capital Fund","'-314665665.02"
"2016","2016-03-31","19203998","19204043","Allowances","'-46656328.45"
"2016","2016-03-31","19204044","19204045","Department of the Army","360113.00"
"2016","2016-03-31","19204044","19204046","Department of the Navy","3006764.51"
"2016","2016-03-31","19204044","19204047","Department of the Air Force","213634.16"
"2016","2016-03-31","19204044","19204048","Defense Agencies","36584012.14"
"2016","2016-03-31","19203998","19204049","Proprietary Receipts from the Public:","null"
"2016","2016-03-31","19204049","19204050","Department of the Army","'-81409178.07"
"2016","2016-03-31","19204049","19204051","Department of the Navy","'-28252105.94"
"2016","2016-03-31","19204049","19204052","Department of the Air Force","42994822.55"
"2016","2016-03-31","19204049","19204053","Defense Agencies","'-33428927.91"
"2016","2016-03-31","19203998","19204054","Intrabudgetary Transactions:","null"
"2016","2016-03-31","19204054","19204055","Department of the Army","153389679.44"
"2016","2016-03-31","19204054","19204056","Department of the Navy","25851549.04"
"2016","2016-03-31","19204054","19204058","Defense Agencies","333580045.01"
"2016","2016-03-31","19204059","19204060","Department of the Army","800.00"
"2016","2016-03-31","19203998","19204062","Total--Department of Defense--Military Programs","51038888005.69"
"2016","2016-03-31","19204063","19204064","Office of Elementary and Secondary Education:","null"
"2016","2016-03-31","19204064","19204065","Accelerating Achievement and Ensuring Equity","1198313634.35"
"2016","2016-03-31","19204064","19204066","Impact Aid","246636991.05"
"2016","2016-03-31","19204064","19204067","Education Improvement Programs","333367674.53"
"2016","2016-03-31","19204064","19204068","State Fiscal Stabilization Fund, Recovery Act","null"
"2016","2016-03-31","19204064","19204069","Other","26982697.08"
"2016","2016-03-31","19204064","19204070","Total--Office of Elementary and Secondary Education","1805300997.01"
"2016","2016-03-31","19204063","19204071","Office of Innovation and Improvement","126536245.01"
"2016","2016-03-31","19204063","19204072","Office of English Language Acquisition","72567889.19"
"2016","2016-03-31","19204063","19204073","Office of Special Education and Rehabilitative Services:","null"
"2016","2015-11-30","17063643","17063661","Library of Congress","48544730.39"
"2016","2015-11-30","17063643","17063663","Government Printing Office","'-13022398.92"
"2016","2015-11-30","17063643","17063668","Government Accountability Office","34428547.74"
"2016","2015-11-30","17063643","17063673","United States Tax Court","4125984.19"
"2016","2015-11-30","17063643","17063679","Other Legislative Branch Agencies","4142140.02"
"2016","2015-11-30","17063643","17063687","Proprietary Receipts from the Public","'-1168439.04"
"2016","2015-11-30","17064220","17064257","Other","26576797.79"
"2016","2015-11-30","17065296","17065326","Military Sales Program:","null"
"2016","2016-01-31","18095507","18095565","Other","null"
"2016","2015-12-31","17621550","17621561","Department of State:","null"
"2016","2016-03-31","19204073","19204074","Special Education","1068402302.89"
"2016","2016-03-31","19204073","19204075","Rehabilitation Services and Disability Research","283375342.60"
"2016","2016-03-31","19204073","19204076","Special Institutions for Persons with Disabilities","21049169.52"
"2016","2016-03-31","19204063","19204077","Office of Vocational and Adult Education","124189584.43"
"2016","2016-03-31","19204078","19204079","Higher Education","173689750.52"
"2016","2016-03-31","19204078","19204080","Other","'-419371.68"
"2016","2016-03-31","19204082","19204092","Total--Office of Federal Student Aid","2124751124.97"
"2016","2016-03-31","19204063","19204094","Institute of Education Sciences","63063641.11"
"2016","2016-03-31","19204063","19204096","Departmental Management","62229516.53"
"2016","2016-03-31","19204063","19204098","Other","1639.19"
"2016","2016-03-31","19204063","19204100","Proprietary Receipts from the Public","'-281386664.35"
"2016","2016-03-31","19204063","19204102","Intrabudgetary Transactions","'-2866077.71"
"2016","2016-03-31","19204063","19204104","Total--Department of Education","5640485089.23"
"2016","2016-03-31","19204106","19204108","National Nuclear Security Administration:","null"
"2016","2016-03-31","19204108","19204110","Naval Reactors","112308223.08"
"2016","2016-03-31","19204108","19204112","Weapons Activities","875753786.04"
"2016","2016-03-31","19204108","19204114","Defense Nuclear Nonproliferation","338126996.42"
"2016","2016-03-31","19204108","19204116","Other","47585953.00"
"2016","2016-01-31","null","18095573","Department of Energy:","null"
"2016","2016-01-31","18096634","18096656","Intrabudgetary Transactions:","null"
"2016","2016-02-29","18412555","18412557","Bureau of Reclamation:","null"
"2016","2016-02-29","null","18413364","Independent Agencies:","null"
"2016","2016-03-31","19204106","19204118","Environmental and Other Defense Activities:","null"
"2016","2016-03-31","19204118","19204120","Defense Environmental Cleanup","508789047.57"
"2016","2016-03-31","19204118","19204122","Other Defense Activities","82266320.31"
"2016","2016-03-31","19204118","19204124","Defense Nuclear Waste Disposal","159274.54"
"2016","2016-03-31","19204128","19204130","Science","392580638.38"
"2016","2016-03-31","19204128","19204132","Energy Supply","95985569.55"
"2016","2016-03-31","19204128","19204146","Total--Energy Programs","835580070.18"
"2016","2016-03-31","19204160","19204162","Food and Drug Administration","294437330.78"
"2016","2016-03-31","19204160","19204164","Health Resources and Services Administration","932969141.79"
"2016","2016-03-31","19204160","19204168","Centers for Disease Control and Prevention","652595610.42"
"2016","2016-03-31","19204160","19204170","National Institutes of Health","2607626154.60"
"2016","2016-03-31","19204160","19204172","Substance Abuse and Mental Health Services Administration","366324661.86"
"2016","2016-03-31","19204160","19204174","Agency for Healthcare Research and Quality","35344519.02"
"2016","2016-03-31","19204176","19204178","Grants to States for Medicaid","32548452984.77"
"2016","2016-03-31","19204176","19204180","Payments to Health Care Trust Funds","39097844333.79"
"2016","2016-03-31","19204176","19204182","Children's Health Insurance Fund","1426324359.56"
"2016","2016-03-31","19204176","19204184","State Grants and Demonstrations","44670902.01"
"2016","2016-03-31","19204188","19204190","Benefit Payments","26179357376.81"
"2016","2016-03-31","19204188","19204192","Administrative Expenses","459100062.25"
"2016","2016-03-31","19204188","19204194","Total--Federal Hospital Insurance Trust Fund","26638457439.06"
"2016","2016-03-31","19204176","19204196","Health Care Fraud and Abuse Control","148064066.82"
"2016","2016-03-31","19204198","19204200","Benefit Payments","26359968640.00"
"2016","2016-03-31","19204198","19204202","Administrative Expenses","429487025.30"
"2016","2016-03-31","19204204","19204206","Benefit Payments","5925627925.52"
"2016","2016-03-31","19204204","19204208","Administrative Expenses","89546857.43"
"2016","2016-03-31","19204198","19204210","Total--Federal Supplementary Medical Insurance Trust Fund","32804630448.25"
"2016","2016-03-31","19204176","19204212","Other","3674423798.26"
"2016","2016-03-31","19204176","19204214","Total--Centers for Medicare and Medicaid Services","136382868332.52"
"2016","2016-03-31","19204216","19204218","Temporary Assistance for Needy Families","1373674509.43"
"2016","2016-03-31","19204216","19204220","Contingency Fund","115796139.87"
"2016","2016-03-31","19204216","19204222","Payments to States for Child Support Enforcement and Family Support Programs","330700166.27"
"2016","2016-03-31","19204216","19204224","Low Income Home Energy Assistance","358408522.74"
"2016","2015-11-30","17063925","17063934","Intrabudgetary Transactions","'-3357412.01"
"2016","2015-11-30","17063925","17063935","Offsetting Governmental Receipts","'-254241.29"
"2016","2016-01-31","18095643","18095665","Federal Supplementary Medical Insurance Trust Fund:","null"
"2016","2015-12-31","null","17621153","Corps of Engineers:","null"
"2016","2016-02-29","18411968","18411977","Other","9139493.17"
"2016","2016-02-29","18413364","18413396","Federal Deposit Insurance Corporation:","null"
"2016","2016-03-31","19204216","19204228","Child Care Entitlement to States","246249914.92"
"2016","2016-03-31","19204216","19204230","Payments to States for the Child Care and Development Block Grant","242900716.74"
"2016","2016-03-31","19204216","19204232","Social Services Block Grant","148084658.80"
"2016","2016-03-31","19204216","19204234","Children and Families Services Programs","927000101.28"
"2016","2016-03-31","19204216","19204236","Payments to States for Foster Care and Adoption Assistance","701058398.00"
"2016","2016-03-31","19204216","19204240","Total--Administration for Children and Families","4615760296.63"
"2016","2016-03-31","19204160","19204242","Administration for Community Living","171850949.60"
"2016","2016-03-31","19204160","19204244","Departmental Management","195197461.83"
"2016","2016-03-31","19204160","19204246","Other","86538592.61"
"2016","2016-03-31","19204160","19204248","Proprietary Receipts from the Public","'-11928798072.64"
"2016","2016-03-31","19204252","19204254","Federal Supplementary Medical Insurance Trust Fund","'-38806294299.69"
"2016","2016-03-31","19204250","19204260","Other","'-47297668.75"
"2016","2016-03-31","19204160","19204262","Total--Department of Health and Human Services","96298239113.83"
"2016","2016-03-31","null","19204264","Department of Homeland Security:","null"
"2016","2016-03-31","19204264","19204266","Departmental Management and Operations","99783863.78"
"2016","2016-03-31","19204264","19204268","Citizenship and Immigration Services","274417344.41"
"2016","2016-03-31","19204264","19204270","United States Secret Service","129046844.12"
"2016","2016-03-31","19204264","19204272","Transportation Security Administration","550329256.41"
"2016","2016-03-31","19204264","19204274","Immigration and Customs Enforcement","531821168.85"
"2016","2016-03-31","19204264","19204276","U.S. Customs and Border Protection","1093570554.23"
"2016","2016-03-31","19204264","19204278","United States Coast Guard","873928598.07"
"2016","2016-03-31","19204264","19204280","National Protection and Programs Directorate","126402885.93"
"2016","2016-03-31","19204264","19204282","Federal Emergency Management Agency:","null"
"2016","2016-03-31","19204282","19204284","State and Local Programs","129716558.60"
"2016","2016-03-31","19204264","19204300","Other","22875297.99"
"2016","2016-03-31","19204264","19204302","Proprietary Receipts from the Public","'-66169882.80"
"2016","2016-03-31","19204264","19204304","Intrabudgetary Transactions","'-61709246.12"
"2016","2015-11-30","17065471","17065478","Department of State:","null"
"2016","2016-01-31","18096176","18096273","Intrabudgetary Transactions","'-234109538.61"
"2016","2015-12-31","null","17621294","General Services Administration:","null"
"2016","2016-02-29","18412734","18412791","Bureau of Labor Statistics","48028164.72"
"2016","2016-03-31","19204264","19204306","Offsetting Governmental Receipts","'-926052956.95"
"2016","2016-03-31","19204264","19204308","Total--Department of Homeland Security","3545413837.97"
"2016","2016-03-31","19204310","19204312","Public and Indian Housing Programs:","null"
"2016","2016-03-31","19204312","19204314","Tenant Based Rental Assistance","1624612072.00"
"2016","2016-03-31","19204312","19204316","Housing Certificate Fund","15861463.01"
"2016","2016-03-31","19204312","19204320","Public Housing Capital Fund","209956054.81"
"2016","2016-03-31","19204312","19204322","Public Housing Operating Fund","376131303.00"
"2016","2016-03-31","19204312","19204324","Revitalization of Severely Distressed Public Housing (Hope VI)","2865551.31"
"2016","2016-03-31","19204312","19204326","Native American Housing Block Grant","60850287.92"
"2016","2016-03-31","19204312","19204328","Other","15544626.80"
"2016","2016-03-31","19204312","19204330","Total--Public and Indian Housing Programs","2305821358.85"
"2016","2016-03-31","19204332","19204342","Homeless Assistance Grants","174555236.74"
"2016","2016-03-31","19204332","19204346","Total--Community Planning and Development","930887646.71"
"2016","2016-03-31","19204350","19204352","FHA-Mutual Mortgage Insurance Fund, Program Account","9588223.40"
"2016","2016-03-31","19204350","19204354","FHA-Mutual Mortgage Insurance Capital Reserve Account","'-713034369.02"
"2016","2016-03-31","19204350","19204356","FHA-Mutual Mortgage and Cooperative Housing Insurance Fund, Liquidating Account","1236560.12"
"2016","2016-03-31","19204350","19204360","FHA-General and Special Risk Fund, Liquidating Account","'-27406938.89"
"2016","2016-03-31","19204350","19204362","Housing for the Elderly or Handicapped Fund, Liquidating Account","'-26448298.79"
"2016","2016-03-31","19204348","19204364","HUD Project-Based Rental Assistance","895100589.08"
"2016","2016-03-31","19204348","19204370","Housing for Persons with Disabilities","14573221.15"
"2016","2016-03-31","19204348","19204372","Other Assisted Housing Programs","16361595.12"
"2016","2016-03-31","19204348","19204376","Total--Housing Programs","230299247.69"
"2016","2016-03-31","19204378","19204380","Guarantees of Mortgage-Backed Securities","4960945.48"
"2016","2016-03-31","19204310","19204382","Management and Administration","161187541.86"
"2016","2016-03-31","19204310","19204384","Other","14017236.04"
"2016","2016-03-31","19204386","19204390","FHA-General and Special Risk Fund","'-50274140.97"
"2016","2016-03-31","19204386","19204392","Other","1723624.68"
"2016","2016-03-31","19204310","19204394","Intrabudgetary Transactions","'-19718122.60"
"2016","2016-03-31","19204310","19204396","Offsetting Governmental Receipts","'-1109400.00"
"2016","2016-03-31","19204310","19204398","Total--Department of Housing and Urban Development","3577795937.74"
"2016","2015-11-30","17064002","17064049","Institute of Education Sciences","34003200.73"
"2016","2015-11-30","17064002","17064051","Departmental Management","39018781.61"
"2016","2015-11-30","17064002","17064055","Proprietary Receipts from the Public","1549637.50"
"2016","2015-12-31","17620069","17620259","Forest Service:","null"
"2016","2015-12-31","17620616","17620654","Indian Affairs:","null"
"2016","2016-02-29","18412839","18412883","Federal Railroad Administration:","null"
"2016","2016-02-29","18413570","18413582","Department of Labor:","null"
"2016","2016-03-31","null","19204400","Department of the Interior:","null"
"2016","2016-03-31","19204400","19204402","Land and Minerals Management:","null"
"2016","2016-03-31","19204404","19204406","Management of Lands and Resources","110994345.27"
"2016","2016-03-31","19204402","19204414","Total--Land and Minerals Management","217319297.13"
"2016","2016-03-31","19204418","19204420","Water and Related Resources","74644730.75"
"2016","2016-03-31","19204418","19204422","Other","10989246.47"
"2016","2016-03-31","19204416","19204426","United States Geological Survey","130751352.44"
"2016","2016-03-31","19204416","19204428","Total--Water and Science","217617795.65"
"2016","2016-03-31","19204400","19204430","Fish and Wildlife and Parks:","null"
"2016","2016-03-31","19204430","19204432","United States Fish and Wildlife Service","342785102.31"
"2016","2016-03-31","19204430","19204434","National Park Service","299594207.73"
"2016","2016-03-31","19204430","19204436","Total--Fish and Wildlife and Parks","642379310.04"
"2016","2016-03-31","19204438","19204440","Bureau of Indian Affairs and Bureau of Indian Education","345543658.12"
"2016","2016-03-31","19204438","19204442","Total--Indian Affairs","345543658.12"
"2016","2016-03-31","19204444","19204460","Department-Wide Programs","44717084.37"
"2016","2016-03-31","19204444","19204464","Total--Departmental Offices","296613943.35"
"2016","2016-03-31","19204400","19204468","Other","36655259.22"
"2016","2016-03-31","19204400","19204472","Proprietary Receipts from the Public","'-324842905.30"
"2016","2016-03-31","19204484","19204488","General Administration","'-66289178.85"
"2016","2016-03-31","19204492","19204496","General Legal Activities","73335982.42"
"2016","2016-03-31","19204492","19204501","United States Attorneys","191219427.09"
"2016","2016-03-31","19204492","19204505","United States Marshals Service","138545628.99"
"2016","2016-03-31","19204492","19204509","Assets Forfeiture Fund","81568265.30"
"2016","2016-03-31","19204492","19204513","Other","463986608.40"
"2016","2016-01-31","18096668","18096684","Social Security Administration:","null"
"2016","2015-12-31","17621448","17621453","District of Columbia:","null"
"2016","2016-02-29","18413006","18413022","Benefits Programs:","null"
"2016","2016-03-31","19204484","19204517","Federal Bureau of Investigation","708305939.81"
"2016","2016-03-31","19204484","19204521","Drug Enforcement Administration","298383916.90"
"2016","2016-03-31","19204484","19204525","Bureau of Alcohol, Tobacco, Firearms, and Explosives","106232495.96"
"2016","2016-03-31","19204484","19204529","Federal Prison System","536423125.29"
"2016","2016-03-31","19204533","19204537","State and Local Law Enforcement Assistance","62858860.14"
"2016","2016-03-31","19204533","19204541","Community Oriented Policing Services","11723553.86"
"2016","2016-03-31","19204533","19204545","Crime Victims Fund","110357290.68"
"2016","2016-03-31","19204533","19204549","Other","63162250.46"
"2016","2016-03-31","19204484","19204553","Other","45994154.40"
"2016","2016-03-31","19204484","19204557","Proprietary Receipts from the Public","'-305652440.81"
"2016","2016-03-31","19204484","19204561","Intrabudgetary Transactions","150742137.09"
"2016","2016-03-31","19204577","19204593","Federal Unemployment Benefits and Allowances","40371274.20"
"2016","2016-03-31","19204577","19204597","Federal Additional Unemployment Compensation Program-Recovery Act","'-796263.59"
"2016","2016-03-31","19204577","19204601","State Unemployment Insurance and Employment Service Operations","24593403.15"
"2016","2016-03-31","19204577","19204612","Program Administration","21635519.89"
"2016","2016-03-31","19204577","19204616","Unemployment Trust Fund:","null"
"2016","2016-03-31","19204620","19204625","State Unemployment Benefits","3476090148.41"
"2016","2016-03-31","19204616","19204631","State Administrative Expenses","360464376.00"
"2016","2016-03-31","19204616","19204637","Federal Administrative Expenses","87157973.75"
"2016","2016-03-31","19204616","19204649","Other","56849.42"
"2016","2016-03-31","19204616","19204655","Total--Unemployment Trust Fund","3923769347.58"
"2016","2016-03-31","19204577","19204661","Other","26735603.49"
"2016","2016-03-31","19204577","19204667","Total--Employment and Training Administration","4522778833.48"
"2016","2016-03-31","19204573","19204673","Pension Benefit Guaranty Corporation","197778253.61"
"2016","2016-03-31","19204573","19204679","Employment Standards Administration","null"
"2016","2016-03-31","19204573","19204685","Office of Workers' Compensation Programs:","null"
"2016","2016-03-31","19204685","19204691","Special Benefits","111329393.49"
"2016","2016-03-31","19204685","19204697","Energy Employees Occupational Illness Compensation Fund","124162715.26"
"2016","2016-03-31","19204685","19204703","Special Benefits for Disabled Coal Miners","9279593.63"
"2016","2016-03-31","19204685","19204709","Black Lung Disability Trust Fund","17066000.67"
"2016","2016-03-31","19204685","19204715","Other","45452525.56"
"2016","2016-03-31","19204573","19204721","Wage and Hour Division","58190169.54"
"2016","2016-03-31","19204573","19204727","Occupational Safety and Health Administration","81307936.59"
"2016","2016-03-31","19204573","19204733","Mine Safety and Health Administration","59457222.13"
"2016","2015-11-30","17065234","17065236","Payment to Military Retirement Fund","null"
"2016","2015-12-31","17621448","17621473","Federal Drug Control Programs","20111075.14"
"2016","2016-02-29","18412315","18412321","Children's Health Insurance Fund","1087888061.45"
"2016","2016-03-31","19204573","19204739","Bureau of Labor Statistics","67421918.21"
"2016","2016-03-31","19204573","19204745","Departmental Management","'-208104901.27"
"2016","2016-03-31","19204573","19204751","Other","51654358.50"
"2016","2016-03-31","19204573","19204757","Proprietary Receipts from the Public","'-724978.02"
"2016","2016-03-31","19204573","19204764","Intrabudgetary Transactions","'-89690349.88"
"2016","2016-03-31","19204573","19204770","Total--Department of Labor","5047358691.50"
"2016","2016-03-31","19204782","19204788","Diplomatic and Consular Programs","560794638.94"
"2016","2016-03-31","19204782","19204794","Educational and Cultural Exchange Programs","49926204.67"
"2016","2016-03-31","19204782","19204800","Embassy Security, Construction, and Maintenance","27104370.10"
"2016","2016-03-31","19204782","19204812","Foreign Service Retirement and Disability Fund","77433329.67"
"2016","2016-03-31","19204776","19204842","Migration and Refugee Assistance","139406663.60"
"2016","2016-03-31","19204776","19204848","International Narcotics Control and Law Enforcement","89509515.92"
"2016","2016-03-31","19204776","19204860","Other","53873748.13"
"2016","2016-03-31","19204776","19204866","Proprietary Receipts from the Public","'-15861139.19"
"2016","2016-03-31","19204776","19204872","Intrabudgetary Transactions","135567780.63"
"2016","2016-03-31","19204776","19204878","Total--Department of State","1426530852.93"
"2016","2016-03-31","19204884","19204890","Office of the Secretary","54291917.63"
"2016","2016-03-31","19204884","19204902","Federal Aviation Administration:","null"
"2016","2016-03-31","19204902","19204908","Operations","348927086.60"
"2016","2016-03-31","19204914","19204920","Grants-In-Aid for Airports","218792939.51"
"2016","2016-03-31","19204914","19204926","Facilities and Equipment","238725175.72"
"2016","2016-03-31","19204914","19204932","Research, Engineering, and Development","12480952.95"
"2016","2016-03-31","19204914","19204938","Trust Fund Share of FAA Operations","700000000.00"
"2016","2016-03-31","19204914","19204944","Total--Airport and Airway Trust Fund","1169999068.18"
"2016","2016-03-31","19204902","19204950","Other","'-38553288.44"
"2016","2016-03-31","19204902","19204956","Total--Federal Aviation Administration","1480372866.34"
"2016","2016-03-31","19204968","19204974","Federal-Aid Highways","2949321584.40"
"2016","2016-03-31","19204968","19204980","Other","420748.76"
"2016","2016-03-31","19204962","19204987","Highway Infrastructure Investment, Recovery Act","null"
"2016","2016-03-31","19204962","19204993","Other Programs","19813908.25"
"2016","2016-03-31","19204962","19204997","Total--Federal Highway Administration","2969556241.41"
"2016","2016-03-31","19204884","19205001","Federal Motor Carrier Safety Administration","55925907.95"
"2016","2015-11-30","null","17064357","Department of the Interior:","null"
"2016","2016-01-31","18095428","18095486","Trust Funds:","null"
"2016","2016-01-31","18096056","18096068","Other","219632587.58"
"2016","2016-02-29","18413163","18413167","International Security Assistance:","null"
"2016","2016-03-31","19204884","19205005","National Highway Traffic Safety Administration","64751073.82"
"2016","2016-03-31","19204884","19205009","Federal Railroad Administration:","null"
"2016","2016-03-31","19205009","19205013","Operating Subsidy Grants to the National Railroad Passenger Corporation","72125000.00"
"2016","2016-03-31","19205009","19205017","Capital and Debt Service Grants to the National Railroad Passenger Corporation","101138411.36"
"2016","2016-03-31","19205009","19205021","Capital Assistance for High Speed Rail Corridors and Intercity Passenger Rail Service","190775850.44"
"2016","2016-03-31","19205009","19205029","Total--Federal Railroad Administration","425896956.53"
"2016","2016-03-31","19205033","19205041","Capital Investment Grants","127095625.87"
"2016","2016-03-31","19205033","19205045","Transit Formula Grants","708794501.08"
"2016","2016-03-31","19205033","19205049","Transit Capital Assistance, Recovery Act","null"
"2016","2016-03-31","19205033","19205053","Other","96097293.82"
"2016","2016-03-31","19205033","19205057","Total--Federal Transit Administration","933862406.77"
"2016","2016-03-31","19204884","19205061","Maritime Administration","68993334.31"
"2016","2016-03-31","19204884","19205065","Other","53031352.42"
"2016","2016-03-31","19204884","19205069","Proprietary Receipts from the Public","'-4750807.84"
"2016","2016-03-31","19205073","19205077","Payment from the General Fund, Highway Trust Fund","null"
"2016","2016-03-31","19205073","19205081","Other","'-496439.95"
"2016","2016-03-31","19204884","19205085","Offsetting Governmental Receipts","'-6250.00"
"2016","2016-03-31","19204884","19205089","Total--Department of Transportation","6101428559.39"
"2016","2016-03-31","19205091","19205093","Departmental Offices:","null"
"2016","2016-03-31","19205093","19205095","Exchange Stabilization Fund","3972444.14"
"2016","2016-03-31","19205093","19205097","Grants for Specified Energy Property in Lieu of Tax Credit","10150706.00"
"2016","2016-03-31","19205093","19205099","Housing and Economic Recovery Programs","140783.00"
"2016","2016-03-31","19205093","19205101","Troubled Asset Relief Program","835879500.58"
"2016","2016-03-31","19205093","19205103","Other","239856054.12"
"2016","2016-03-31","19205105","19205123","Payment to the Resolution Funding Corporation","null"
"2016","2016-03-31","19205105","19205125","Financial Agent Services","53590981.92"
"2016","2016-03-31","19205105","19205135","Total--Bureau of the Fiscal Service","476708818.12"
"2016","2016-03-31","19205091","19205137","Federal Financing Bank","'-335803010.65"
"2016","2016-03-31","19205139","19205141","Salaries and Expenses","7091519.48"
"2016","2016-03-31","19205139","19205143","Internal Revenue Collections for Puerto Rico","115333301.71"
"2016","2016-03-31","19205091","19205145","Bureau of Engraving and Printing","1353676.95"
"2016","2016-03-31","19205091","19205147","United States Mint","'-58328551.81"
"2016","2016-03-31","19205149","19205151","Taxpayer Services","191712216.81"
"2016","2015-11-30","17064396","17064398","Bureau of Indian Affairs and Bureau of Indian Education","117550167.43"
"2016","2015-11-30","17064396","17064400","Total--Indian Affairs","117550167.43"
"2016","2015-12-31","17621576","17621577","Federal Old-Age and Survivors Insurance Trust Fund","'-44256194768.51"
"2016","2016-02-29","18413446","18413452","Railroad Unemployment Insurance Trust Fund:","null"
"2016","2016-03-31","19205149","19205153","Enforcement","359795387.52"
"2016","2016-03-31","19205149","19205155","Operations Support","321243577.72"
"2016","2016-03-31","19205149","19205157","Build America Bond Payments, Recovery Act","290078225.48"
"2016","2016-03-31","19205149","19205159","Refundable Premium Tax Credits and Cost Sharing Reductions","2931000844.71"
"2016","2016-03-31","19205149","19205161","Payment Where Earned Income Credit Exceeds Liability for Tax","10721627608.52"
"2016","2016-03-31","19205149","19205163","Payment Where Child Tax Credit Exceeds Liability for Tax","3513572410.06"
"2016","2016-03-31","19205149","19205165","Payment Where American Opportunity Tax Credit Exceeds Liability for Tax","976680867.60"
"2016","2016-03-31","19205149","19205169","Refunding Internal Revenue Collections, Interest","102160337.13"
"2016","2016-03-31","19205149","19205171","Other","104286294.09"
"2016","2016-03-31","19205149","19205173","Total--Internal Revenue Service","19512157769.64"
"2016","2016-03-31","19205091","19205175","Comptroller of the Currency","'-479885554.57"
"2016","2016-03-31","19205091","19205179","Interest on the Public Debt:","null"
"2016","2016-03-31","19205179","19205181","Interest on Treasury Debt Securities (Gross):","null"
"2016","2016-03-31","19205181","19205183","Public Issues (Accrual Basis)","23610643515.55"
"2016","2016-03-31","19205181","19205185","Special Issues (Cash Basis)","1523884499.20"
"2016","2016-03-31","19205181","19205187","Total--Interest on Treasury Debt Securities (Gross)","25134528014.75"
"2016","2016-03-31","19205179","19205189","Total--Interest on the Public Debt","25134528014.75"
"2016","2016-03-31","19205091","19205191","Other","9171107.94"
"2016","2016-03-31","19205091","19205193","Proprietary Receipts from the Public","'-4358723101.63"
"2016","2016-03-31","19205091","19205195","Intrabudgetary Transactions","'-279594498.29"
"2016","2016-03-31","19205091","19205199","Total--Department of the Treasury","40834008979.48"
"2016","2016-03-31","null","19205201","Department of Veterans Affairs:","null"
"2016","2016-03-31","19205201","19205205","Veterans Health Administration:","null"
"2016","2016-03-31","19205205","19205207","Veterans Choice Fund, Veterans Health Administration","139696037.17"
"2016","2016-03-31","19205205","19205209","Medical Services","4424746216.62"
"2016","2016-03-31","19205205","19205211","Medical Support and Compliance","469942876.69"
"2016","2015-11-30","17064472","17064490","Payments to the Unemployment Trust Fund","null"
"2016","2015-11-30","17064472","17064498","Program Administration","6879228.01"
"2016","2015-11-30","17064502","17064506","Federal-State Unemployment Insurance:","null"
"2016","2015-11-30","17065437","17065444","Rail Industry Pension Fund:","null"
"2016","2016-01-31","null","18096279","Department of Veterans Affairs:","null"
"2016","2016-03-31","19205205","19205213","Medical Facilities","452084099.76"
"2016","2016-03-31","19205205","19205215","Other","46789011.89"
"2016","2016-03-31","19205217","19205219","Public Enterprise Funds:","null"
"2016","2016-03-31","19205219","19205221","Housing Accounts","'-1015882.57"
"2016","2016-03-31","19205219","19205223","Other","'-2246562.80"
"2016","2016-03-31","19205217","19205225","Compensation and Pensions","6644641163.58"
"2016","2016-03-31","19205217","19205227","Readjustment Benefits","1334125733.53"
"2016","2016-03-31","19205217","19205229","Veterans Housing Benefit Program Fund","513323788.44"
"2016","2016-03-31","19205217","19205231","Insurance Funds:","null"
"2016","2016-03-31","19205231","19205233","National Service Life","98543412.15"
"2016","2016-03-31","19205231","19205235","Veterans Special Life","17680373.20"
"2016","2016-03-31","19205217","19205237","Other","9291924.07"
"2016","2016-03-31","19205217","19205239","Total--Benefits Programs","8614343949.60"
"2016","2016-03-31","19205241","19205243","Construction","96650346.50"
"2016","2016-03-31","19205241","19205249","Other","83905157.91"
"2016","2016-03-31","19205201","19205251","Proprietary Receipts from the Public:","null"
"2016","2016-03-31","19205201","19205257","Intrabudgetary Transactions","'-919512.51"
"2016","2016-03-31","19205201","19205259","Total--Department of Veterans Affairs","14227882722.75"
"2016","2016-03-31","19205261","19205263","Construction","186170028.81"
"2016","2016-03-31","19205261","19205265","Operation and Maintenance","252540077.87"
"2016","2016-03-31","19205261","19205267","Flood Control and Coastal Emergencies","42488069.54"
"2016","2016-03-31","19205261","19205271","Rivers and Harbors Contributed Funds","53871164.18"
"2016","2016-03-31","19205261","19205273","Other","155518508.35"
"2016","2015-11-30","17064650","17064711","Global Health and Child Survival","411590332.98"
"2016","2015-11-30","17064650","17064717","Migration and Refugee Assistance","76288661.59"
"2016","2015-11-30","17064650","17064723","International Narcotics Control and Law Enforcement","69686327.24"
"2016","2015-11-30","17064650","17064729","Andean Counterdrug Programs","49900.37"
"2016","2015-11-30","17064650","17064735","Other","37503461.87"
"2016","2016-01-31","18096295","18096315","Other","8026862.94"
"2016","2015-12-31","17620526","17620594","Government National Mortgage Association:","null"
"2016","2016-02-29","18413374","18413378","Courts","24769921.80"
"2016","2016-03-31","19204160","19204166","Indian Health Service","1032753600.15"
"2016","2016-03-31","19205261","19205275","Proprietary Receipts from the Public","'-79232408.37"
"2016","2016-03-31","19205261","19205277","Intrabudgetary Transactions","4054.54"
"2016","2016-03-31","19205261","19205279","Total--Corps of Engineers","611359494.92"
"2016","2016-03-31","null","19205281","Other Defense Civil Programs:","null"
"2016","2016-03-31","19205281","19205283","Military Retirement:","null"
"2016","2016-03-31","19205283","19205287","Military Retirement Fund","4771468528.51"
"2016","2016-03-31","19205281","19205289","Retiree Health Care:","null"
"2016","2016-03-31","19205289","19205291","Payment to Department of Defense Medicare-Eligible Retiree Health Care Fund","null"
"2016","2016-03-31","19205289","19205293","Department of Defense Medicare-Eligible Retiree Health Care Fund","731843185.39"
"2016","2016-03-31","19205281","19205297","Other","44511573.16"
"2016","2016-03-31","19205281","19205299","Proprietary Receipts from the Public","'-1688282.28"
"2016","2016-03-31","19205281","19205301","Intrabudgetary Transactions","'-296130093.51"
"2016","2016-03-31","19205281","19205303","Total--Other Defense Civil Programs","5283259079.81"
"2016","2016-03-31","19205305","19205307","Science and Technology","8364388.40"
"2016","2016-03-31","19205305","19205309","Environmental Programs and Management","386311339.98"
"2016","2016-03-31","19205305","19205311","State and Tribal Assistance Grants","252520853.55"
"2016","2016-03-31","19205305","19205313","Payment to the Hazardous Substance Superfund","null"
"2016","2016-03-31","19205305","19205315","Hazardous Substance Superfund","22653676.73"
"2016","2016-03-31","19205305","19205317","Other","'-28399221.04"
"2016","2015-11-30","17064927","17064945","Transit Formula Grants","813198480.30"
"2016","2016-01-31","18096364","18096365","Payment to Department of Defense Medicare-Eligible Retiree Health Care Fund","null"
"2016","2016-02-29","18412049","18412079","Procurement:","null"
"2016","2016-03-31","19205305","19205319","Proprietary Receipts from the Public","'-6237805.79"
"2016","2016-03-31","19205305","19205321","Intrabudgetary Transactions","'-7202053.18"
"2016","2016-03-31","19205305","19205323","Offsetting Governmental Receipts","'-2005482.48"
"2016","2016-03-31","19205327","19205329","The White House","4378539.11"
"2016","2016-03-31","19205327","19205331","Office of Management and Budget","7975485.59"
"2016","2016-03-31","19205327","19205333","Unanticipated Needs","1988664.27"
"2016","2016-03-31","19205327","19205335","Other","19315542.63"
"2016","2016-03-31","19205327","19205337","Proprietary Receipts from the Public","'-486349.46"
"2016","2016-03-31","19205327","19205339","Intrabudgetary Transactions","'-1.52"
"2016","2016-03-31","19205327","19205341","Total--Executive Office of the President","33171880.62"
"2016","2016-03-31","19205343","19205345","Real Property Activities","'-94590687.21"
"2016","2016-03-31","19205343","19205347","Supply and Technology Activities","177375440.75"
"2016","2016-03-31","19205343","19205349","General Activities","19501395.88"
"2016","2016-03-31","19205343","19205351","Proprietary Receipts from the Public","9727263.37"
"2016","2016-03-31","19205343","19205353","Intrabudgetary Transactions","644593.36"
"2016","2016-03-31","19205343","19205354","Total--General Services Administration","112658006.15"
"2016","2016-03-31","19205355","19205356","Millennium Challenge Corporation","54042093.65"
"2016","2016-03-31","19205364","19205365","Contribution to the International Development Association","1197128000.00"
"2016","2016-03-31","19205364","19205366","Other","792985745.81"
"2016","2016-03-31","19205364","19205368","Total--Multilateral Assistance","1990113745.81"
"2016","2016-03-31","19205355","19205369","Agency for International Development:","null"
"2016","2016-03-31","19205369","19205370","Development Assistance Program","261794857.63"
"2016","2016-03-31","19205369","19205371","Assistance for Europe, Eurasia and Central Asia","2074783.69"
"2016","2016-03-31","19205369","19205372","International Disaster Assistance","132849552.38"
"2016","2016-03-31","19205369","19205374","Other","100966395.04"
"2016","2016-03-31","19205369","19205376","Intrabudgetary Transactions","1168778.67"
"2016","2016-03-31","19205369","19205377","Total--Agency for International Development","712294122.39"
"2016","2016-03-31","19205355","19205378","Overseas Private Investment Corporation:","null"
"2016","2016-03-31","19205378","19205379","Overseas Private Investment Corporation Accounts","399200084.90"
"2016","2016-03-31","19205378","19205380","Proprietary Receipts from the Public","'-406881988.17"
"2016","2016-03-31","19205378","19205382","Total--Overseas Private Investment Corporation","'-7681903.27"
"2016","2016-03-31","19205355","19205383","Peace Corps","39384547.83"
"2016","2016-03-31","19205355","19205384","International Monetary Programs","'-149604174.53"
"2016","2015-11-30","17065156","17065162","Medical Support and Compliance","425565066.71"
"2016","2015-11-30","17065156","17065164","Medical Facilities","415118092.17"
"2016","2015-11-30","17065156","17065166","Other","65611363.69"
"2016","2016-02-29","18412049","18412171","Offsetting Governmental Receipts:","null"
"2016","2016-03-31","19205385","19205386","Foreign Military Sales Trust Fund","2693512336.43"
"2016","2016-03-31","19205385","19205387","Other","11207690.74"
"2016","2016-03-31","19205355","19205389","Other","9789534.08"
"2016","2016-03-31","19205355","19205390","Total--International Assistance Programs","3550992977.52"
"2016","2016-03-31","19205391","19205392","Science","411954963.69"
"2016","2016-03-31","19205391","19205393","Aeronautics","47648744.07"
"2016","2016-03-31","19205391","19205394","Exploration","'-135309429.02"
"2016","2016-03-31","19205391","19205395","Cross Agency Support","254358889.82"
"2016","2016-03-31","19205391","19205396","Space Operations","830863372.95"
"2016","2016-03-31","19205391","19205397","Other","68661809.44"
"2016","2016-03-31","19205391","19205398","Proprietary Receipts from the Public","'-146561.12"
"2016","2016-03-31","19205391","19205399","Intrabudgetary Transactions","'-44264.34"
"2016","2016-03-31","19205391","19205400","Total--National Aeronautics and Space Administration","1477987525.49"
"2016","2016-03-31","19205401","19205402","Research and Related Activities","435975884.70"
"2016","2016-03-31","19205401","19205403","Education and Human Resources","76816296.84"
"2016","2016-03-31","19205401","19205404","Other","44254124.32"
"2016","2016-03-31","19205401","19205405","Proprietary Receipts from the Public","'-5308771.75"
"2016","2016-03-31","19205401","19205407","Total--National Science Foundation","551737534.11"
"2016","2016-03-31","19205408","19205409","Government Payment for Annuitants, Employees Health and Life Insurance Benefits","1015724119.16"
"2016","2016-03-31","19205408","19205412","Civil Service Retirement and Disability Fund","6836168151.01"
"2016","2016-03-31","19205408","19205413","Employees Life Insurance Fund","25942319.29"
"2016","2016-03-31","19205408","19205414","Employees and Retired Employees Health Benefits Fund","'-41239275.76"
"2016","2016-03-31","19205408","19205416","Proprietary Receipts from the Public","'-726940.32"
"2016","2016-03-31","19205417","19205418","Postal Service Contributions","null"
"2016","2016-03-31","19205419","19205421","Other","'-3778478.42"
"2016","2016-03-31","19205408","19205422","Total--Office of Personnel Management","7757641308.69"
"2016","2016-03-31","null","19205423","Small Business Administration:","null"
"2016","2016-03-31","19205423","19205424","Salaries and Expenses","46726697.10"
"2016","2016-03-31","19205423","19205425","Business Loans Program","264773803.78"
"2016","2015-11-30","17065256","17065262","State and Tribal Assistance Grants","512287718.98"
"2016","2015-11-30","17065256","17065264","Payment to the Hazardous Substance Superfund","null"
"2016","2015-11-30","17065256","17065266","Hazardous Substance Superfund","104578428.34"
"2016","2015-11-30","17065256","17065268","Other","24611379.70"
"2016","2015-11-30","17065256","17065270","Proprietary Receipts from the Public","'-819499.75"
"2016","2015-11-30","17065256","17065272","Intrabudgetary Transactions","'-58813867.24"
"2016","2016-01-31","18096560","18096564","Other","14679802.35"
"2016","2016-02-29","null","18412299","Department of Health and Human Services:","null"
"2016","2016-02-29","18412927","18412936","Other","148481089.43"
"2016","2016-02-29","18413570","18413602","Independent Agencies:","null"
"2016","2016-03-31","19205423","19205426","Disaster Loans Program","13131600.77"
"2016","2016-03-31","19205423","19205427","Other","24436987.51"
"2016","2016-03-31","19205423","19205428","Proprietary Receipts from the Public","'-1652459502.57"
"2016","2016-03-31","19205423","19205429","Intrabudgetary Transactions","512247.47"
"2016","2016-03-31","19205423","19205430","Total--Small Business Administration","'-1302878165.94"
"2016","2016-03-31","19205431","19205432","Payments to Social Security Trust Funds","84220916.78"
"2016","2016-03-31","19205431","19205433","Supplemental Security Income Program","4940158632.27"
"2016","2016-03-31","19205431","19205434","Federal Old-Age and Survivors Insurance Trust Fund (Off-Budget):","null"
"2016","2016-03-31","19205434","19205435","Benefit Payments","63347325292.84"
"2016","2016-03-31","19205434","19205436","Administrative Expenses","257604159.02"
"2016","2016-03-31","19205496","19205497","Federal Windfall Subsidy","2635938.65"
"2016","2016-03-31","19205434","19205439","Total--Federal Old-Age and Survivors Insurance Trust Fund (Off-Budget)","63604929451.86"
"2016","2016-03-31","19205431","19205440","Federal Disability Insurance Trust Fund (Off-Budget):","null"
"2016","2016-03-31","19205440","19205442","Administrative Expenses","248640139.80"
"2016","2016-03-31","19205440","19205445","Total--Federal Disability Insurance Trust Fund (Off-Budget)","12106313804.61"
"2016","2016-03-31","19205447","19205448","On-Budget","'-223269001.47"
"2016","2016-04-30","19543413","19543415","Judicial Branch:","null"
"2016","2016-01-31","18096629","18096630","Off-Budget:","null"
"2016","2016-03-31","19205447","19205449","Off-Budget","'-16919625.25"
"2016","2016-03-31","19205431","19205450","Intrabudgetary Transactions:","null"
"2016","2016-03-31","19205450","19205453","Off-Budget","'-83596943.26"
"2016","2016-03-31","19205431","19205454","Total--Social Security Administration","80412045009.24"
"2016","2016-03-31","19205455","19205456","Broadcasting Board of Governors","64042392.59"
"2016","2016-03-31","19205455","19205457","Bureau of Consumer Financial Protection","49518059.06"
"2016","2016-03-31","19205455","19205458","Corporation for National and Community Service","74027013.11"
"2016","2016-03-31","19205455","19205459","Corporation for Public Broadcasting","null"
"2016","2016-03-31","19205455","19205460","District of Columbia:","null"
"2016","2016-03-31","19205460","19205462","Courts","24120191.30"
"2016","2016-03-31","19205460","19205463","General and Special Payments","46909681.59"
"2016","2016-03-31","19205455","19205465","Equal Employment Opportunity Commission","27241359.71"
"2016","2016-03-31","19205455","19205466","Export-Import Bank of the United States","'-1263258448.53"
"2016","2016-03-31","19205455","19205467","Federal Communications Commission:","null"
"2016","2016-03-31","19205467","19205468","Universal Service Fund","824182211.20"
"2016","2016-03-31","19205467","19205469","Spectrum Auction Program Account","1314.93"
"2016","2016-03-31","19205467","19205470","Other","37284916.48"
"2016","2016-03-31","19205455","19205471","Federal Deposit Insurance Corporation:","null"
"2016","2016-03-31","19205471","19205476","Deposit Insurance Fund","'-3736443821.10"
"2016","2016-03-31","19205471","19205477","FSLIC Resolution Fund","58331.07"
"2016","2016-03-31","19205471","19205479","Total--Federal Deposit Insurance Corporation","'-3736385490.03"
"2016","2016-03-31","19205455","19205480","Federal Drug Control Programs","17119560.99"
"2016","2016-03-31","19205455","19205481","Federal Housing Finance Agency","22778660.53"
"2016","2016-03-31","19205455","19205482","Institute of Museum and Library Services","15859564.73"
"2016","2016-03-31","19205455","19205483","Intelligence Community Management Account","31689627.99"
"2016","2016-03-31","19205455","19205484","Legal Services Corporation","32500000.00"
"2016","2016-03-31","19205455","19205485","National Archives and Records Administration","26524031.56"
"2016","2016-03-31","19205455","19205486","National Credit Union Administration","'-92359394.66"
"2016","2016-03-31","19205455","19205487","National Endowment for the Arts","14880209.31"
"2016","2016-03-31","19205455","19205488","National Endowment for the Humanities","12065136.92"
"2016","2016-03-31","19205455","19205489","National Labor Relations Board","21485418.52"
"2016","2016-03-31","19205455","19205490","Nuclear Regulatory Commission","70649707.98"
"2016","2016-03-31","19205455","19205491","Postal Service:","null"
"2016","2016-03-31","19205491","19205492","Off-Budget:","null"
"2016","2016-03-31","19205492","19205494","Other","null"
"2016","2016-03-31","19205491","19205495","Other","null"
"2016","2015-10-31","16514380","16514511","Natural Resources Conservation Service:","null"
"2016","2015-11-30","17065364","17065371","Total--Small Business Administration","66450424.36"
"2016","2015-11-30","null","17065372","Social Security Administration:","null"
"2016","2015-11-30","17065372","17065373","Payments to Social Security Trust Funds","18120036.60"
"2016","2016-01-31","null","18095507","Department of Education:","null"
"2016","2015-12-31","17621093","17621109","Benefits Programs:","null"
"2016","2015-12-31","17621523","17621536","Office of Personnel Management:","null"
"2016","2016-03-31","19205496","19205498","Federal Payments to the Railroad Retirement Accounts","388849.32"
"2016","2016-03-31","19205496","19205499","Railroad Unemployment Insurance Trust Fund:","null"
"2016","2016-03-31","19205499","19205500","Benefit Payments","13571158.96"
"2016","2016-03-31","19205499","19205501","Transfer To Administrative Funds","1311516.00"
"2016","2016-03-31","19205496","19205503","Rail Industry Pension Fund:","null"
"2016","2016-03-31","19205503","19205504","Benefit Payments","436181809.48"
"2016","2016-03-31","19205503","19205506","OASDI Certifications","'-444602.09"
"2016","2016-03-31","19205503","19205507","Transfer to Administrative Funds","5865473.00"
"2016","2016-03-31","19205503","19205508","Other","'-21099.70"
"2016","2016-03-31","19205496","19205509","National Railroad Retirement Investment Trust:","null"
"2016","2016-03-31","19205509","19205511","Administrative Expenses","3077874.34"
"2016","2016-03-31","19205509","19205512","Transfers to the Railroad Retirement Trust Funds from the National Railroad Retirement Investment Trust","187000000.00"
"2016","2016-03-31","19205496","19205513","Railroad Social Security Equivalent Benefit Account:","null"
"2016","2016-03-31","19205513","19205514","Benefit Payments","590526158.72"
"2016","2016-03-31","19205513","19205515","Transfer To Administrative Funds","2423011.00"
"2016","2016-03-31","19205513","19205516","Other","2335195.58"
"2016","2016-03-31","19205496","19205517","Proprietary Receipts from the Public","78013465.85"
"2016","2016-03-31","19205496","19205518","Intrabudgetary Transactions:","null"
"2016","2016-03-31","19205518","19205521","Other","'-187388849.32"
"2016","2016-03-31","19205496","19205522","Total--Railroad Retirement Board","1135475899.79"
"2016","2016-03-31","19205455","19205523","Securities and Exchange Commission","'-334889549.84"
"2016","2016-03-31","19205455","19205524","Smithsonian Institution","84866555.38"
"2016","2016-03-31","19205455","19205525","Tennessee Valley Authority","'-18843843.47"
"2016","2016-03-31","19205455","19205526","Other","554756783.47"
"2016","2016-03-31","19205455","19205527","Total--Independent Agencies","'-3031428064.54"
"2016","2016-03-31","19205528","19205530","Employer Share, Employee Retirement:","null"
"2016","2016-03-31","19205530","19205532","Department of Health and Human Services:","null"
"2016","2016-03-31","19205532","19205533","Federal Hospital Insurance Trust Fund:","null"
"2016","2016-03-31","19205533","19205534","Federal Employer Contributions","'-296000000.00"
"2016","2015-10-31","16514599","16514621","Total--Department of Commerce","644334904.95"
"2016","2015-10-31","16514623","16514625","Military Personnel:","null"
"2016","2015-11-30","17065396","17065430","National Labor Relations Board","19306628.04"
"2016","2015-11-30","17065396","17065431","Nuclear Regulatory Commission","'-46299749.53"
"2016","2015-11-30","17065432","17065433","Off-Budget:","null"
"2016","2015-11-30","17065433","17065434","Public Enterprise Funds","823697964.95"
"2016","2015-11-30","17065433","17065435","Other","null"
"2016","2015-11-30","17065432","17065436","Other","41000000.00"
"2016","2016-01-31","18096695","18096701","Department of Homeland Security:","null"
"2016","2015-12-31","17620423","17620468","Intrabudgetary Transactions:","null"
"2016","2016-03-31","19205533","19205535","Postal Service Employer Contributions","'-55000000.00"
"2016","2016-03-31","19205530","19205537","Department of State:","null"
"2016","2016-03-31","19205537","19205538","Foreign Service Retirement and Disability Fund","'-37926731.93"
"2016","2016-03-31","19205530","19205540","Other Defense Civil Programs:","null"
"2016","2016-03-31","19205540","19205541","Military Retirement Fund","'-1668672845.23"
"2016","2016-03-31","19205540","19205542","Department of Defense Medicare-Eligible Retiree Health Care Fund","null"
"2016","2016-03-31","19205530","19205543","Office of Personnel Management:","null"
"2016","2016-03-31","19205543","19205545","Civil Service Retirement and Disability Fund","'-2522710857.59"
"2016","2016-03-31","19205530","19205546","Social Security Administration:","null"
"2016","2016-03-31","19205546","19205547","Federal Old-Age and Survivors Insurance Trust Fund:","null"
"2016","2016-03-31","19205547","19205548","Federal Employer Contributions","'-1176000000.00"
"2016","2016-03-31","19205546","19205550","Federal Disability Insurance Trust Fund:","null"
"2016","2016-03-31","19205550","19205551","Federal Employer Contributions","'-277000000.00"
"2016","2016-03-31","19205530","19205556","Total--Employer Share, Employee Retirement","'-6033371313.49"
"2016","2016-03-31","19205558","19205559","Judicial Survivors Annuity Fund","1539688.42"
"2016","2016-03-31","19205557","19205560","Department of Health and Human Services:","null"
"2016","2016-03-31","19205560","19205561","Federal Hospital Insurance Trust Fund","'-17338121.39"
"2016","2016-03-31","19205560","19205562","Federal Supplementary Medical Insurance Trust Fund","'-14458808.74"
"2016","2016-03-31","19205563","19205564","Oil Spill Liability Trust Fund","'-2366092.82"
"2016","2016-03-31","19205563","19205565","Other","'-807769.98"
"2016","2016-03-31","19205566","19205567","Unemployment Trust Fund","'-9795048.89"
"2016","2016-03-31","19205568","19205569","Foreign Service Retirement and Disability Fund","'-193453.00"
"2016","2016-03-31","19205557","19205570","Department of Transportation:","null"
"2016","2015-11-30","17065473","17065474","Federal Hospital Insurance Trust Fund:","null"
"2016","2015-11-30","17065474","17065475","Federal Employer Contributions","'-297000000.00"
"2016","2016-01-31","18095627","18095643","Centers for Medicare and Medicaid Services:","null"
"2016","2016-01-31","18096090","18096166","Intrabudgetary Transactions:","null"
"2016","2016-02-29","18412449","18412525","Proprietary Receipts from the Public:","null"
"2016","2016-02-29","18413163","18413209","Overseas Private Investment Corporation:","null"
"2016","2016-03-31","19205570","19205571","Airport and Airway Trust Fund","'-5730816.76"
"2016","2016-03-31","19205572","19205574","United States Government Life Insurance Fund","'-1771.24"
"2016","2016-03-31","19205557","19205575","Corps of Engineers","'-1517614.29"
"2016","2016-03-31","19205557","19205576","Other Defense Civil Programs:","null"
"2016","2016-03-31","19205576","19205577","Military Retirement Fund","'-683672411.59"
"2016","2016-03-31","19205576","19205578","Educational Benefits Fund","'-862365.82"
"2016","2016-03-31","19205576","19205579","Armed Forces Retirement Home","'-634.34"
"2016","2016-03-31","19205557","19205580","Environmental Protection Agency","'-553899.37"
"2016","2016-03-31","19205581","19205582","Civil Service Retirement and Disability Fund","'-15990246.07"
"2016","2016-03-31","19205583","19205584","Federal Old-Age and Survivors Insurance Trust Fund","'-34488334.35"
"2016","2016-03-31","19205583","19205585","Federal Disability Insurance Trust Fund","'-4993317.30"
"2016","2016-03-31","19205586","19205588","Railroad Retirement Board","'-7792399.45"
"2016","2016-03-31","19205586","19205589","Other","'-97991.58"
"2016","2016-03-31","19205557","19205590","Other","'-23538845.04"
"2016","2016-03-31","19205557","19205591","Total--Interest Received by Trust Funds","'-823700992.46"
"2016","2016-03-31","19205528","19205593","Rents and Royalties on the Outer Continental Shelf Lands","'-151954977.10"
"2016","2016-03-31","19205598","19205599","Total On-Budget","262545982298.95"
"2016","2016-03-31","19205598","19205600","Total Off-Budget","73344575401.16"
"2016","2016-03-31","null","19205601","Total Surplus (+) or Deficit (-)","'-108042730738.78"
"2016","2016-04-30","19542055","19542057","Senate","70366745.76"
"2016","2016-04-30","19542055","19542061","Joint Items","1870967.48"
"2016","2016-04-30","19542055","19542063","Capitol Police","28911386.77"
"2016","2016-04-30","19542055","19542065","Congressional Budget Office","3498598.15"
"2016","2016-04-30","19542055","19542067","Architect of the Capitol","42714921.19"
"2016","2016-04-30","19542055","19542069","Library of Congress","43841372.13"
"2016","2016-04-30","19542055","19542071","Government Printing Office","1529729.77"
"2016","2016-04-30","19542055","19542073","Government Accountability Office","42789883.22"
"2016","2016-04-30","19542055","19542077","Other Legislative Branch Agencies","5247373.11"
"2016","2016-04-30","19542055","19542079","Proprietary Receipts from the Public","'-674124.95"
"2016","2016-04-30","19542055","19542081","Intrabudgetary Transactions","'-7680.25"
"2016","2015-11-30","null","17065542","Total Surplus (+) or Deficit (-)","'-64552919578.94"
"2016","2016-03-31","19204106","19204128","Energy Programs:","null"
"2016","2016-04-30","19542055","19542083","Offsetting Governmental Receipts","'-42110.00"
"2016","2016-04-30","19542055","19542086","Total--Legislative Branch","343442688.33"
"2016","2016-04-30","19542088","19542092","Supreme Court of the United States","6373562.47"
"2016","2016-04-30","19542088","19542096","Courts of Appeals, District Courts, and Other Judicial Services","575368443.16"
"2016","2016-04-30","19542088","19542100","Other","25259535.61"
"2016","2016-04-30","19542088","19542104","Proprietary Receipts from the Public","'-14060308.93"
"2016","2016-04-30","19542088","19542108","Intrabudgetary Transactions","'-4198942.00"
"2016","2016-04-30","19542088","19542112","Total--Judicial Branch","588742290.31"
"2016","2016-04-30","19542116","19542120","Agricultural Research Service","102298305.50"
"2016","2016-04-30","19542116","19542128","National Institute of Food and Agriculture:","null"
"2016","2016-04-30","19542128","19542134","Research and Education Activities","54849701.86"
"2016","2016-04-30","19542128","19542140","Extension Activities","32251172.95"
"2016","2016-04-30","19542128","19542142","Other","7639632.68"
"2016","2016-04-30","19542116","19542152","Agricultural Marketing Service","97004605.29"
"2016","2016-04-30","19542154","19542158","Administrative and Operating Expenses","6125296.85"
"2016","2016-04-30","19542163","19542171","Agricultural Disaster Relief Fund","'-59496.68"
"2016","2016-04-30","19542163","19542173","Commodity Credit Corporation","'-673766488.34"
"2016","2016-04-30","19542163","19542179","Agricultural Credit Insurance Fund","3913012.94"
"2016","2016-04-30","19542163","19542182","Other","46010484.20"
"2016","2016-04-30","19542163","19542186","Total--Farm Service Agency","'-477902562.08"
"2016","2016-04-30","19542116","19542188","Natural Resources Conservation Service:","null"
"2016","2016-04-30","19542188","19542191","Conservation Operations","59941009.45"
"2016","2016-04-30","19542188","19542193","Farm Security and Rural Investment Programs","143064071.96"
"2016","2016-04-30","19542188","19542195","Other","14232639.70"
"2016","2016-04-30","19542116","19542197","Rural Development","49925249.72"
"2016","2016-04-30","19542199","19542201","Rural Housing Insurance Fund","'-26882773.25"
"2016","2016-04-30","19542199","19542203","Rental Assistance Program","96667976.96"
"2016","2016-04-30","19542199","19542205","Other","11695181.77"
"2016","2016-04-30","19542207","19542213","Other","21543756.09"
"2016","2016-04-30","19542116","19542215","Foreign Agricultural Service","252468300.86"
"2016","2016-04-30","19542217","19542219","Supplemental Nutrition Assistance Program","5870931952.34"
"2016","2016-04-30","19542217","19542223","Special Supplemental Nutrition Program for Women, Infants, and Children (WIC)","491195569.18"
"2016","2016-04-30","19542217","19542225","Other","32758770.34"
"2016","2016-04-30","19542217","19542227","Total--Food and Nutrition Service","8418586165.03"
"2016","2016-04-30","19542116","19542229","Forest Service:","null"
"2016","2016-04-30","19542229","19542231","National Forest System","115861161.55"
"2016","2015-10-31","16515081","16515105","National Flood Insurance Fund","'-53921261.58"
"2016","2016-01-31","18095269","18095281","Agricultural Disaster Relief Fund","'-94744.23"
"2016","2016-01-31","18095269","18095285","Commodity Credit Corporation","793238713.53"
"2016","2016-01-31","18095269","18095289","Tobacco Trust Fund","null"
"2016","2016-01-31","18095269","18095297","Other","1888468.83"
"2016","2016-01-31","null","18096398","Executive Office of the President:","null"
"2016","2016-02-29","null","18412803","Department of State:","null"
"2016","2016-04-30","19542229","19542233","Capital Improvement and Maintenance","24576885.57"
"2016","2016-04-30","19542229","19542235","Wildland Fire Management","146424857.63"
"2016","2016-04-30","19542229","19542237","Forest Service Permanent Appropriations","13462800.52"
"2016","2016-04-30","19542229","19542239","Other","41904799.15"
"2016","2016-04-30","19542229","19542241","Total--Forest Service","342230504.42"
"2016","2016-04-30","19542116","19542243","Other","43035597.76"
"2016","2016-04-30","19542116","19542245","Proprietary Receipts from the Public","'-72022557.90"
"2016","2016-04-30","19542116","19542247","Intrabudgetary Transactions","'-27315416.93"
"2016","2016-04-30","19542116","19542249","Total--Department of Agriculture","9337263682.14"
"2016","2016-04-30","19542252","19542254","Economic Development Administration","18828776.84"
"2016","2016-04-30","19542252","19542258","International Trade Administration","36697833.47"
"2016","2016-04-30","19542252","19542259","National Oceanic and Atmospheric Administration","424967407.41"
"2016","2016-04-30","19542252","19542261","National Institute of Standards and Technology","63693050.87"
"2016","2016-04-30","19542252","19542263","National Telecommunications and Information Administration","17198884.87"
"2016","2016-04-30","19542252","19542265","Other","35071273.39"
"2016","2016-04-30","19542252","19542267","Proprietary Receipts from the Public","'-19513510.75"
"2016","2016-04-30","19542252","19542268","Intrabudgetary Transactions","'-25854.95"
"2016","2016-04-30","19542252","19542270","Offsetting Governmental Receipts","'-353756.06"
"2016","2016-04-30","19542252","19542271","Total--Department of Commerce","652002766.51"
"2016","2016-04-30","null","19542273","Department of Defense--Military Programs:","null"
"2016","2016-04-30","19542274","19542276","Department of the Army","5852903051.35"
"2016","2016-04-30","19542274","19542277","Department of the Navy","4932735701.25"
"2016","2016-04-30","19542274","19542279","Department of the Air Force","3617782594.80"
"2016","2016-04-30","19542274","19542280","Defense Agencies","null"
"2016","2016-04-30","19542283","19542284","Department of the Army","5438365573.78"
"2016","2016-04-30","19542283","19542285","Department of the Navy","4543832003.73"
"2016","2016-01-31","18095398","18095400","Economic Development Administration","21274497.48"
"2016","2016-01-31","18095869","18095871","Bureau of Land Management:","null"
"2016","2016-01-31","18096457","18096471","Intrabudgetary Transactions","'-322064.88"
"2016","2015-12-31","17620298","17620336","Revolving and Management Funds:","null"
"2016","2016-03-31","19205355","19205364","Multilateral Assistance:","null"
"2016","2016-04-30","19542283","19542287","Defense Agencies","6096064636.68"
"2016","2016-04-30","19542283","19542288","Total--Operation and Maintenance","20327882557.47"
"2016","2016-04-30","19542273","19542289","International Reconstruction and Other Assistance:","null"
"2016","2016-04-30","19542289","19542290","Department of the Army","null"
"2016","2016-04-30","19542273","19542291","Procurement:","null"
"2016","2016-04-30","19542291","19542292","Department of the Army","1244546804.59"
"2016","2016-04-30","19542291","19542293","Department of the Navy","3099914193.04"
"2016","2016-04-30","19542291","19542294","Department of the Air Force","2672434692.26"
"2016","2016-04-30","19542291","19542295","Defense Agencies","459080481.13"
"2016","2016-04-30","19542291","19542296","Total--Procurement","7475976171.02"
"2016","2016-04-30","19542297","19542298","Department of the Army","671228334.19"
"2016","2016-04-30","19542297","19542299","Department of the Navy","1453638391.34"
"2016","2016-04-30","19542297","19542300","Department of the Air Force","1760309441.52"
"2016","2016-04-30","19542297","19542301","Defense Agencies","1462703347.25"
"2016","2016-04-30","19542297","19542302","Total--Research, Development, Test, and Evaluation","5347879514.30"
"2016","2016-04-30","19542303","19542304","Department of the Army","128220022.86"
"2016","2016-04-30","19542303","19542305","Department of the Navy","111869918.46"
"2016","2016-04-30","19542303","19542306","Department of the Air Force","64024063.07"
"2016","2016-04-30","19542303","19542307","Defense Agencies","234630073.34"
"2016","2016-04-30","19542303","19542308","Total--Military Construction","538744077.73"
"2016","2016-04-30","19542273","19542309","Family Housing:","null"
"2016","2016-04-30","19542309","19542310","Department of the Army","42258268.10"
"2016","2016-04-30","19542309","19542311","Department of the Navy","25246280.10"
"2016","2016-04-30","19542309","19542312","Department of the Air Force","29641768.79"
"2016","2016-04-30","19542309","19542313","Defense Agencies","3792452.51"
"2016","2016-04-30","19542314","19542316","Department of the Navy","51645859.35"
"2016","2016-04-30","19542322","19542324","Department of the Navy","1145605.49"
"2016","2016-04-30","19542322","19542325","Department of the Air Force","441285.83"
"2016","2016-04-30","19542322","19542326","Defense Agencies","11382144.57"
"2016","2016-04-30","19542327","19542328","Department of the Army","'-11885575.04"
"2016","2016-04-30","19542327","19542329","Department of the Navy","'-3359324.93"
"2016","2016-01-31","18095467","18095472","Total--Military Construction","205163446.03"
"2016","2016-01-31","18095428","18095473","Family Housing:","null"
"2016","2016-01-31","18095473","18095474","Department of the Army","29875496.73"
"2016","2016-01-31","18095935","18095959","Office of Justice Programs:","null"
"2016","2016-04-30","19542327","19542330","Department of the Air Force","'-92485209.52"
"2016","2016-04-30","19542332","19542336","Defense Agencies","'-269510116.59"
"2016","2016-04-30","19542337","19542338","Department of the Army","null"
"2016","2016-04-30","19542273","19542340","Total--Department of Defense--Military Programs","47001473252.57"
"2016","2016-04-30","null","19542341","Department of Education:","null"
"2016","2016-04-30","19542342","19542343","Accelerating Achievement and Ensuring Equity","1111043665.67"
"2016","2016-04-30","19542342","19542344","Impact Aid","53568616.24"
"2016","2016-04-30","19542342","19542345","Education Improvement Programs","316344100.71"
"2016","2016-04-30","19542342","19542346","State Fiscal Stabilization Fund, Recovery Act","null"
"2016","2016-04-30","19542342","19542347","Other","34321841.10"
"2016","2016-04-30","19542342","19542348","Total--Office of Elementary and Secondary Education","1515278223.72"
"2016","2016-04-30","19542341","19542349","Office of Innovation and Improvement","129318386.59"
"2016","2016-04-30","19542341","19542350","Office of English Language Acquisition","48245858.74"
"2016","2016-04-30","19542351","19542352","Special Education","1135821009.86"
"2016","2016-04-30","19542351","19542353","Rehabilitation Services and Disability Research","247890037.24"
"2016","2016-04-30","19542351","19542354","Special Institutions for Persons with Disabilities","28364211.23"
"2016","2016-04-30","19542341","19542355","Office of Vocational and Adult Education","138466122.67"
"2016","2016-04-30","19542356","19542357","Higher Education","166737614.00"
"2016","2016-04-30","19542356","19542358","Other","58745936.57"
"2016","2016-04-30","19542356","19542359","Total--Office of Postsecondary Education","225483550.57"
"2016","2016-04-30","19542341","19542360","Office of Federal Student Aid:","null"
"2016","2016-04-30","19542360","19542361","Student Financial Assistance","1226015196.87"
"2016","2016-04-30","19542360","19542362","Student Aid Administration","118091725.98"
"2016","2016-04-30","19542360","19542363","Federal Student Loan Reserve Fund","null"
"2016","2016-04-30","19542360","19542365","Federal Family Education Loans","'-61346292.66"
"2016","2016-04-30","19542360","19542366","Other","929253.24"
"2016","2016-04-30","19542360","19542367","Total--Office of Federal Student Aid","1283689883.43"
"2016","2016-04-30","19542341","19542368","Institute of Education Sciences","37325500.50"
"2016","2015-10-31","16515609","16515714","Proprietary Receipts from the Public","375358.52"
"2016","2015-10-31","16515722","16515728","Other","'-51022452.54"
"2016","2016-01-31","18095507","18095525","Office of English Language Acquisition","50383941.95"
"2016","2016-01-31","18095507","18095527","Office of Special Education and Rehabilitative Services:","null"
"2016","2016-01-31","18095507","18095537","Office of Postsecondary Education:","null"
"2016","2016-01-31","18096054","18096056","Administration of Foreign Affairs:","null"
"2016","2015-12-31","17621525","17621526","Federal Hospital Insurance Trust Fund:","null"
"2016","2016-02-29","18412299","18412389","Intrabudgetary Transactions:","null"
"2016","2016-03-31","null","19205431","Social Security Administration:","null"
"2016","2016-04-30","19542341","19542369","Departmental Management","44328212.78"
"2016","2016-04-30","19542341","19542371","Proprietary Receipts from the Public","55359523.42"
"2016","2016-04-30","19542341","19542372","Intrabudgetary Transactions","'-7087933.97"
"2016","2016-04-30","19542341","19542373","Total--Department of Education","4882480947.59"
"2016","2016-04-30","null","19542374","Department of Energy:","null"
"2016","2016-04-30","19542374","19542375","National Nuclear Security Administration:","null"
"2016","2016-04-30","19542375","19542376","Naval Reactors","82135217.77"
"2016","2016-04-30","19542375","19542377","Weapons Activities","858659368.59"
"2016","2016-04-30","19542375","19542378","Defense Nuclear Nonproliferation","136346300.83"
"2016","2016-04-30","19542375","19542379","Other","26099140.16"
"2016","2016-04-30","19542374","19542380","Environmental and Other Defense Activities:","null"
"2016","2016-04-30","19542380","19542381","Defense Environmental Cleanup","407123277.84"
"2016","2016-04-30","19542380","19542382","Other Defense Activities","72374808.65"
"2016","2016-04-30","19542380","19542383","Defense Nuclear Waste Disposal","87460.69"
"2016","2016-04-30","19542385","19542386","Science","437480598.91"
"2016","2016-04-30","19542385","19542387","Energy Supply","111447215.51"
"2016","2016-04-30","19542385","19542388","Energy Efficiency and Renewable Energy","129921796.26"
"2016","2016-04-30","19542385","19542389","Fossil Energy Research and Development","184154052.24"
"2016","2016-04-30","19542385","19542390","Uranium Enrichment Decontamination and Decommissioning Fund","54478878.12"
"2016","2016-04-30","19542385","19542391","Advanced Technology Vehicles Manufacturing Loan Program","735981.26"
"2016","2016-04-30","19542385","19542392","Title 17 Innovative Technology Loan Guarantee Program","5816257.28"
"2016","2016-04-30","19542385","19542393","Other","81757013.47"
"2016","2016-04-30","19542385","19542394","Total--Energy Programs","1005791793.05"
"2016","2016-04-30","19542374","19542395","Power Marketing Administration","13621582.85"
"2016","2015-10-31","16515767","16515772","Other","28483981.65"
"2016","2016-01-31","18095595","18095605","Uranium Enrichment Decontamination and Decommissioning Fund","46515674.88"
"2016","2016-01-31","18095595","18095607","Advanced Technology Vehicles Manufacturing Loan Program","270264.16"
"2016","2016-01-31","null","18095627","Department of Health and Human Services:","null"
"2016","2015-12-31","17620926","17621051","Interest on the Public Debt:","null"
"2016","2015-12-31","17621550","17621568","Corps of Engineers","'-515087.06"
"2016","2016-02-29","18412403","18412421","Federal Emergency Management Agency:","null"
"2016","2016-04-30","19542374","19542397","Proprietary Receipts from the Public","'-153238874.09"
"2016","2016-04-30","19542374","19542398","Intrabudgetary Transactions","'-122141930.91"
"2016","2016-04-30","19542374","19542399","Offsetting Governmental Receipts","'-131823.37"
"2016","2016-04-30","19542374","19542400","Total--Department of Energy","2343814029.46"
"2016","2016-04-30","19542401","19542402","Food and Drug Administration","204020939.49"
"2016","2016-04-30","19542401","19542403","Health Resources and Services Administration","812199410.91"
"2016","2016-04-30","19542401","19542404","Indian Health Service","458007912.72"
"2016","2016-04-30","19542401","19542405","Centers for Disease Control and Prevention","590548462.77"
"2016","2016-04-30","19542401","19542406","National Institutes of Health","2412725980.22"
"2016","2016-04-30","19542401","19542407","Substance Abuse and Mental Health Services Administration","279779574.52"
"2016","2016-04-30","19542401","19542408","Agency for Healthcare Research and Quality","27827220.85"
"2016","2016-04-30","19542409","19542410","Grants to States for Medicaid","30890508773.00"
"2016","2016-04-30","19542409","19542411","Payments to Health Care Trust Funds","34858542478.11"
"2016","2016-04-30","19542409","19542412","Children's Health Insurance Fund","1460319236.65"
"2016","2016-04-30","19542409","19542413","State Grants and Demonstrations","56672315.15"
"2016","2016-04-30","19542409","19542415","Federal Hospital Insurance Trust Fund:","null"
"2016","2016-04-30","19542415","19542416","Benefit Payments","29301996251.86"
"2016","2016-04-30","19542415","19542417","Administrative Expenses","1140935337.46"
"2016","2016-04-30","19542415","19542418","Total--Federal Hospital Insurance Trust Fund","30442931589.32"
"2016","2016-04-30","19542409","19542419","Health Care Fraud and Abuse Control","243002878.05"
"2016","2016-04-30","19542420","19542421","Benefit Payments","30941311321.08"
"2016","2016-04-30","19542420","19542422","Administrative Expenses","751338355.38"
"2016","2016-04-30","19542420","19542426","Total--Federal Supplementary Medical Insurance Trust Fund","45683381377.79"
"2016","2016-04-30","19542409","19542427","Other","'-524042039.03"
"2016","2016-04-30","19542409","19542428","Total--Centers for Medicare and Medicaid Services","143111316609.04"
"2016","2016-04-30","19542429","19542430","Temporary Assistance for Needy Families","1072591372.72"
"2016","2015-10-31","null","16515837","Department of Veterans Affairs:","null"
"2016","2016-01-31","18095643","18095681","Total--Centers for Medicare and Medicaid Services","107032733302.48"
"2016","2016-01-31","18095627","18095683","Administration for Children and Families:","null"
"2016","2016-01-31","18095683","18095685","Temporary Assistance for Needy Families","1339917737.36"
"2016","2015-12-31","17621093","17621143","Proprietary Receipts from the Public:","null"
"2016","2016-02-29","18412487","18412489","Credit Accounts:","null"
"2016","2016-02-29","null","18413149","General Services Administration:","null"
"2016","2016-03-31","null","19203998","Department of Defense--Military Programs:","null"
"2016","2016-04-30","19542429","19542431","Contingency Fund","63654724.84"
"2016","2016-04-30","19542429","19542432","Payments to States for Child Support Enforcement and Family Support Programs","239242550.83"
"2016","2016-04-30","19542429","19542433","Low Income Home Energy Assistance","246800235.36"
"2016","2016-04-30","19542429","19542434","Refugee and Entrant Assistance","127005889.44"
"2016","2016-04-30","19542429","19542435","Child Care Entitlement to States","257456623.59"
"2016","2016-04-30","19542429","19542436","Payments to States for the Child Care and Development Block Grant","181181960.82"
"2016","2016-04-30","19542429","19542437","Social Services Block Grant","170958847.77"
"2016","2016-04-30","19542429","19542438","Children and Families Services Programs","854873912.54"
"2016","2016-04-30","19542429","19542439","Payments to States for Foster Care and Adoption Assistance","712458343.05"
"2016","2016-04-30","19542429","19542440","Other","50451623.19"
"2016","2016-04-30","19542429","19542441","Total--Administration for Children and Families","3976676084.15"
"2016","2016-04-30","19542401","19542442","Administration for Community Living","148177379.69"
"2016","2016-04-30","19542401","19542443","Departmental Management","143285184.41"
"2016","2016-04-30","19542401","19542444","Other","10168982.41"
"2016","2016-04-30","19542401","19542445","Proprietary Receipts from the Public","'-7875553039.40"
"2016","2016-04-30","19542446","19542447","Payments for Health Insurance for the Aged:","null"
"2016","2016-04-30","19542447","19542448","Federal Supplementary Medical Insurance Trust Fund","'-23890531770.14"
"2016","2016-04-30","19542446","19542449","Payments for Tax and Other Credits:","null"
"2016","2016-04-30","19542449","19542450","Federal Hospital Insurance Trust Fund","'-10963257437.50"
"2016","2016-04-30","19542446","19542451","Other","51764986.77"
"2016","2016-04-30","19542401","19542452","Total--Department of Health and Human Services","109497156480.91"
"2016","2016-04-30","19542453","19542454","Departmental Management and Operations","87930049.98"
"2016","2016-04-30","19542453","19542455","Citizenship and Immigration Services","271720805.94"
"2016","2016-04-30","19542453","19542456","United States Secret Service","198455789.28"
"2016","2016-04-30","19542453","19542457","Transportation Security Administration","312132627.26"
"2016","2015-12-31","null","17621262","Executive Office of the President:","null"
"2016","2016-03-31","19203998","19204044","Trust Funds:","null"
"2016","2016-04-30","19542453","19542461","National Protection and Programs Directorate","116984640.08"
"2016","2016-04-30","19542462","19542463","State and Local Programs","145911849.63"
"2016","2016-04-30","19542462","19542464","Firefighter Assistance Grants","42798747.03"
"2016","2016-04-30","19542462","19542465","Disaster Relief","531974767.19"
"2016","2016-04-30","19542462","19542466","National Flood Insurance Fund","'-16578825.13"
"2016","2016-04-30","19542462","19542467","Other","100532759.83"
"2016","2016-04-30","19542462","19542468","Total--Federal Emergency Management Agency","804639298.55"
"2016","2016-04-30","19542453","19542469","Science and Technology","84374534.46"
"2016","2016-04-30","19542453","19542470","Domestic Nuclear Detection Office","15730341.17"
"2016","2016-04-30","19542453","19542471","Other","32853188.21"
"2016","2016-04-30","19542453","19542472","Proprietary Receipts from the Public","'-59494706.96"
"2016","2016-04-30","19542453","19542474","Offsetting Governmental Receipts","'-909162946.64"
"2016","2016-04-30","19542453","19542475","Total--Department of Homeland Security","3531477542.70"
"2016","2016-04-30","19542477","19542478","Tenant Based Rental Assistance","1628774901.00"
"2016","2016-04-30","19542477","19542479","Housing Certificate Fund","14683874.06"
"2016","2016-04-30","19542477","19542481","Public Housing Capital Fund","159777421.71"
"2016","2016-04-30","19542477","19542482","Public Housing Operating Fund","377492243.67"
"2016","2016-04-30","19542477","19542483","Revitalization of Severely Distressed Public Housing (Hope VI)","3603627.25"
"2016","2016-04-30","19542477","19542484","Native American Housing Block Grant","173314517.21"
"2016","2016-04-30","19542477","19542485","Other","8313531.59"
"2016","2016-04-30","19542477","19542486","Total--Public and Indian Housing Programs","2365960116.49"
"2016","2016-04-30","19542476","19542487","Community Planning and Development:","null"
"2016","2016-04-30","19542487","19542488","Housing Opportunities for Persons with AIDS","19608169.54"
"2016","2016-04-30","19542487","19542489","Community Development Fund","459766274.17"
"2016","2016-04-30","19542487","19542490","Home Investment Partnership Program","96484205.53"
"2016","2016-04-30","19542487","19542491","Neighborhood Stabilization Program","3497863.36"
"2016","2016-04-30","19542487","19542492","Homeless Assistance Grants","142519207.79"
"2016","2016-04-30","19542487","19542493","Other","5189914.83"
"2016","2016-04-30","19542487","19542494","Total--Community Planning and Development","727065635.22"
"2016","2016-04-30","19542496","19542499","FHA-Mutual Mortgage and Cooperative Housing Insurance Fund, Liquidating Account","604144.98"
"2016","2016-04-30","19542495","19542506","Housing for Persons with Disabilities","16659631.94"
"2016","2016-04-30","19542495","19542507","Other Assisted Housing Programs","15560091.10"
"2016","2016-04-30","19542495","19542508","Other","'-4967844.53"
"2016","2016-04-30","19542495","19542509","Total--Housing Programs","'-8428084266.33"
"2016","2016-01-31","18095777","18095845","Government National Mortgage Association:","null"
"2016","2015-12-31","17620069","17620204","Rural Housing Service:","null"
"2016","2015-12-31","17620616","17620680","Intrabudgetary Transactions","803951.81"
"2016","2015-12-31","17621322","17621378","Military Sales Program:","null"
"2016","2016-04-30","19542476","19542513","Other","12476130.48"
"2016","2016-04-30","19542514","19542516","FHA-General and Special Risk Fund","'-1503098700.39"
"2016","2016-04-30","19542514","19542517","Other","'-12801813.18"
"2016","2016-04-30","19542476","19542518","Intrabudgetary Transactions","1255137.02"
"2016","2016-04-30","19542476","19542519","Offsetting Governmental Receipts","'-1091200.00"
"2016","2016-04-30","19542476","19542520","Total--Department of Housing and Urban Development","'-6688631162.60"
"2016","2016-04-30","19542521","19542522","Land and Minerals Management:","null"
"2016","2016-04-30","19542523","19542524","Management of Lands and Resources","99960076.53"
"2016","2016-04-30","19542523","19542525","Other","23944843.36"
"2016","2016-04-30","19542522","19542526","Bureau of Ocean Energy Management","12563995.10"
"2016","2016-04-30","19542522","19542527","Office of Surface Mining Reclamation and Enforcement","32292408.60"
"2016","2016-04-30","19542522","19542528","Total--Land and Minerals Management","168761323.59"
"2016","2016-04-30","19542529","19542530","Bureau of Reclamation:","null"
"2016","2016-04-30","19542530","19542531","Water and Related Resources","48723826.16"
"2016","2016-04-30","19542530","19542532","Other","28663482.26"
"2016","2016-04-30","19542529","19542533","Central Utah Project","692206.54"
"2016","2016-04-30","19542529","19542534","United States Geological Survey","66560231.75"
"2016","2016-04-30","19542529","19542535","Total--Water and Science","144639746.71"
"2016","2016-04-30","19542521","19542536","Fish and Wildlife and Parks:","null"
"2016","2016-04-30","19542536","19542538","National Park Service","266561341.27"
"2016","2016-04-30","19542536","19542539","Total--Fish and Wildlife and Parks","496866164.55"
"2016","2016-04-30","19542521","19542540","Indian Affairs:","null"
"2016","2016-04-30","19542540","19542541","Bureau of Indian Affairs and Bureau of Indian Education","256195076.33"
"2016","2016-04-30","19542540","19542542","Total--Indian Affairs","256195076.33"
"2016","2016-04-30","19542543","19542545","Mineral Leasing and Associated Payments","69674280.06"
"2016","2016-04-30","19542543","19542547","Insular Affairs","29511156.59"
"2016","2016-04-30","19542543","19542548","Office of the Special Trustee for American Indians","109404028.42"
"2016","2016-04-30","19542543","19542549","Department-Wide Programs","'-15210428.01"
"2016","2016-04-30","19542543","19542550","Total--Departmental Offices","238135508.51"
"2016","2016-04-30","19542521","19542551","Other","24246249.04"
"2016","2016-04-30","19542521","19542552","Proprietary Receipts from the Public","'-371799987.20"
"2016","2016-04-30","19542521","19542553","Intrabudgetary Transactions","'-427975.65"
"2016","2016-01-31","18095911","18095921","Office of the Special Trustee for American Indians","14182552.09"
"2016","2016-01-31","18096475","18096479","Proprietary Receipts from the Public","'-1309081.68"
"2016","2015-12-31","null","17620840","Department of Transportation:","null"
"2016","2015-12-31","17621424","17621440","Proprietary Receipts from the Public:","null"
"2016","2016-03-31","19204176","19204198","Federal Supplementary Medical Insurance Trust Fund:","null"
"2016","2016-03-31","null","19205261","Corps of Engineers:","null"
"2016","2016-04-30","19542521","19542554","Total--Department of the Interior","956616105.88"
"2016","2016-04-30","19542555","19542556","General Administration","118736437.48"
"2016","2016-04-30","19542555","19542557","Legal Activities and U.S. Marshals:","null"
"2016","2016-04-30","19542557","19542558","General Legal Activities","23549353.46"
"2016","2016-04-30","19542557","19542559","United States Attorneys","153036028.31"
"2016","2016-04-30","19542557","19542560","United States Marshals Service","101212681.50"
"2016","2016-04-30","19542557","19542561","Assets Forfeiture Fund","96524877.27"
"2016","2016-04-30","19542557","19542562","Other","512712506.95"
"2016","2016-04-30","19542555","19542563","Federal Bureau of Investigation","612263061.44"
"2016","2016-04-30","19542555","19542564","Drug Enforcement Administration","171523081.51"
"2016","2016-04-30","19542555","19542565","Bureau of Alcohol, Tobacco, Firearms, and Explosives","100588197.73"
"2016","2016-04-30","19542555","19542566","Federal Prison System","517063985.90"
"2016","2016-04-30","19542567","19542568","State and Local Law Enforcement Assistance","64582957.98"
"2016","2016-04-30","19542567","19542569","Community Oriented Policing Services","18594991.90"
"2016","2016-04-30","19542567","19542570","Crime Victims Fund","85399098.27"
"2016","2016-04-30","19542567","19542571","Other","85367904.34"
"2016","2016-04-30","19542555","19542572","Other","48674493.08"
"2016","2016-01-31","18095935","18095975","Offsetting Governmental Receipts","'-41504526.70"
"2016","2015-12-31","17620340","17620342","Other","32630525.48"
"2016","2015-12-31","17621489","17621496","Rail Industry Pension Fund:","null"
"2016","2016-02-29","18412865","18412867","Highway Trust Fund:","null"
"2016","2016-03-31","19204250","19204256","Payments for Tax and Other Credits:","null"
"2016","2016-04-30","19542116","19542217","Food and Nutrition Service:","null"
"2016","2016-04-30","19542555","19542573","Proprietary Receipts from the Public","'-25505506.80"
"2016","2016-04-30","19542555","19542574","Intrabudgetary Transactions","'-3265559966.54"
"2016","2016-04-30","19542555","19542575","Offsetting Governmental Receipts","'-51042145.81"
"2016","2016-04-30","19542555","19542576","Total--Department of Justice","'-632277962.03"
"2016","2016-04-30","19542578","19542579","Training and Employment Services","264101661.78"
"2016","2016-04-30","19542578","19542580","Office of Job Corps","128039806.49"
"2016","2016-04-30","19542578","19542581","Community Service Employment for Older Americans","36327158.66"
"2016","2016-04-30","19542578","19542582","Federal Unemployment Benefits and Allowances","27409069.88"
"2016","2016-04-30","19542578","19542583","Federal Additional Unemployment Compensation Program-Recovery Act","'-963798.99"
"2016","2016-04-30","19542578","19542584","State Unemployment Insurance and Employment Service Operations","42655949.04"
"2016","2016-04-30","19542588","19542591","State Administrative Expenses","242000000.00"
"2016","2016-04-30","19542588","19542592","Federal Administrative Expenses","124142600.06"
"2016","2016-04-30","19542578","19542597","Total--Employment and Training Administration","3552451866.26"
"2016","2016-04-30","19542577","19542598","Pension Benefit Guaranty Corporation","131334135.61"
"2016","2016-04-30","19542577","19542599","Employment Standards Administration","null"
"2016","2016-04-30","19542600","19542601","Special Benefits","58819944.92"
"2016","2016-04-30","19542600","19542602","Energy Employees Occupational Illness Compensation Fund","77781812.90"
"2016","2016-04-30","19542600","19542603","Special Benefits for Disabled Coal Miners","8091946.25"
"2016","2016-04-30","19542600","19542604","Black Lung Disability Trust Fund","20096660.51"
"2016","2016-04-30","19542600","19542605","Other","16972336.43"
"2016","2016-04-30","19542577","19542606","Wage and Hour Division","'-1700487.11"
"2016","2016-04-30","19542577","19542607","Occupational Safety and Health Administration","22634577.74"
"2016","2016-04-30","19542577","19542608","Mine Safety and Health Administration","11784421.71"
"2016","2016-04-30","19542577","19542610","Bureau of Labor Statistics","42001032.90"
"2016","2016-04-30","19542577","19542612","Departmental Management","84380031.83"
"2016","2016-04-30","19542577","19542615","Proprietary Receipts from the Public","'-596265.48"
"2016","2016-01-31","18096592","18096597","District of Columbia:","null"
"2016","2016-02-29","18412315","18412337","Federal Supplementary Medical Insurance Trust Fund:","null"
"2016","2016-02-29","18412925","18412955","Alcohol and Tobacco Tax and Trade Bureau:","null"
"2016","2016-02-29","18413570","18413576","Department of Health and Human Services:","null"
"2016","2016-04-30","19542577","19542617","Intrabudgetary Transactions","'-18027987.06"
"2016","2016-04-30","19542577","19542619","Total--Department of Labor","4013896239.83"
"2016","2016-04-30","19542623","19542625","Diplomatic and Consular Programs","436572998.63"
"2016","2016-04-30","19542623","19542629","Embassy Security, Construction, and Maintenance","'-284143315.50"
"2016","2016-04-30","19542623","19542631","Payment to Foreign Service Retirement and Disability Fund","null"
"2016","2016-04-30","19542623","19542633","Foreign Service Retirement and Disability Fund","83395801.23"
"2016","2016-04-30","19542623","19542637","Total--Administration of Foreign Affairs","279357117.05"
"2016","2016-04-30","19542621","19542639","International Organizations and Conferences","62601389.88"
"2016","2016-04-30","19542621","19542641","Global Health and Child Survival","540096213.05"
"2016","2016-04-30","19542621","19542643","Migration and Refugee Assistance","207085093.71"
