"record_fiscal_year","record_date","parent_id","classification_id","classification_desc","current_month_net_rcpt_amt"
"2015","2015-09-30","null","15698023","Excise Taxes:","null"
"2015","2015-05-31","13833266","13833281","Airport and Airway Trust Fund","1123419280.66"
"2015","2015-05-31","13833266","13833289","Highway Trust Fund","2853649701.79"
"2015","2015-05-31","13833266","13833297","Total -- Excise Taxes","7402515205.58"
"2015","2015-05-31","null","13833301","Estate and Gift Taxes","1702651701.28"
"2015","2015-05-31","null","13833305","Customs Duties","2547830671.64"
"2015","2015-05-31","13833309","13833313","Deposit of Earnings, Federal Reserve System","8180135628.18"
"2015","2015-05-31","13833309","13833317","Universal Service Fund","799102895.59"
"2015","2015-05-31","null","13833330","Total -- Receipts","212385827417.69"
"2015","2015-05-31","13833330","13833337","Total -- Off-Budget","61363000000.00"
"2015","2015-07-31","14973374","14973381","Presidential Election Campaign Fund","null"
"2015","2015-07-31","14973374","14973391","Total -- Individual Income Taxes","109130070806.19"
"2015","2015-07-31","14973413","14973415","Federal Insurance Contributions Act Taxes","48298000000.00"
"2015","2015-07-31","14973413","14973424","Self-Employment Contributions Act Taxes","597000000.00"
"2015","2015-07-31","14973413","14973440","Adjustments Attributable to Prior Years","null"
"2015","2015-07-31","14973488","14973490","Federal Insurance Contributions Act Taxes","16685000000.00"
"2015","2015-05-31","13833095","13833103","Self-Employment Contributions Act Taxes","782000000.00"
"2015","2015-07-31","14973514","14973520","Rail Pension and Supplemental Annuity","280034085.07"
"2015","2015-07-31","14973514","14973522","Social Security Equivalent Account","288830496.31"
"2015","2015-07-31","14973535","14973553","Railroad Unemployment Taxes","27904987.74"
"2015","2015-07-31","14973535","14973565","Total -- Unemployment Insurance","3498206095.72"
"2015","2015-09-30","null","15697760","Individual Income Taxes","null"
"2015","2015-09-30","15697792","15697942","Railroad Retirement:","null"
"2015","2015-08-31","null","15335987","Social Insurance and Retirement Receipts:","null"
"2015","2015-08-31","null","15336182","Miscellaneous Receipts:","null"
"2015","2015-05-31","13833088","13833116","Federal Disability Insurance Trust Fund:","null"
"2015","2015-06-30","14445578","14445608","Total -- Unemployment Insurance","409104651.02"
"2015","2015-06-30","14445614","14445620","Federal Employees' Retirement--Employee Share","286748907.97"
"2015","2015-06-30","14445614","14445625","Non-Federal Employees Retirement","2380803.60"
"2015","2015-06-30","14445614","14445628","Total -- Other Retirement","289129711.57"
"2015","2015-06-30","14445399","14445631","Total -- Social Insurance and Retirement Receipts","96161172935.69"
"2015","2015-06-30","14445636","14445642","Miscellaneous Excise Taxes","2636591279.42"
"2015","2015-06-30","14445636","14445646","Airport and Airway Trust Fund","1193756000.00"
"2015","2015-06-30","14445636","14445650","Highway Trust Fund","3222426560.61"
"2015","2015-06-30","14445636","14445654","Black Lung Disability Trust Fund","47352000.00"
"2015","2015-05-31","13833088","13833137","Federal Hospital Insurance Trust Fund:","null"
"2015","2015-03-31","12662456","12662559","Unemployment Insurance:","null"
"2015","2015-03-31","12662559","12662562","Deposits by States","399648540.11"
"2015","2015-03-31","12662559","12662564","Federal Unemployment Taxes","54213378.26"
"2015","2015-06-30","null","14445369","Individual Income Taxes","null"
"2015","2015-04-30","13224349","13224361","Black Lung Disability Trust Fund","53063000.00"
"2015","2015-09-30","15697885","15697910","Receipts from Railroad Retirement Board","null"
"2015","2015-09-30","15697885","15697926","Adjustments Attributable to Prior Years","302820602.49"
"2015","2015-09-30","15697885","15697934","Total -- Federal Hospital Insurance Trust Fund","21573820602.49"
"2015","2015-09-30","15697942","15697948","Rail Pension and Supplemental Annuity","258475214.50"
"2015","2015-09-30","15697942","15697954","Social Security Equivalent Account","193700963.32"
"2015","2015-09-30","15697966","15697972","Deposits by States","169430336.90"
"2015","2015-09-30","null","15698043","Miscellaneous Receipts:","null"
"2015","2015-08-31","null","15336140","Excise Taxes:","null"
"2015","2015-06-30","14445492","14445516","Receipts from Railroad Retirement Board","564800000.00"
"2015","2015-06-30","14445492","14445532","Adjustments Attributable to Prior Years","31987826.88"
"2015","2015-06-30","14445492","14445540","Total -- Federal Hospital Insurance Trust Fund","21837787826.88"
"2015","2015-06-30","14445407","14445548","Railroad Retirement:","null"
"2015","2015-06-30","14445548","14445556","Rail Pension and Supplemental Annuity","309792345.04"
"2015","2015-06-30","14445548","14445564","Social Security Equivalent Account","'-310764303.23"
"2015","2015-06-30","14445407","14445572","Total -- Employment and General Retirement","95462938573.10"
"2015","2015-06-30","14445690","14445696","Total -- Off-Budget","73626122704.41"
"2015","2015-06-30","null","14445636","Excise Taxes:","null"
"2015","2015-08-31","15336058","15336064","Self-Employment Contributions Act Taxes","298000000.00"
"2015","2015-08-31","15336058","15336072","Adjustments Attributable to Prior Years","null"
"2015","2015-08-31","15336058","15336076","Total -- Federal Hospital Insurance Trust Fund","17579000000.00"
"2015","2015-08-31","15336078","15336082","Rail Pension and Supplemental Annuity","269349156.75"
"2015","2015-08-31","15336090","15336101","Railroad Unemployment Taxes","1243296.44"
"2015","2015-08-31","15336090","15336107","Total -- Unemployment Insurance","5386924484.66"
"2015","2015-08-31","15336112","15336117","Federal Employees' Retirement--Employee Share","316283258.20"
"2015","2015-08-31","15336182","15336198","Total -- Miscellaneous Receipts","11827314290.11"
"2015","2015-08-31","null","15336201","Total -- Receipts","210836837205.87"
"2015","2015-03-31","null","12662592","Excise Taxes:","null"
"2015","2015-06-30","14445409","14445445","Total -- Federal Old-Age and Survivors Insurance Trust Fund","62939050814.75"
"2015","2015-06-30","14445407","14445447","Federal Disability Insurance Trust Fund:","null"
"2015","2015-06-30","14445447","14445457","Federal Insurance Contributions Act Taxes","9582000000.00"
"2015","2015-06-30","14445447","14445459","Self-Employment Contributions Act Taxes","959000000.00"
"2015","2015-06-30","14445447","14445476","Adjustments Attributable to Prior Years","146071889.66"
"2015","2015-06-30","14445447","14445484","Total -- Federal Disability Insurance Trust Fund","10687071889.66"
"2015","2015-06-30","14445492","14445500","Federal Insurance Contributions Act Taxes","18265000000.00"
"2015","2015-06-30","14445492","14445508","Self-Employment Contributions Act Taxes","2976000000.00"
"2015","2015-06-30","14445399","14445578","Unemployment Insurance:","null"
"2015","2015-06-30","14445578","14445584","Deposits by States","369526134.08"
"2015","2015-06-30","14445578","14445590","Federal Unemployment Taxes","36919771.22"
"2015","2015-06-30","14445578","14445596","Railroad Unemployment Taxes","2658745.72"
"2015","2015-06-30","14445636","14445658","Total -- Excise Taxes","7100125840.03"
"2015","2015-06-30","null","14445662","Estate and Gift Taxes","1253629686.99"
"2015","2015-06-30","null","14445666","Customs Duties","2941109731.27"
"2015","2015-06-30","14445670","14445674","Deposit of Earnings, Federal Reserve System","8020899879.21"
"2015","2015-06-30","14445670","14445678","Universal Service Fund","816737288.69"
"2015","2015-06-30","null","14445670","Miscellaneous Receipts:","null"
"2015","2015-04-30","13224210","13224245","Federal Disability Insurance Trust Fund:","null"
"2015","2015-03-31","null","12662456","Social Insurance and Retirement Receipts:","null"
"2015","2015-07-31","14973402","14973571","Other Retirement:","null"
"2015","2015-07-31","14973405","14973452","Federal Disability Insurance Trust Fund:","null"
"2015","2015-03-31","null","12662451","Corporation Income Taxes","30480543171.44"
"2015","2015-03-31","12662456","12662464","Employment and General Retirement:","null"
"2015","2015-03-31","12662464","12662470","Federal Old-Age and Survivors Insurance Trust Fund:","null"
"2015","2015-03-31","12662470","12662475","Federal Insurance Contributions Act Taxes","55521000000.00"
"2015","2015-03-31","12662470","12662477","Self-Employment Contributions Act Taxes","1085000000.00"
"2015","2015-03-31","12662470","12662488","Adjustments Attributable to Prior Years","7853517699.44"
"2015","2015-03-31","12662470","12662496","Total -- Federal Old-Age and Survivors Insurance Trust Fund","64459517699.44"
"2015","2015-03-31","12662464","12662502","Federal Disability Insurance Trust Fund:","null"
"2015","2015-03-31","12662502","12662506","Federal Insurance Contributions Act Taxes","9427000000.00"
"2015","2015-03-31","12662502","12662511","Self-Employment Contributions Act Taxes","185000000.00"
"2015","2015-03-31","12662502","12662521","Adjustments Attributable to Prior Years","1333553373.99"
"2015","2015-03-31","12662502","12662523","Total -- Federal Disability Insurance Trust Fund","10945553373.99"
"2015","2015-03-31","12662464","12662527","Federal Hospital Insurance Trust Fund:","null"
"2015","2015-03-31","12662527","12662529","Federal Insurance Contributions Act Taxes","17675000000.00"
"2015","2015-03-31","12662527","12662533","Self-Employment Contributions Act Taxes","685000000.00"
"2015","2015-03-31","12662527","12662541","Adjustments Attributable to Prior Years","2386505140.29"
"2015","2015-03-31","12662527","12662545","Total -- Federal Hospital Insurance Trust Fund","20746505140.29"
"2015","2015-03-31","12662464","12662547","Railroad Retirement:","null"
"2015","2015-05-31","null","13833266","Excise Taxes:","null"
"2015","2015-04-30","null","13224349","Excise Taxes:","null"
"2015","2015-08-31","15336112","15336122","Non-Federal Employees Retirement","1963165.75"
"2015","2015-08-31","15336112","15336128","Total -- Other Retirement","318246423.95"
"2015","2015-03-31","12662547","12662551","Rail Pension and Supplemental Annuity","331069607.46"
"2015","2015-03-31","12662547","12662553","Social Security Equivalent Account","314698334.05"
"2015","2015-03-31","12662464","12662557","Total -- Employment and General Retirement","96797344155.23"
"2015","2015-03-31","12662559","12662568","Railroad Unemployment Taxes","90159.22"
"2015","2015-03-31","12662559","12662573","Total -- Unemployment Insurance","453952077.59"
"2015","2015-03-31","12662456","12662575","Other Retirement:","null"
"2015","2015-03-31","12662575","12662579","Federal Employees' Retirement--Employee Share","325790373.13"
"2015","2015-08-31","15335951","15335963","Presidential Election Campaign Fund","null"
"2015","2015-08-31","15336031","15336036","Federal Insurance Contributions Act Taxes","8494000000.00"
"2015","2015-08-31","15336031","15336042","Self-Employment Contributions Act Taxes","114000000.00"
"2015","2015-08-31","15336031","15336052","Adjustments Attributable to Prior Years","null"
"2015","2015-07-31","null","14973374","Individual Income Taxes","null"
"2015","2015-04-30","13224349","13224365","Total -- Excise Taxes","6172073108.03"
"2015","2015-04-30","null","13224367","Estate and Gift Taxes","3244856874.69"
"2015","2015-04-30","null","13224371","Customs Duties","3429774741.68"
"2015","2015-05-31","null","13833079","Corporation Income Taxes","7340255955.30"
"2015","2015-05-31","null","13833085","Social Insurance and Retirement Receipts:","null"
"2015","2015-05-31","13833085","13833088","Employment and General Retirement:","null"
"2015","2015-05-31","13833309","13833321","All Other","4923396248.23"
"2015","2015-05-31","13833309","13833326","Total -- Miscellaneous Receipts","13902634772.00"
"2015","2015-05-31","13833330","13833333","Total -- On-Budget","151022827417.69"
"2015","2015-03-31","12662592","12662594","Miscellaneous Excise Taxes","2280739856.65"
"2015","2015-03-31","12662592","12662598","Airport and Airway Trust Fund","1131366000.00"
"2015","2015-07-31","14973571","14973590","Total -- Other Retirement","348829820.03"
"2015","2015-07-31","14973402","14973596","Total -- Social Insurance and Retirement Receipts","78561900497.13"
"2015","2015-07-31","14973602","14973608","Miscellaneous Excise Taxes","2167307298.76"
"2015","2015-07-31","14973602","14973616","Airport and Airway Trust Fund","1256151739.95"
"2015","2015-07-31","14973602","14973624","Highway Trust Fund","3405643103.31"
"2015","2015-07-31","14973602","14973632","Black Lung Disability Trust Fund","49995000.00"
"2015","2015-07-31","14973602","14973639","Total -- Excise Taxes","6879097142.02"
"2015","2015-07-31","null","14973647","Estate and Gift Taxes","1310603109.10"
"2015","2015-07-31","14973695","14973705","Total -- Off-Budget","57197000000.00"
"2015","2015-09-30","15697785","15697966","Unemployment Insurance:","null"
"2015","2015-08-31","null","15335979","Corporation Income Taxes","2318735787.84"
"2015","2015-08-31","15335987","15335996","Employment and General Retirement:","null"
"2015","2015-08-31","15335996","15336004","Federal Old-Age and Survivors Insurance Trust Fund:","null"
"2015","2015-09-30","15698023","15698035","Black Lung Disability Trust Fund","52150000.00"
"2015","2015-09-30","15698023","15698037","Total -- Excise Taxes","23547313986.25"
"2015","2015-09-30","null","15698039","Estate and Gift Taxes","1544272042.63"
"2015","2015-09-30","null","15698041","Customs Duties","3197759599.10"
"2015","2015-09-30","15698043","15698047","Universal Service Fund","797052469.24"
"2015","2015-09-30","15698043","15698049","All Other","1823035323.03"
"2015","2015-09-30","15698043","15698051","Total -- Miscellaneous Receipts","12449599790.59"
"2015","2015-09-30","null","15698053","Total -- Receipts","365472839746.24"
"2015","2015-09-30","15698053","15698056","Total -- On-Budget","300234768517.73"
"2015","2015-05-31","13833060","13833077","Total -- Individual Income Taxes","85034824601.06"
"2015","2015-05-31","13833088","13833095","Federal Old-Age and Survivors Insurance Trust Fund:","null"
"2015","2015-05-31","13833095","13833099","Federal Insurance Contributions Act Taxes","51673000000.00"
"2015","2015-09-30","15697760","15697763","Withheld","null"
"2015","2015-03-31","12662437","12662443","Other","null"
"2015","2015-03-31","12662437","12662447","Total -- Individual Income Taxes","85972954750.67"
"2015","2015-03-31","12662592","12662600","Highway Trust Fund","3098917607.06"
"2015","2015-03-31","12662592","12662604","Black Lung Disability Trust Fund","48063000.00"
"2015","2015-03-31","12662592","12662606","Total -- Excise Taxes","6559086463.71"
"2015","2015-03-31","null","12662610","Estate and Gift Taxes","1642462540.87"
"2015","2015-03-31","null","12662612","Customs Duties","2626601267.83"
"2015","2015-03-31","null","12662616","Miscellaneous Receipts:","null"
"2015","2015-03-31","12662616","12662618","Deposit of Earnings, Federal Reserve System","6675692870.03"
"2015","2015-03-31","12662616","12662622","Universal Service Fund","800795163.81"
"2015","2015-03-31","12662616","12662624","All Other","1850097552.21"
"2015","2015-03-31","12662616","12662628","Total -- Miscellaneous Receipts","9326585586.05"
"2015","2015-08-31","null","15335951","Individual Income Taxes","null"
"2015","2015-05-31","13833116","13833120","Federal Insurance Contributions Act Taxes","8775000000.00"
"2015","2015-05-31","13833116","13833124","Self-Employment Contributions Act Taxes","133000000.00"
"2015","2015-05-31","13833116","13833132","Adjustments Attributable to Prior Years","null"
"2015","2015-09-30","15698053","15698059","Total -- Off-Budget","65238071228.51"
"2015","2015-07-31","null","14973395","Corporation Income Taxes","10614887794.76"
"2015","2015-07-31","null","14973402","Social Insurance and Retirement Receipts:","null"
"2015","2015-07-31","14973402","14973405","Employment and General Retirement:","null"
"2015","2015-07-31","14973405","14973413","Federal Old-Age and Survivors Insurance Trust Fund:","null"
"2015","2015-07-31","14973405","14973488","Federal Hospital Insurance Trust Fund:","null"
"2015","2015-07-31","14973488","14973496","Self-Employment Contributions Act Taxes","264000000.00"
"2015","2015-07-31","14973488","14973498","Receipts from Railroad Retirement Board","null"
"2015","2015-07-31","14973488","14973506","Adjustments Attributable to Prior Years","null"
"2015","2015-07-31","14973488","14973512","Total -- Federal Hospital Insurance Trust Fund","16949000000.00"
"2015","2015-07-31","14973571","14973584","Non-Federal Employees Retirement","1661030.13"
"2015","2015-07-31","null","14973655","Customs Duties","3601679120.24"
"2015","2015-07-31","14973663","14973671","Deposit of Earnings, Federal Reserve System","9344831025.27"
"2015","2015-07-31","14973663","14973677","Universal Service Fund","821105919.14"
"2015","2015-07-31","14973663","14973683","All Other","5229192053.83"
"2015","2015-07-31","14973663","14973689","Total -- Miscellaneous Receipts","15395128998.24"
"2015","2015-07-31","null","14973695","Total -- Receipts","225493367467.68"
"2015","2015-07-31","14973695","14973700","Total -- On-Budget","168296367467.68"
"2015","2015-06-30","14445369","14445389","Total -- Individual Income Taxes","152826774951.16"
"2015","2015-06-30","null","14445397","Corporation Income Taxes","72768021089.51"
"2015","2015-06-30","14445407","14445409","Federal Old-Age and Survivors Insurance Trust Fund:","null"
"2015","2015-06-30","14445409","14445417","Federal Insurance Contributions Act Taxes","56433000000.00"
"2015","2015-06-30","14445409","14445419","Self-Employment Contributions Act Taxes","5648000000.00"
"2015","2015-06-30","14445409","14445434","Adjustments Attributable to Prior Years","858050814.75"
"2015","2015-06-30","14445670","14445682","All Other","1044581958.23"
"2015","2015-06-30","14445670","14445686","Total -- Miscellaneous Receipts","9882219126.13"
"2015","2015-06-30","null","14445690","Total -- Receipts","342933053360.78"
"2015","2015-06-30","14445690","14445692","Total -- On-Budget","269306930656.37"
"2015","2015-03-31","12662575","12662581","Non-Federal Employees Retirement","2017517.17"
"2015","2015-03-31","12662575","12662586","Total -- Other Retirement","327807890.30"
"2015","2015-03-31","12662456","12662588","Total -- Social Insurance and Retirement Receipts","97579104123.12"
"2015","2015-03-31","null","12662630","Total -- Receipts","234187337903.69"
"2015","2015-03-31","12662630","12662633","Total -- On-Budget","158782266830.26"
"2015","2015-03-31","12662630","12662636","Total -- Off-Budget","75405071073.43"
"2015","2015-04-30","null","13224181","Individual Income Taxes","null"
"2015","2015-04-30","13224181","13224183","Withheld","null"
"2015","2015-04-30","13224181","13224189","Presidential Election Campaign Fund","null"
"2015","2015-04-30","13224181","13224192","Other","null"
"2015","2015-04-30","13224181","13224198","Total -- Individual Income Taxes","288204234916.68"
"2015","2015-04-30","null","13224202","Corporation Income Taxes","43230407684.47"
"2015","2015-04-30","null","13224206","Social Insurance and Retirement Receipts:","null"
"2015","2015-04-30","13224206","13224210","Employment and General Retirement:","null"
"2015","2015-04-30","13224210","13224213","Federal Old-Age and Survivors Insurance Trust Fund:","null"
"2015","2015-04-30","13224213","13224218","Federal Insurance Contributions Act Taxes","53616000000.00"
"2015","2015-04-30","13224213","13224222","Self-Employment Contributions Act Taxes","16301000000.00"
"2015","2015-04-30","13224213","13224233","Adjustments Attributable to Prior Years","null"
"2015","2015-04-30","13224389","13224396","Total -- Off-Budget","81790000000.00"
"2015","2015-04-30","13224210","13224305","Railroad Retirement:","null"
"2015","2015-08-31","15335987","15336134","Total -- Social Insurance and Retirement Receipts","83127397922.16"
"2015","2015-08-31","15336140","15336146","Miscellaneous Excise Taxes","3238789433.27"
"2015","2015-08-31","15336140","15336152","Airport and Airway Trust Fund","1076975237.34"
"2015","2015-08-31","15335987","15336090","Unemployment Insurance:","null"
"2015","2015-04-30","13224213","13224239","Total -- Federal Old-Age and Survivors Insurance Trust Fund","69917000000.00"
"2015","2015-04-30","13224245","13224252","Federal Insurance Contributions Act Taxes","9105000000.00"
"2015","2015-04-30","13224245","13224255","Self-Employment Contributions Act Taxes","2768000000.00"
"2015","2015-04-30","13224245","13224265","Adjustments Attributable to Prior Years","null"
"2015","2015-04-30","13224245","13224271","Total -- Federal Disability Insurance Trust Fund","11873000000.00"
"2015","2015-04-30","13224210","13224275","Federal Hospital Insurance Trust Fund:","null"
"2015","2015-04-30","13224275","13224280","Federal Insurance Contributions Act Taxes","17240000000.00"
"2015","2015-04-30","13224275","13224284","Self-Employment Contributions Act Taxes","7203000000.00"
"2015","2015-04-30","13224275","13224297","Adjustments Attributable to Prior Years","null"
"2015","2015-04-30","13224275","13224299","Total -- Federal Hospital Insurance Trust Fund","24443000000.00"
"2015","2015-04-30","13224305","13224307","Rail Pension and Supplemental Annuity","296047768.06"
"2015","2015-04-30","13224305","13224311","Social Security Equivalent Account","204206263.76"
"2015","2015-04-30","13224210","13224313","Total -- Employment and General Retirement","106733254031.82"
"2015","2015-04-30","13224206","13224317","Unemployment Insurance:","null"
"2015","2015-04-30","13224317","13224319","Deposits by States","6301699215.00"
"2015","2015-04-30","13224317","13224323","Federal Unemployment Taxes","3168899207.16"
"2015","2015-04-30","13224317","13224325","Railroad Unemployment Taxes","25235710.61"
"2015","2015-09-30","15697785","15698002","Other Retirement:","null"
"2015","2015-05-31","13833095","13833109","Adjustments Attributable to Prior Years","null"
"2015","2015-07-31","14973374","14973376","Withheld","null"
"2015","2015-07-31","null","14973663","Miscellaneous Receipts:","null"
"2015","2015-06-30","14445399","14445614","Other Retirement:","null"
"2015","2015-05-31","null","13833060","Individual Income Taxes","null"
"2015","2015-07-31","14973374","14973385","Other","null"
"2015","2015-07-31","14973413","14973442","Total -- Federal Old-Age and Survivors Insurance Trust Fund","48895000000.00"
"2015","2015-07-31","14973452","14973454","Federal Insurance Contributions Act Taxes","8201000000.00"
"2015","2015-07-31","14973452","14973464","Self-Employment Contributions Act Taxes","101000000.00"
"2015","2015-07-31","14973452","14973476","Adjustments Attributable to Prior Years","null"
"2015","2015-07-31","14973452","14973478","Total -- Federal Disability Insurance Trust Fund","8302000000.00"
"2015","2015-04-30","13224317","13224331","Total -- Unemployment Insurance","9495834132.77"
"2015","2015-04-30","13224206","13224335","Other Retirement:","null"
"2015","2015-04-30","13224335","13224337","Federal Employees' Retirement--Employee Share","298729710.27"
"2015","2015-04-30","13224335","13224341","Non-Federal Employees Retirement","1885966.63"
"2015","2015-08-31","15335996","15336058","Federal Hospital Insurance Trust Fund:","null"
"2015","2015-08-31","15336031","15336054","Total -- Federal Disability Insurance Trust Fund","8608000000.00"
"2015","2015-08-31","15336058","15336060","Federal Insurance Contributions Act Taxes","17281000000.00"
"2015","2015-08-31","15336140","15336164","Black Lung Disability Trust Fund","35488080.00"
"2015","2015-08-31","15336140","15336170","Total -- Excise Taxes","7765613610.38"
"2015","2015-08-31","15336201","15336207","Total -- Off-Budget","59300000000.00"
"2015","2015-08-31","15335951","15335968","Other","null"
"2015","2015-08-31","15335951","15335973","Total -- Individual Income Taxes","102625356891.33"
"2015","2015-08-31","15336004","15336009","Federal Insurance Contributions Act Taxes","50020000000.00"
"2015","2015-08-31","15336004","15336013","Self-Employment Contributions Act Taxes","672000000.00"
"2015","2015-08-31","15336004","15336021","Adjustments Attributable to Prior Years","null"
"2015","2015-08-31","15336004","15336026","Total -- Federal Old-Age and Survivors Insurance Trust Fund","50692000000.00"
"2015","2015-08-31","15335996","15336031","Federal Disability Insurance Trust Fund:","null"
"2015","2015-04-30","13224335","13224343","Total -- Other Retirement","300615676.90"
"2015","2015-04-30","13224206","13224347","Total -- Social Insurance and Retirement Receipts","116529703841.49"
"2015","2015-04-30","13224349","13224353","Miscellaneous Excise Taxes","1455225051.91"
"2015","2015-04-30","13224349","13224355","Airport and Airway Trust Fund","1245693150.33"
"2015","2015-04-30","13224349","13224359","Highway Trust Fund","3418091905.79"
"2015","2015-09-30","15697760","15697768","Presidential Election Campaign Fund","null"
"2015","2015-05-31","null","13833309","Miscellaneous Receipts:","null"
"2015","2015-07-31","null","14973602","Excise Taxes:","null"
"2015","2015-05-31","13833137","13833163","Adjustments Attributable to Prior Years","null"
"2015","2015-05-31","13833137","13833169","Total -- Federal Hospital Insurance Trust Fund","17053000000.00"
"2015","2015-05-31","13833088","13833175","Railroad Retirement:","null"
"2015","2015-05-31","13833175","13833181","Rail Pension and Supplemental Annuity","283222381.25"
"2015","2015-05-31","13833175","13833187","Social Security Equivalent Account","265333043.61"
"2015","2015-05-31","13833088","13833193","Total -- Employment and General Retirement","78964555424.86"
"2015","2015-05-31","13833199","13833205","Deposits by States","15089804445.85"
"2015","2015-05-31","13833199","13833211","Federal Unemployment Taxes","113883648.34"
"2015","2015-05-31","13833199","13833217","Railroad Unemployment Taxes","612881.70"
"2015","2015-05-31","13833199","13833230","Total -- Unemployment Insurance","15204300975.89"
"2015","2015-05-31","13833236","13833242","Federal Employees' Retirement--Employee Share","284628498.24"
"2015","2015-05-31","13833236","13833248","Non-Federal Employees Retirement","1629611.84"
"2015","2015-05-31","13833060","13833062","Withheld","null"
"2015","2015-07-31","14973405","14973529","Total -- Employment and General Retirement","74714864581.38"
"2015","2015-07-31","14973402","14973535","Unemployment Insurance:","null"
"2015","2015-07-31","14973535","14973541","Deposits by States","2632326765.29"
"2015","2015-07-31","14973535","14973547","Federal Unemployment Taxes","837974342.69"
"2015","2015-07-31","14973571","14973577","Federal Employees' Retirement--Employee Share","347168789.90"
"2015","2015-08-31","15335951","15335957","Withheld","null"
"2015","2015-08-31","15336078","15336084","Social Security Equivalent Account","273877856.80"
"2015","2015-08-31","15335996","15336088","Total -- Employment and General Retirement","77422227013.55"
"2015","2015-08-31","15336090","15336094","Deposits by States","5400649425.80"
"2015","2015-08-31","15336090","15336096","Federal Unemployment Taxes","'-14968237.58"
"2015","2015-06-30","14445407","14445492","Federal Hospital Insurance Trust Fund:","null"
"2015","2015-04-30","13224373","13224385","Total -- Miscellaneous Receipts","10990189623.48"
"2015","2015-04-30","null","13224389","Total -- Receipts","471801240790.52"
"2015","2015-04-30","13224389","13224394","Total -- On-Budget","390011240790.52"
"2015","2015-09-30","15697760","15697772","Other","null"
"2015","2015-09-30","15697760","15697774","Total -- Individual Income Taxes","161547155125.65"
"2015","2015-09-30","null","15697779","Corporation Income Taxes","75410705322.55"
"2015","2015-09-30","null","15697785","Social Insurance and Retirement Receipts:","null"
"2015","2015-09-30","15697785","15697792","Employment and General Retirement:","null"
"2015","2015-09-30","15697792","15697798","Federal Old-Age and Survivors Insurance Trust Fund:","null"
"2015","2015-09-30","15697798","15697804","Federal Insurance Contributions Act Taxes","50340650000.00"
"2015","2015-09-30","15697798","15697812","Self-Employment Contributions Act Taxes","6154000000.00"
"2015","2015-05-31","13833266","13833293","Black Lung Disability Trust Fund","44591975.00"
"2015","2015-08-31","15336058","15336066","Receipts from Railroad Retirement Board","null"
"2015","2015-08-31","15335996","15336078","Railroad Retirement:","null"
"2015","2015-03-31","null","12662437","Individual Income Taxes","null"
"2015","2015-03-31","12662437","12662439","Withheld","null"
"2015","2015-03-31","12662437","12662441","Presidential Election Campaign Fund","null"
"2015","2015-09-30","15697798","15697831","Total -- Federal Old-Age and Survivors Insurance Trust Fund","55764905350.03"
"2015","2015-09-30","15697792","15697838","Federal Disability Insurance Trust Fund:","null"
"2015","2015-09-30","15697838","15697845","Federal Insurance Contributions Act Taxes","8550450000.00"
"2015","2015-09-30","15697838","15697853","Self-Employment Contributions Act Taxes","1046000000.00"
"2015","2015-05-31","13833085","13833199","Unemployment Insurance:","null"
"2015","2015-08-31","15335987","15336112","Other Retirement:","null"
"2015","2015-06-30","null","14445399","Social Insurance and Retirement Receipts:","null"
"2015","2015-05-31","13833060","13833067","Presidential Election Campaign Fund","null"
"2015","2015-04-30","null","13224373","Miscellaneous Receipts:","null"
"2015","2015-04-30","13224373","13224377","Deposit of Earnings, Federal Reserve System","9171006042.96"
"2015","2015-04-30","13224373","13224379","Universal Service Fund","815655731.19"
"2015","2015-04-30","13224373","13224383","All Other","1003527849.33"
"2015","2015-09-30","15697838","15697869","Adjustments Attributable to Prior Years","'-123284121.52"
"2015","2015-09-30","15697838","15697877","Total -- Federal Disability Insurance Trust Fund","9473165878.48"
"2015","2015-09-30","15697792","15697885","Federal Hospital Insurance Trust Fund:","null"
"2015","2015-09-30","15697885","15697894","Federal Insurance Contributions Act Taxes","18308000000.00"
"2015","2015-05-31","13833085","13833236","Other Retirement:","null"
"2015","2015-07-31","14973405","14973514","Railroad Retirement:","null"
"2015","2015-06-30","14445369","14445377","Withheld","null"
"2015","2015-05-31","13833060","13833072","Other","null"
"2015","2015-08-31","15336140","15336158","Highway Trust Fund","3414360859.77"
"2015","2015-06-30","14445369","14445379","Presidential Election Campaign Fund","null"
"2015","2015-09-30","15697798","15697825","Adjustments Attributable to Prior Years","'-729744649.97"
"2015","2015-09-30","15697885","15697902","Self-Employment Contributions Act Taxes","2963000000.00"
"2015","2015-08-31","null","15336174","Estate and Gift Taxes","1264907498.23"
"2015","2015-08-31","null","15336178","Customs Duties","1907511205.82"
"2015","2015-08-31","15336182","15336186","Deposit of Earnings, Federal Reserve System","8462367176.98"
"2015","2015-08-31","15336182","15336190","Universal Service Fund","803247382.54"
"2015","2015-08-31","15336182","15336194","All Other","2561699730.59"
"2015","2015-08-31","15336201","15336204","Total -- On-Budget","151536837205.87"
"2015","2015-09-30","15697792","15697960","Total -- Employment and General Retirement","87264068008.82"
"2015","2015-06-30","14445399","14445407","Employment and General Retirement:","null"
"2015","2015-09-30","15697966","15697978","Federal Unemployment Taxes","38530855.28"
"2015","2015-09-30","15697966","15697984","Railroad Unemployment Taxes","40945.45"
"2015","2015-06-30","14445369","14445387","Other","null"
"2015","2015-09-30","15697966","15697996","Total -- Unemployment Insurance","208002137.63"
"2015","2015-09-30","15698002","15698009","Federal Employees' Retirement--Employee Share","301867546.01"
"2015","2015-09-30","15698002","15698015","Non-Federal Employees Retirement","2096187.01"
"2015","2015-09-30","15698002","15698019","Total -- Other Retirement","303963733.02"
"2015","2015-09-30","15697785","15698021","Total -- Social Insurance and Retirement Receipts","87776033879.47"
"2015","2015-09-30","15698023","15698026","Miscellaneous Excise Taxes","18587890112.99"
"2015","2015-09-30","15698023","15698029","Airport and Airway Trust Fund","1208038879.76"
"2015","2015-09-30","15698023","15698032","Highway Trust Fund","3699234993.50"
"2015","2015-09-30","15698043","15698045","Deposit of Earnings, Federal Reserve System","9829511998.32"
"2015","2015-05-31","13833095","13833111","Total -- Federal Old-Age and Survivors Insurance Trust Fund","52455000000.00"
"2015","2015-05-31","13833116","13833135","Total -- Federal Disability Insurance Trust Fund","8908000000.00"
"2015","2015-05-31","13833137","13833142","Federal Insurance Contributions Act Taxes","16707000000.00"
"2015","2015-05-31","13833137","13833147","Self-Employment Contributions Act Taxes","346000000.00"
"2015","2015-05-31","13833236","13833254","Total -- Other Retirement","286258110.08"
"2015","2015-05-31","13833085","13833259","Total -- Social Insurance and Retirement Receipts","94455114510.83"
"2015","2015-05-31","13833266","13833273","Miscellaneous Excise Taxes","3380854248.13"
"2016","2016-03-31","19203723","19203767","Federal Hospital Insurance Trust Fund:","null"
"2016","2015-12-31","17620070","17620074","Self-Employment Contributions Act Taxes","234000000.00"
"2016","2015-12-31","17620070","17620087","Total -- Federal Hospital Insurance Trust Fund","20033703842.00"
"2016","2015-12-31","17620105","17620120","Total -- Unemployment Insurance","343336811.25"
"2016","2015-12-31","17620126","17620128","Federal Employees' Retirement--Employee Share","367641371.04"
"2016","2015-12-31","17620126","17620133","Non-Federal Employees Retirement","2454413.55"
"2016","2015-12-31","17620126","17620135","Total -- Other Retirement","370095784.59"
"2016","2016-01-31","null","18095133","Individual Income Taxes","null"
"2016","2016-04-30","19541985","19541988","Self-Employment Contributions Act Taxes","6828000000.00"
"2016","2016-01-31","18095218","18095252","Adjustments Attributable to Prior Years","null"
"2016","2016-01-31","18095218","18095260","Total -- Federal Disability Insurance Trust Fund","13611000000.00"
"2016","2016-01-31","18095161","18095267","Federal Hospital Insurance Trust Fund:","null"
"2016","2016-01-31","18095267","18095275","Federal Insurance Contributions Act Taxes","19487000000.00"
"2016","2016-01-31","18095267","18095283","Self-Employment Contributions Act Taxes","2942000000.00"
"2016","2016-01-31","18095267","18095305","Adjustments Attributable to Prior Years","null"
"2016","2016-01-31","18095267","18095311","Total -- Federal Hospital Insurance Trust Fund","22429000000.00"
"2016","2016-01-31","18095317","18095323","Rail Pension and Supplemental Annuity","251260377.07"
"2016","2016-01-31","18095317","18095329","Social Security Equivalent Account","200219748.70"
"2016","2016-02-29","null","18411939","Excise Taxes:","null"
"2016","2016-09-30","22473734","22473737","Withheld","null"
"2016","2015-11-30","null","17063791","Excise Taxes:","null"
"2016","2016-03-31","19203721","19203895","Total -- Social Insurance and Retirement Receipts","94737817599.20"
"2016","2016-03-31","19203901","19203907","Miscellaneous Excise Taxes","2127625118.47"
"2016","2016-03-31","19203901","19203913","Airport and Airway Trust Fund","1176789000.00"
"2016","2016-03-31","19203901","19203919","Highway Trust Fund","3248877182.12"
"2016","2016-03-31","19203901","19203925","Black Lung Disability Trust Fund","46214000.00"
"2016","2016-03-31","19203901","19203931","Total -- Excise Taxes","6599505300.59"
"2016","2016-03-31","null","19203937","Estate and Gift Taxes","1600978378.62"
"2016","2015-10-31","16514291","16514432","Unemployment Insurance:","null"
"2016","2016-04-30","19541963","19541994","Railroad Retirement:","null"
"2016","2016-08-31","21830826","21830856","Federal Disability Insurance Trust Fund:","null"
"2016","2016-03-31","19203721","19203865","Other Retirement:","null"
"2016","2016-07-31","21287094","21287111","Receipts from Railroad Retirement Board","null"
"2016","2016-07-31","21287094","21287123","Adjustments Attributable to Prior Years-FICA","null"
"2016","2016-07-31","21287094","21287129","Adjustments Attributable to Prior Years-SECA","null"
"2016","2016-07-31","21287094","21287135","Total -- Federal Hospital Insurance Trust Fund","18208000000.00"
"2016","2016-07-31","null","21287271","Estate and Gift Taxes","1570666287.69"
"2016","2016-08-31","null","21830800","Individual Income Taxes","null"
"2016","2016-08-31","21830800","21830804","Withheld","null"
"2016","2016-08-31","21830800","21830810","Presidential Election Campaign Fund","null"
"2016","2016-08-31","21830800","21830812","Other","null"
"2016","2015-12-31","17620175","17620189","Total -- Miscellaneous Receipts","33545931168.40"
"2016","2016-01-31","null","18095155","Social Insurance and Retirement Receipts:","null"
"2016","2016-01-31","18095155","18095161","Employment and General Retirement:","null"
"2016","2016-01-31","18095161","18095167","Federal Old-Age and Survivors Insurance Trust Fund:","null"
"2016","2016-01-31","18095167","18095175","Federal Insurance Contributions Act Taxes","56075000000.00"
"2016","2016-01-31","18095167","18095184","Self-Employment Contributions Act Taxes","6632000000.00"
"2016","2016-01-31","18095161","18095218","Federal Disability Insurance Trust Fund:","null"
"2016","2015-11-30","null","17063821","Miscellaneous Receipts:","null"
"2016","2016-05-31","20140773","20140797","Black Lung Disability Trust Fund","3921664.00"
"2016","2016-05-31","20140773","20140803","Total -- Excise Taxes","6805262454.27"
"2016","2016-05-31","null","20140809","Estate and Gift Taxes","1492406312.87"
"2016","2016-05-31","null","20140815","Customs Duties","2427390775.19"
"2016","2016-05-31","20140821","20140827","Deposit of Earnings, Federal Reserve System","7633675898.97"
"2016","2016-04-30","19541953","19541954","Withheld","null"
"2016","2015-10-31","16514432","16514450","Railroad Unemployment Taxes","27636770.26"
"2016","2015-10-31","16514432","16514462","Total -- Unemployment Insurance","2155528736.21"
"2016","2015-10-31","16514468","16514474","Federal Employees' Retirement--Employee Share","309234943.23"
"2016","2015-10-31","16514468","16514481","Non-Federal Employees Retirement","1627011.16"
"2016","2016-01-31","18095155","18095377","Other Retirement:","null"
"2016","2015-12-31","17620143","17620157","Highway Trust Fund","3337265696.04"
"2016","2015-12-31","17620143","17620159","Black Lung Disability Trust Fund","49341000.00"
"2016","2016-03-31","19203728","19203753","Total -- Federal Old-Age and Survivors Insurance Trust Fund","59498849786.45"
"2016","2016-07-31","21287054","21287058","Employment and General Retirement:","null"
"2016","2016-06-30","null","20514924","Social Insurance and Retirement Receipts:","null"
"2016","2016-08-31","21830963","21830985","Total -- Excise Taxes","7448446835.10"
"2016","2016-08-31","null","21830987","Estate and Gift Taxes","1761594683.76"
"2016","2016-08-31","21830995","21831008","Total -- Miscellaneous Receipts","13885665579.23"
"2016","2016-08-31","null","21831012","Total -- Receipts","231326812093.57"
"2016","2016-08-31","21831012","21831017","Total -- On-Budget","168496812093.57"
"2016","2016-08-31","21831012","21831022","Total -- Off-Budget","62830000000.00"
"2016","2016-09-30","22473734","22473741","Presidential Election Campaign Fund","null"
"2016","2016-09-30","22473734","22473744","Other","null"
"2016","2016-09-30","22473734","22473748","Total -- Individual Income Taxes","159628119536.81"
"2016","2016-09-30","null","22473752","Corporation Income Taxes","66491864753.72"
"2016","2016-09-30","null","22473755","Social Insurance and Retirement Receipts:","null"
"2016","2016-09-30","22473946","22473954","Universal Service Fund","836468548.31"
"2016","2016-03-31","19203702","19203706","Withheld","null"
"2016","2015-11-30","17063652","17063658","Presidential Election Campaign Fund","null"
"2016","2015-11-30","17063652","17063660","Other","null"
"2016","2015-11-30","17063652","17063664","Total -- Individual Income Taxes","93615263624.22"
"2016","2015-11-30","null","17063666","Corporation Income Taxes","3672591699.75"
"2016","2015-11-30","null","17063669","Social Insurance and Retirement Receipts:","null"
"2016","2015-11-30","17063669","17063671","Employment and General Retirement:","null"
"2016","2016-06-30","20514975","20514977","Federal Insurance Contributions Act Taxes","19321000000.00"
"2016","2016-06-30","20514975","20514985","Adjustments Attributable to Prior Years-FICA","2557170146.98"
"2016","2016-06-30","20514975","20514987","Adjustments Attributable to Prior Years-SECA","2004233.96"
"2016","2016-06-30","20514999","20515003","Federal Unemployment Taxes","'-26735880.63"
"2016","2016-06-30","20514999","20515005","Railroad Unemployment Taxes","34245.15"
"2016","2015-12-31","null","17620193","Total -- Receipts","349630712796.40"
"2016","2015-12-31","17620193","17620198","Total -- On-Budget","292238827066.97"
"2016","2016-01-31","null","18095149","Corporation Income Taxes","7194102665.98"
"2016","2016-01-31","18095167","18095209","Total -- Federal Old-Age and Survivors Insurance Trust Fund","62707000000.00"
"2016","2016-01-31","18095167","18095201","Adjustments Attributable to Prior Years","null"
"2016","2016-01-31","null","18095419","Miscellaneous Receipts:","null"
"2016","2016-09-30","22473946","22473956","All Other","2726193380.16"
"2016","2016-09-30","22473946","22473962","Total -- Miscellaneous Receipts","9941868611.13"
"2016","2016-01-31","null","18095439","Total -- Receipts","313578981081.18"
"2016","2016-01-31","18095439","18095442","Total -- On-Budget","237260981081.18"
"2016","2016-01-31","18095439","18095445","Total -- Off-Budget","76318000000.00"
"2016","2016-02-29","18411730","18411732","Withheld","null"
"2016","2016-02-29","18411730","18411734","Presidential Election Campaign Fund","null"
"2016","2016-02-29","18411730","18411741","Total -- Individual Income Taxes","64731522330.69"
"2016","2016-02-29","null","18411744","Corporation Income Taxes","'-3457123903.47"
"2016","2016-02-29","null","18411748","Social Insurance and Retirement Receipts:","null"
"2016","2016-02-29","18411753","18411758","Federal Old-Age and Survivors Insurance Trust Fund:","null"
"2016","2016-02-29","18411758","18411763","Federal Insurance Contributions Act Taxes","49202000000.00"
"2016","2016-02-29","18411758","18411768","Self-Employment Contributions Act Taxes","366000000.00"
"2016","2016-02-29","18411758","18411776","Adjustments Attributable to Prior Years","null"
"2016","2016-02-29","18411758","18411780","Total -- Federal Old-Age and Survivors Insurance Trust Fund","49568000000.00"
"2016","2016-05-31","null","20140509","Individual Income Taxes","null"
"2016","2016-04-30","19541985","19541993","Total -- Federal Hospital Insurance Trust Fund","25030000000.00"
"2016","2016-06-30","null","20515063","Miscellaneous Receipts:","null"
"2016","2016-08-31","21830879","21830888","Receipts from Railroad Retirement Board","null"
"2016","2016-08-31","21830879","21830896","Adjustments Attributable to Prior Years-FICA","null"
"2016","2016-08-31","21830879","21830902","Adjustments Attributable to Prior Years-SECA","null"
"2016","2016-08-31","21830923","21830925","Deposits by States","6169535488.58"
"2016","2016-08-31","21830923","21830929","Federal Unemployment Taxes","557276556.39"
"2016","2016-08-31","21830923","21830931","Railroad Unemployment Taxes","3717766.95"
"2016","2016-07-31","null","21287248","Excise Taxes:","null"
"2016","2016-08-31","21830824","21830923","Unemployment Insurance:","null"
"2016","2016-09-30","22473762","22473776","Adjustments Attributable to Prior Years-FICA","8209118.81"
"2016","2016-09-30","22473758","22473787","Federal Disability Insurance Trust Fund:","null"
"2016","2015-10-31","16514268","16514271","Withheld","null"
"2016","2016-09-30","22473819","22473843","Adjustments Attributable to Prior Years-FICA","36203316.15"
"2016","2016-09-30","22473819","22473845","Adjustments Attributable to Prior Years-SECA","'-824647.71"
"2016","2016-09-30","22473758","22473866","Total -- Employment and General Retirement","92481433022.30"
"2016","2016-09-30","22473868","22473874","Deposits by States","470786006.10"
"2016","2016-09-30","22473868","22473876","Federal Unemployment Taxes","15785981.04"
"2016","2016-09-30","22473868","22473882","Railroad Unemployment Taxes","104515.08"
"2016","2016-09-30","22473868","22473890","Total -- Unemployment Insurance","486676502.22"
"2016","2016-09-30","22473892","22473898","Federal Employees' Retirement--Employee Share","314263933.06"
"2016","2016-09-30","22473892","22473900","Non-Federal Employees Retirement","2995419.27"
"2016","2016-09-30","22473892","22473906","Total -- Other Retirement","317259352.33"
"2016","2016-09-30","22473755","22473908","Total -- Social Insurance and Retirement Receipts","93285368876.85"
"2016","2016-03-31","19203767","19203783","Adjustments Attributable to Prior Years","1535089280.59"
"2016","2016-03-31","19203767","19203787","Total -- Federal Hospital Insurance Trust Fund","20197089280.59"
"2016","2016-03-31","19203793","19203799","Rail Pension and Supplemental Annuity","305449326.41"
"2016","2016-03-31","19203793","19203805","Social Security Equivalent Account","221643526.88"
"2016","2016-03-31","19203723","19203811","Total -- Employment and General Retirement","93937576847.25"
"2016","2016-03-31","null","19203949","Miscellaneous Receipts:","null"
"2016","2016-03-31","19203949","19203954","Deposit of Earnings, Federal Reserve System","9556815051.68"
"2016","2016-03-31","19203949","19203961","All Other","1193427031.67"
"2016","2016-03-31","19203965","19203967","Total -- On-Budget","154634432247.96"
"2016","2016-05-31","20140546","20140552","Employment and General Retirement:","null"
"2016","2016-05-31","20140552","20140558","Federal Old-Age and Survivors Insurance Trust Fund:","null"
"2016","2015-12-31","17620070","17620084","Adjustments Attributable to Prior Years","'-2054296158.00"
"2016","2016-08-31","21830909","21830911","Rail Pension and Supplemental Annuity","282128845.99"
"2016","2016-08-31","21830909","21830917","Social Security Equivalent Account","261797053.45"
"2016","2016-08-31","21830826","21830919","Total -- Employment and General Retirement","82094925899.44"
"2016","2016-08-31","21830923","21830939","Total -- Unemployment Insurance","6730529811.92"
"2016","2016-08-31","21830945","21830955","Total -- Other Retirement","358483983.41"
"2016","2016-08-31","21830824","21830961","Total -- Social Insurance and Retirement Receipts","89183939694.77"
"2016","2016-08-31","21830963","21830969","Miscellaneous Excise Taxes","3187135120.23"
"2016","2016-08-31","21830963","21830971","Airport and Airway Trust Fund","1045351387.68"
"2016","2016-08-31","21830963","21830977","Highway Trust Fund","3214226661.19"
"2016","2016-08-31","21830963","21830979","Black Lung Disability Trust Fund","1733666.00"
"2016","2016-09-30","22473914","22473922","Airport and Airway Trust Fund","2035302660.08"
"2016","2016-09-30","22473914","22473924","Highway Trust Fund","6327224966.90"
"2016","2016-09-30","22473914","22473930","Black Lung Disability Trust Fund","78377000.00"
"2016","2016-09-30","22473755","22473758","Employment and General Retirement:","null"
"2016","2016-09-30","22473758","22473762","Federal Old-Age and Survivors Insurance Trust Fund:","null"
"2016","2016-09-30","22473762","22473766","Federal Insurance Contributions Act Taxes","50282145000.00"
"2016","2016-09-30","22473762","22473769","Self-Employment Contributions Act Taxes","5822000000.00"
"2016","2016-09-30","22473914","22473916","Miscellaneous Excise Taxes","14124823865.52"
"2016","2016-09-30","null","22473940","Customs Duties","3145416008.45"
"2016","2016-09-30","22473946","22473948","Deposit of Earnings, Federal Reserve System","6379206682.66"
"2016","2016-09-30","null","22473964","Total -- Receipts","356537365203.80"
"2016","2015-10-31","16514555","16514558","Total -- On-Budget","155934245388.74"
"2016","2015-10-31","16514555","16514561","Total -- Off-Budget","55112000000.00"
"2016","2015-11-30","17063671","17063695","Federal Disability Insurance Trust Fund:","null"
"2016","2015-12-31","17620029","17620034","Presidential Election Campaign Fund","null"
"2016","2016-01-31","18095218","18095228","Federal Insurance Contributions Act Taxes","12484000000.00"
"2016","2016-01-31","18095218","18095236","Self-Employment Contributions Act Taxes","1127000000.00"
"2016","2016-01-31","18095161","18095335","Total -- Employment and General Retirement","99198480125.77"
"2016","2016-01-31","18095155","18095341","Unemployment Insurance:","null"
"2016","2016-02-29","18411910","18411929","Total -- Other Retirement","329488136.48"
"2016","2016-02-29","18411748","18411935","Total -- Social Insurance and Retirement Receipts","85448698296.30"
"2016","2016-03-31","19203965","19203970","Total -- Off-Budget","73213394713.37"
"2016","2016-05-31","20140509","20140517","Presidential Election Campaign Fund","null"
"2016","2016-05-31","20140509","20140525","Other","null"
"2016","2016-05-31","20140509","20140532","Total -- Individual Income Taxes","96956137895.22"
"2016","2016-05-31","20140696","20140702","Deposits by States","15408929852.43"
"2016","2016-05-31","20140696","20140708","Federal Unemployment Taxes","2375372119.77"
"2016","2016-05-31","20140851","20140856","Total -- On-Budget","160263431396.44"
"2016","2016-04-30","19541965","19541968","Self-Employment Contributions Act Taxes","15403000000.00"
"2016","2016-04-30","19541965","19541971","Adjustments Attributable to Prior Years","null"
"2016","2016-04-30","19541965","19541972","Total -- Federal Old-Age and Survivors Insurance Trust Fund","68591000000.00"
"2016","2016-03-31","19203702","19203709","Presidential Election Campaign Fund","null"
"2016","2016-04-30","19541974","19541976","Federal Insurance Contributions Act Taxes","12568000000.00"
"2016","2016-04-30","19541974","19541978","Self-Employment Contributions Act Taxes","2853000000.00"
"2016","2016-04-30","19541974","19541981","Adjustments Attributable to Prior Years","null"
"2016","2016-04-30","19541974","19541983","Total -- Federal Disability Insurance Trust Fund","15421000000.00"
"2016","2016-07-31","21287030","21287033","Withheld","null"
"2016","2016-03-31","19203817","19203857","Total -- Unemployment Insurance","467426079.78"
"2016","2016-03-31","19203865","19203873","Federal Employees' Retirement--Employee Share","330584688.84"
"2016","2016-03-31","19203865","19203881","Non-Federal Employees Retirement","2229983.33"
"2016","2016-03-31","19203865","19203889","Total -- Other Retirement","332814672.17"
"2016","2016-03-31","19203949","19203959","Universal Service Fund","871393541.69"
"2016","2016-04-30","19542017","19542020","Universal Service Fund","831267882.76"
"2016","2016-04-30","19542017","19542022","All Other","1049407549.52"
"2016","2016-04-30","19542017","19542023","Total -- Miscellaneous Receipts","9399914104.02"
"2016","2016-04-30","null","19542025","Total -- Receipts","438432344434.53"
"2016","2016-04-30","19542025","19542029","Total -- Off-Budget","84012000000.00"
"2016","2016-06-30","20514926","20514930","Federal Old-Age and Survivors Insurance Trust Fund:","null"
"2016","2016-06-30","20514930","20514935","Federal Insurance Contributions Act Taxes","56103000000.00"
"2016","2016-06-30","20514930","20514939","Self-Employment Contributions Act Taxes","5141000000.00"
"2016","2016-06-30","20514930","20514945","Adjustments Attributable to Prior Years-FICA","8275789673.63"
"2016","2016-08-31","21830856","21830870","Adjustments Attributable to Prior Years-FICA","null"
"2016","2016-08-31","21830856","21830872","Adjustments Attributable to Prior Years-SECA","null"
"2016","2016-09-30","22473762","22473780","Adjustments Attrbutable to Prior Years-SECA","'-1150017.73"
"2016","2016-09-30","22473762","22473783","Total -- Federal Old-Age and Survivors Insurance Trust Fund","56111204101.08"
"2016","2016-09-30","22473787","22473790","Federal Insurance Contributions Act Taxes","12064685000.00"
"2016","2016-09-30","22473787","22473795","Self-Employment Contributions Act Taxes","1338000000.00"
"2016","2016-09-30","22473787","22473806","Adjustments Attributable to Prior Years-FICA","1368422.03"
"2016","2016-09-30","22473787","22473809","Adjustments Attributable to Prior Years-SECA","'-209705.66"
"2016","2016-09-30","22473787","22473815","Total -- Federal Disability Insurance Trust Fund","13403843716.37"
"2016","2016-09-30","22473819","22473825","Federal Insurance Contributions Act Taxes","19552000000.00"
"2016","2015-12-31","null","17620029","Individual Income Taxes","null"
"2016","2015-12-31","17620143","17620151","Airport and Airway Trust Fund","1117017000.00"
"2016","2016-03-31","19203817","19203825","Deposits by States","425156179.58"
"2016","2016-03-31","19203817","19203833","Federal Unemployment Taxes","42234686.17"
"2016","2016-03-31","19203817","19203841","Railroad Unemployment Taxes","35214.03"
"2016","2015-11-30","17063669","17063749","Unemployment Insurance:","null"
"2016","2016-05-31","20140558","20140590","Total -- Federal Old-Age and Survivors Insurance Trust Fund","52070000000.00"
"2016","2016-05-31","20140552","20140596","Federal Disability Insurance Trust Fund:","null"
"2016","2016-05-31","20140552","20140630","Federal Hospital Insurance Trust Fund:","null"
"2016","2016-04-30","null","19541962","Social Insurance and Retirement Receipts:","null"
"2016","2016-04-30","null","19542017","Miscellaneous Receipts:","null"
"2016","2016-06-30","null","20515023","Excise Taxes:","null"
"2016","2015-12-31","null","17620167","Estate and Gift Taxes","2188066400.42"
"2016","2015-12-31","null","17620173","Customs Duties","2890670115.49"
"2016","2015-10-31","16514293","16514298","Federal Old-Age and Survivors Insurance Trust Fund:","null"
"2016","2016-04-30","19541985","19541987","Federal Insurance Contributions Act Taxes","18202000000.00"
"2016","2016-04-30","19541985","19541992","Adjustments Attributable to Prior Years","null"
"2016","2016-04-30","19541994","19541995","Rail Pension and Supplemental Annuity","258478389.49"
"2016","2016-04-30","19541998","19541999","Deposits by States","4444839937.32"
"2016","2016-04-30","19541998","19542000","Federal Unemployment Taxes","952168888.80"
"2016","2016-04-30","19541998","19542001","Railroad Unemployment Taxes","28645162.69"
"2016","2016-04-30","19541998","19542003","Total -- Unemployment Insurance","5425653988.81"
"2016","2016-04-30","19542004","19542005","Federal Employees' Retirement--Employee Share","302592771.58"
"2016","2016-04-30","19542009","19542014","Total -- Excise Taxes","5987340116.17"
"2016","2016-04-30","19542025","19542027","Total -- On-Budget","354420344434.53"
"2016","2016-06-30","20514912","20514916","Presidential Election Campaign Fund","null"
"2016","2016-06-30","20514912","20514918","Other","null"
"2016","2016-06-30","20514912","20514920","Total -- Individual Income Taxes","133827791454.47"
"2016","2016-06-30","null","20514922","Corporation Income Taxes","61272148426.66"
"2016","2016-06-30","20514930","20514947","Adjustments Attrbutable to Prior Years-SECA","21954887.17"
"2016","2016-06-30","20514930","20514952","Total -- Federal Old-Age and Survivors Insurance Trust Fund","69541744560.80"
"2016","2016-06-30","20514926","20514956","Federal Disability Insurance Trust Fund:","null"
"2016","2016-06-30","20514956","20514958","Federal Insurance Contributions Act Taxes","13257000000.00"
"2016","2016-06-30","20514926","20514975","Federal Hospital Insurance Trust Fund:","null"
"2016","2015-10-31","null","16514268","Individual Income Taxes","null"
"2016","2015-10-31","16514268","16514276","Presidential Election Campaign Fund","null"
"2016","2015-10-31","16514268","16514281","Other","null"
"2016","2015-10-31","null","16514291","Social Insurance and Retirement Receipts:","null"
"2016","2015-10-31","16514365","16514401","Total -- Federal Hospital Insurance Trust Fund","18811000000.00"
"2016","2015-10-31","16514407","16514413","Rail Pension and Supplemental Annuity","220156634.56"
"2016","2015-10-31","16514407","16514419","Social Security Equivalent Account","238642112.90"
"2016","2015-10-31","null","16514535","Miscellaneous Receipts:","null"
"2016","2015-11-30","17063671","17063675","Federal Old-Age and Survivors Insurance Trust Fund:","null"
"2016","2015-11-30","17063675","17063677","Federal Insurance Contributions Act Taxes","50759000000.00"
"2016","2015-11-30","17063671","17063712","Federal Hospital Insurance Trust Fund:","null"
"2016","2015-11-30","17063712","17063731","Total -- Federal Hospital Insurance Trust Fund","20461000000.00"
"2016","2015-11-30","17063671","17063735","Railroad Retirement:","null"
"2016","2015-11-30","17063735","17063737","Rail Pension and Supplemental Annuity","221469197.41"
"2016","2015-11-30","17063735","17063741","Social Security Equivalent Account","231764460.22"
"2016","2015-11-30","17063671","17063743","Total -- Employment and General Retirement","80442233657.63"
"2016","2015-11-30","17063749","17063751","Deposits by States","4418385413.70"
"2016","2015-11-30","17063749","17063757","Federal Unemployment Taxes","410403073.07"
"2016","2015-11-30","17063749","17063759","Railroad Unemployment Taxes","919182.91"
"2016","2015-11-30","17063749","17063767","Total -- Unemployment Insurance","4829707669.68"
"2016","2015-11-30","17063773","17063775","Federal Employees' Retirement--Employee Share","294376282.93"
"2016","2015-11-30","17063773","17063781","Non-Federal Employees Retirement","2142015.91"
"2016","2015-11-30","17063773","17063783","Total -- Other Retirement","296518298.84"
"2016","2015-12-31","17620042","17620105","Unemployment Insurance:","null"
"2016","2016-02-29","18411939","18411947","Black Lung Disability Trust Fund","37595043.00"
"2016","2016-02-29","18411939","18411949","Total -- Excise Taxes","6661437302.00"
"2016","2016-03-31","null","19203943","Customs Duties","2873248637.65"
"2016","2016-01-31","18095161","18095317","Railroad Retirement:","null"
"2016","2016-03-31","19203949","19203963","Total -- Miscellaneous Receipts","11621635625.04"
"2016","2016-03-31","null","19203965","Total -- Receipts","227847826961.33"
"2016","2016-04-30","19541962","19542004","Other Retirement:","null"
"2016","2016-07-31","21287058","21287142","Railroad Retirement:","null"
"2016","2016-05-31","20140552","20140672","Railroad Retirement:","null"
"2016","2016-08-31","21830800","21830817","Total -- Individual Income Taxes","114956641600.50"
"2016","2016-08-31","null","21830819","Corporation Income Taxes","1137375453.21"
"2016","2015-12-31","17620042","17620126","Other Retirement:","null"
"2016","2016-04-30","null","19542015","Estate and Gift Taxes","3148284226.15"
"2016","2016-04-30","null","19542016","Customs Duties","2797897377.52"
"2016","2016-04-30","19542017","19542019","Deposit of Earnings, Federal Reserve System","7519238671.74"
"2016","2016-06-30","20514991","20514995","Social Security Equivalent Account","'-487556849.52"
"2016","2016-06-30","20514926","20514997","Total -- Employment and General Retirement","110489233346.63"
"2016","2016-06-30","20514924","20514999","Unemployment Insurance:","null"
"2016","2016-06-30","20514924","20515011","Other Retirement:","null"
"2016","2016-07-31","21287054","21287218","Other Retirement:","null"
"2016","2016-08-31","21830824","21830826","Employment and General Retirement:","null"
"2016","2016-08-31","21830826","21830832","Federal Old-Age and Survivors Insurance Trust Fund:","null"
"2016","2016-08-31","21830832","21830834","Federal Insurance Contributions Act Taxes","50194000000.00"
"2016","2016-08-31","21830832","21830839","Self-Employment Contributions Act Taxes","653000000.00"
"2016","2016-08-31","null","21830993","Customs Duties","2953148247.00"
"2016","2016-08-31","null","21830995","Miscellaneous Receipts:","null"
"2016","2016-08-31","21830995","21831000","Deposit of Earnings, Federal Reserve System","9815228195.52"
"2016","2016-08-31","21830995","21831002","Universal Service Fund","869796050.27"
"2016","2016-08-31","21830995","21831006","All Other","3200641333.44"
"2016","2016-09-30","22473819","22473851","Total -- Federal Hospital Insurance Trust Fund","22522378668.44"
"2016","2016-09-30","22473853","22473859","Rail Pension and Supplemental Annuity","245243725.64"
"2016","2016-09-30","22473853","22473861","Social Security Equivalent Account","198762810.77"
"2016","2016-09-30","22473755","22473868","Unemployment Insurance:","null"
"2016","2015-10-31","null","16514501","Excise Taxes:","null"
"2016","2015-12-31","null","17620042","Social Insurance and Retirement Receipts:","null"
"2016","2015-12-31","17620044","17620046","Federal Old-Age and Survivors Insurance Trust Fund:","null"
"2016","2015-12-31","17620046","17620048","Federal Insurance Contributions Act Taxes","54049000000.00"
"2016","2015-12-31","17620046","17620050","Self-Employment Contributions Act Taxes","482000000.00"
"2016","2015-12-31","17620046","17620054","Adjustments Attributable to Prior Years","'-5469711098.63"
"2016","2015-12-31","17620046","17620056","Total -- Federal Old-Age and Survivors Insurance Trust Fund","49061288901.37"
"2016","2015-12-31","17620044","17620058","Federal Disability Insurance Trust Fund:","null"
"2016","2015-10-31","16514298","16514325","Total -- Federal Old-Age and Survivors Insurance Trust Fund","47112000000.00"
"2016","2015-10-31","16514293","16514329","Federal Disability Insurance Trust Fund:","null"
"2016","2015-10-31","16514329","16514334","Federal Insurance Contributions Act Taxes","7956000000.00"
"2016","2015-10-31","16514329","16514340","Self-Employment Contributions Act Taxes","44000000.00"
"2016","2015-10-31","16514329","16514359","Total -- Federal Disability Insurance Trust Fund","8000000000.00"
"2016","2015-10-31","16514293","16514365","Federal Hospital Insurance Trust Fund:","null"
"2016","2015-10-31","16514365","16514371","Federal Insurance Contributions Act Taxes","18696000000.00"
"2016","2015-10-31","16514365","16514377","Self-Employment Contributions Act Taxes","115000000.00"
"2016","2015-10-31","16514468","16514488","Total -- Other Retirement","310861954.39"
"2016","2015-10-31","16514291","16514496","Total -- Social Insurance and Retirement Receipts","76848189438.06"
"2016","2015-10-31","16514501","16514523","Total -- Excise Taxes","5577465263.80"
"2016","2015-10-31","null","16514527","Estate and Gift Taxes","2132338620.55"
"2016","2015-10-31","null","16514531","Customs Duties","3435496536.36"
"2016","2015-10-31","16514535","16514539","Deposit of Earnings, Federal Reserve System","7489108373.45"
"2016","2015-10-31","16514535","16514543","Universal Service Fund","820193112.11"
"2016","2015-10-31","16514535","16514547","All Other","1267683573.65"
"2016","2015-10-31","16514535","16514551","Total -- Miscellaneous Receipts","9576985059.21"
"2016","2015-10-31","null","16514555","Total -- Receipts","211046245388.74"
"2016","2015-11-30","17063675","17063681","Self-Employment Contributions Act Taxes","128000000.00"
"2016","2015-11-30","17063675","17063692","Total -- Federal Old-Age and Survivors Insurance Trust Fund","50887000000.00"
"2016","2015-11-30","17063695","17063697","Federal Insurance Contributions Act Taxes","8619000000.00"
"2016","2015-11-30","17063695","17063700","Self-Employment Contributions Act Taxes","22000000.00"
"2016","2015-11-30","17063695","17063710","Total -- Federal Disability Insurance Trust Fund","8641000000.00"
"2016","2015-11-30","17063712","17063716","Federal Insurance Contributions Act Taxes","20404000000.00"
"2016","2015-11-30","17063712","17063718","Self-Employment Contributions Act Taxes","57000000.00"
"2016","2015-11-30","17063669","17063789","Total -- Social Insurance and Retirement Receipts","85568459626.15"
"2016","2015-11-30","17063791","17063797","Miscellaneous Excise Taxes","2100901715.74"
"2016","2015-11-30","17063791","17063799","Airport and Airway Trust Fund","1354666000.00"
"2016","2015-11-30","17063791","17063805","Highway Trust Fund","4052892517.95"
"2016","2015-11-30","17063791","17063807","Black Lung Disability Trust Fund","59838000.00"
"2016","2015-11-30","17063791","17063813","Total -- Excise Taxes","7568298233.69"
"2016","2015-11-30","null","17063815","Estate and Gift Taxes","1712507472.02"
"2016","2015-11-30","null","17063819","Customs Duties","2886781801.53"
"2016","2015-11-30","17063821","17063833","Total -- Miscellaneous Receipts","9943897477.26"
"2016","2015-12-31","17620042","17620141","Total -- Social Insurance and Retirement Receipts","78585303252.70"
"2016","2015-12-31","17620143","17620149","Miscellaneous Excise Taxes","2219564313.95"
"2016","2015-12-31","17620143","17620165","Total -- Excise Taxes","6723188009.99"
"2016","2015-12-31","17620175","17620181","Deposit of Earnings, Federal Reserve System","29270803451.19"
"2016","2015-12-31","17620175","17620183","Universal Service Fund","815258451.80"
"2016","2015-12-31","17620175","17620187","All Other","3459869265.41"
"2016","2015-12-31","17620193","17620200","Total -- Off-Budget","57391885729.43"
"2016","2016-01-31","18095133","18095138","Presidential Election Campaign Fund","null"
"2016","2016-01-31","18095133","18095144","Total -- Individual Income Taxes","181230471626.22"
"2016","2016-04-30","null","19542009","Excise Taxes:","null"
"2016","2016-02-29","18411753","18411849","Railroad Retirement:","null"
"2016","2016-02-29","null","18411953","Customs Duties","2539927134.65"
"2016","2016-02-29","18411955","18411957","Deposit of Earnings, Federal Reserve System","7176288277.78"
"2016","2016-02-29","18411955","18411960","Universal Service Fund","846327343.00"
"2016","2016-02-29","18411955","18411964","All Other","3879871147.45"
"2016","2016-02-29","18411955","18411967","Total -- Miscellaneous Receipts","11902486768.23"
"2016","2016-02-29","null","18411969","Total -- Receipts","169146855515.20"
"2016","2016-02-29","18411969","18411971","Total -- On-Budget","108014855515.20"
"2016","2016-03-31","null","19203702","Individual Income Taxes","null"
"2016","2016-03-31","19203702","19203715","Total -- Individual Income Taxes","77143908928.15"
"2016","2016-03-31","null","19203717","Corporation Income Taxes","33270732492.08"
"2016","2016-03-31","19203755","19203759","Self-Employment Contributions Act Taxes","124000000.00"
"2016","2016-03-31","19203755","19203763","Adjustments Attributable to Prior Years","791544926.92"
"2016","2016-03-31","19203755","19203765","Total -- Federal Disability Insurance Trust Fund","13714544926.92"
"2016","2016-03-31","19203767","19203769","Federal Insurance Contributions Act Taxes","18215000000.00"
"2016","2016-03-31","19203767","19203772","Self-Employment Contributions Act Taxes","447000000.00"
"2016","2016-02-29","18411748","18411753","Employment and General Retirement:","null"
"2016","2016-02-29","18411748","18411874","Unemployment Insurance:","null"
"2016","2016-05-31","null","20140539","Corporation Income Taxes","4541861917.68"
"2016","2016-05-31","null","20140546","Social Insurance and Retirement Receipts:","null"
"2016","2016-05-31","20140558","20140563","Federal Insurance Contributions Act Taxes","51334000000.00"
"2016","2016-05-31","20140558","20140571","Self-Employment Contributions Act Taxes","736000000.00"
"2016","2016-05-31","20140558","20140584","Adjustments Attributable to Prior Years","null"
"2016","2016-05-31","20140596","20140602","Federal Insurance Contributions Act Taxes","12130000000.00"
"2016","2016-05-31","20140596","20140608","Self-Employment Contributions Act Taxes","140000000.00"
"2016","2016-05-31","20140596","20140619","Adjustments Attributable to Prior Years","null"
"2016","2016-05-31","20140596","20140625","Total -- Federal Disability Insurance Trust Fund","12270000000.00"
"2016","2016-05-31","20140630","20140636","Federal Insurance Contributions Act Taxes","17668000000.00"
"2016","2016-05-31","20140630","20140642","Self-Employment Contributions Act Taxes","328000000.00"
"2016","2016-05-31","20140630","20140660","Adjustments Attributable to Prior Years","null"
"2016","2016-05-31","20140630","20140666","Total -- Federal Hospital Insurance Trust Fund","17996000000.00"
"2016","2016-05-31","20140672","20140678","Rail Pension and Supplemental Annuity","273865711.98"
"2016","2016-05-31","20140672","20140684","Social Security Equivalent Account","249888215.34"
"2016","2016-05-31","20140552","20140690","Total -- Employment and General Retirement","82859753927.32"
"2016","2016-05-31","20140696","20140714","Railroad Unemployment Taxes","1755427.96"
"2016","2016-05-31","20140696","20140727","Total -- Unemployment Insurance","17786057400.16"
"2016","2016-05-31","20140735","20140743","Federal Employees' Retirement--Employee Share","301595088.43"
"2016","2016-07-31","null","21287273","Customs Duties","3059154606.44"
"2016","2016-07-31","null","21287275","Miscellaneous Receipts:","null"
"2016","2016-07-31","21287275","21287277","Deposit of Earnings, Federal Reserve System","6950408508.57"
"2016","2016-07-31","21287275","21287279","Universal Service Fund","809606686.00"
"2016","2016-07-31","21287275","21287281","All Other","700620110.24"
"2016","2016-07-31","21287275","21287283","Total -- Miscellaneous Receipts","8460635304.81"
"2016","2016-07-31","null","21287285","Total -- Receipts","209997664235.95"
"2016","2016-07-31","21287285","21287291","Total -- Off-Budget","61394000000.00"
"2016","2016-05-31","20140735","20140751","Non-Federal Employees Retirement","2165041.84"
"2016","2016-05-31","20140735","20140759","Total -- Other Retirement","303760130.27"
"2016","2016-05-31","20140546","20140767","Total -- Social Insurance and Retirement Receipts","100949571457.75"
"2016","2016-05-31","20140773","20140779","Miscellaneous Excise Taxes","2887363898.29"
"2016","2016-05-31","20140773","20140785","Airport and Airway Trust Fund","1128974251.85"
"2016","2016-05-31","20140773","20140791","Highway Trust Fund","2785002640.13"
"2016","2016-05-31","20140821","20140833","Universal Service Fund","831286001.43"
"2016","2016-05-31","20140821","20140839","All Other","2965838683.06"
"2016","2016-05-31","20140821","20140845","Total -- Miscellaneous Receipts","11430800583.46"
"2016","2016-05-31","null","20140851","Total -- Receipts","224603431396.44"
"2016","2016-08-31","null","21830963","Excise Taxes:","null"
"2016","2016-06-30","20514975","20514989","Total -- Federal Hospital Insurance Trust Fund","25348974380.94"
"2016","2016-06-30","20514926","20514991","Railroad Retirement:","null"
"2016","2016-06-30","20514991","20514993","Rail Pension and Supplemental Annuity","234290249.38"
"2016","2016-06-30","20514999","20515001","Deposits by States","305836582.03"
"2016","2016-06-30","20514999","20515009","Total -- Unemployment Insurance","279134946.55"
"2016","2016-06-30","20515011","20515013","Federal Employees' Retirement--Employee Share","302975325.54"
"2016","2016-06-30","20515011","20515015","Non-Federal Employees Retirement","3475254.10"
"2016","2016-06-30","20515011","20515017","Total -- Other Retirement","306450579.64"
"2016","2016-06-30","20514924","20515019","Total -- Social Insurance and Retirement Receipts","111074818872.82"
"2016","2016-06-30","20515023","20515027","Miscellaneous Excise Taxes","2331077692.75"
"2016","2016-06-30","20515023","20515031","Airport and Airway Trust Fund","1228770000.00"
"2016","2016-06-30","20515023","20515035","Highway Trust Fund","3311476388.71"
"2016","2016-06-30","20515023","20515039","Black Lung Disability Trust Fund","38498000.00"
"2016","2016-06-30","20515023","20515044","Total -- Excise Taxes","6909822081.46"
"2016","2016-07-31","21287079","21287091","Total -- Federal Disability Insurance Trust Fund","11717000000.00"
"2016","2016-07-31","21287058","21287094","Federal Hospital Insurance Trust Fund:","null"
"2016","2016-07-31","21287094","21287100","Federal Insurance Contributions Act Taxes","17951000000.00"
"2016","2016-07-31","21287218","21287236","Total -- Other Retirement","375693493.03"
"2016","2016-07-31","21287054","21287242","Total -- Social Insurance and Retirement Receipts","82409518207.05"
"2016","2016-07-31","21287248","21287254","Miscellaneous Excise Taxes","1271277003.59"
"2016","2016-07-31","21287248","21287269","Total -- Excise Taxes","6077243291.44"
"2016","2016-07-31","21287285","21287288","Total -- On-Budget","148603664235.95"
"2016","2016-08-31","21830832","21830850","Adjustments Attrbutable to Prior Years-SECA","null"
"2016","2016-08-31","21830832","21830854","Total -- Federal Old-Age and Survivors Insurance Trust Fund","50847000000.00"
"2016","2016-08-31","21830856","21830859","Federal Insurance Contributions Act Taxes","11860000000.00"
"2016","2016-08-31","21830856","21830862","Self-Employment Contributions Act Taxes","123000000.00"
"2016","2016-08-31","21830856","21830876","Total -- Federal Disability Insurance Trust Fund","11983000000.00"
"2016","2016-08-31","21830879","21830881","Federal Insurance Contributions Act Taxes","18428000000.00"
"2016","2016-08-31","21830879","21830886","Self-Employment Contributions Act Taxes","293000000.00"
"2016","2016-09-30","22473964","22473969","Total -- On-Budget","287022317386.35"
"2016","2015-10-31","16514293","16514407","Railroad Retirement:","null"
"2016","2015-10-31","16514268","16514284","Total -- Individual Income Taxes","109219977720.97"
"2016","2015-10-31","null","16514287","Corporation Income Taxes","4255792749.79"
"2016","2015-10-31","16514291","16514293","Employment and General Retirement:","null"
"2016","2015-10-31","16514298","16514303","Federal Insurance Contributions Act Taxes","46854000000.00"
"2016","2015-10-31","16514298","16514309","Self-Employment Contributions Act Taxes","258000000.00"
"2016","2015-10-31","16514293","16514426","Total -- Employment and General Retirement","74381798747.46"
"2016","2015-10-31","16514432","16514438","Deposits by States","1882307242.55"
"2016","2015-10-31","16514432","16514444","Federal Unemployment Taxes","245584723.40"
"2016","2015-11-30","null","17063837","Total -- Receipts","204967799934.62"
"2016","2015-11-30","17063837","17063842","Total -- On-Budget","145439799934.62"
"2016","2015-11-30","17063837","17063847","Total -- Off-Budget","59528000000.00"
"2016","2016-01-31","18095341","18095347","Deposits by States","1304874837.95"
"2016","2016-01-31","18095341","18095353","Federal Unemployment Taxes","888272222.31"
"2016","2016-01-31","18095341","18095359","Railroad Unemployment Taxes","21131983.84"
"2016","2016-01-31","18095341","18095371","Total -- Unemployment Insurance","2214279044.10"
"2016","2016-01-31","18095377","18095379","Federal Employees' Retirement--Employee Share","296673563.29"
"2016","2016-01-31","18095377","18095383","Non-Federal Employees Retirement","1478868.24"
"2016","2016-01-31","18095377","18095385","Total -- Other Retirement","298152431.53"
"2016","2015-10-31","16514501","16514506","Miscellaneous Excise Taxes","4508294043.36"
"2016","2015-10-31","16514501","16514508","Airport and Airway Trust Fund","260459000.00"
"2016","2015-10-31","16514501","16514514","Highway Trust Fund","797490220.44"
"2016","2015-10-31","16514501","16514519","Black Lung Disability Trust Fund","11222000.00"
"2016","2016-01-31","18095155","18095389","Total -- Social Insurance and Retirement Receipts","101710911601.40"
"2016","2016-01-31","18095391","18095395","Miscellaneous Excise Taxes","1676847644.94"
"2016","2016-01-31","18095391","18095397","Airport and Airway Trust Fund","1102678000.00"
"2016","2016-01-31","18095391","18095401","Highway Trust Fund","3293445429.09"
"2016","2016-01-31","18095419","18095427","Universal Service Fund","793147302.30"
"2016","2016-01-31","18095419","18095431","All Other","4672523972.73"
"2016","2016-01-31","18095419","18095435","Total -- Miscellaneous Receipts","13004577143.71"
"2016","2016-02-29","18411784","18411788","Federal Insurance Contributions Act Taxes","11501000000.00"
"2016","2016-02-29","18411784","18411799","Adjustments Attributable to Prior Years","null"
"2016","2016-02-29","18411784","18411804","Total -- Federal Disability Insurance Trust Fund","11564000000.00"
"2016","2016-02-29","18411809","18411815","Federal Insurance Contributions Act Taxes","16894000000.00"
"2016","2016-02-29","18411809","18411821","Self-Employment Contributions Act Taxes","160000000.00"
"2016","2016-02-29","18411809","18411839","Adjustments Attributable to Prior Years","null"
"2016","2016-02-29","18411809","18411844","Total -- Federal Hospital Insurance Trust Fund","17054000000.00"
"2016","2016-02-29","18411849","18411855","Rail Pension and Supplemental Annuity","345023111.24"
"2016","2016-02-29","18411849","18411862","Social Security Equivalent Account","318863899.39"
"2016","2016-02-29","18411753","18411868","Total -- Employment and General Retirement","78849887010.63"
"2016","2016-02-29","18411874","18411880","Deposits by States","3835968274.60"
"2016","2016-02-29","18411874","18411886","Federal Unemployment Taxes","2426636431.04"
"2016","2016-02-29","18411874","18411892","Railroad Unemployment Taxes","6718443.55"
"2016","2016-02-29","18411874","18411904","Total -- Unemployment Insurance","6269323149.19"
"2016","2016-02-29","18411910","18411917","Federal Employees' Retirement--Employee Share","328082078.22"
"2016","2016-02-29","18411910","18411923","Non-Federal Employees Retirement","1406058.26"
"2016","2016-04-30","null","19541953","Individual Income Taxes","null"
"2016","2015-12-31","null","17620143","Excise Taxes:","null"
"2016","2016-04-30","19541994","19541996","Social Security Equivalent Account","228576953.09"
"2016","2016-04-30","19541963","19541997","Total -- Employment and General Retirement","109529055342.58"
"2016","2016-06-30","null","20514912","Individual Income Taxes","null"
"2016","2016-02-29","18411748","18411910","Other Retirement:","null"
"2016","2016-08-31","21830879","21830904","Total -- Federal Hospital Insurance Trust Fund","18721000000.00"
"2016","2016-08-31","21830826","21830909","Railroad Retirement:","null"
"2016","2016-08-31","21830945","21830947","Federal Employees' Retirement--Employee Share","354777082.07"
"2016","2016-03-31","19203721","19203817","Unemployment Insurance:","null"
"2016","2016-09-30","22473914","22473932","Total -- Excise Taxes","22565728492.50"
"2016","2016-09-30","null","22473938","Estate and Gift Taxes","1478998924.34"
"2016","2016-07-31","null","21287054","Social Insurance and Retirement Receipts:","null"
"2016","2016-09-30","22473755","22473892","Other Retirement:","null"
"2016","2016-03-31","null","19203901","Excise Taxes:","null"
"2016","2015-12-31","17620042","17620044","Employment and General Retirement:","null"
"2016","2015-12-31","17620029","17620038","Total -- Individual Income Taxes","148726692702.77"
"2016","2015-12-31","null","17620040","Corporation Income Taxes","76970861146.63"
"2016","2015-12-31","17620058","17620060","Federal Insurance Contributions Act Taxes","9179000000.00"
"2016","2015-12-31","17620058","17620062","Self-Employment Contributions Act Taxes","82000000.00"
"2016","2016-01-31","null","18095391","Excise Taxes:","null"
"2016","2016-01-31","18095391","18095407","Total -- Excise Taxes","6121678074.03"
"2016","2016-01-31","null","18095409","Estate and Gift Taxes","1269788232.11"
"2016","2016-01-31","null","18095414","Customs Duties","3047451737.73"
"2016","2016-01-31","18095419","18095423","Deposit of Earnings, Federal Reserve System","7538905868.68"
"2016","2016-02-29","null","18411730","Individual Income Taxes","null"
"2016","2016-02-29","18411969","18411974","Total -- Off-Budget","61132000000.00"
"2016","2016-06-30","20514956","20514966","Adjustments Attributable to Prior Years-FICA","1404062016.12"
"2016","2016-06-30","20514956","20514970","Adjustments Attributable to Prior Years-SECA","3718988.91"
"2016","2016-06-30","20514956","20514973","Total -- Federal Disability Insurance Trust Fund","15851781005.03"
"2016","2016-06-30","20514975","20514979","Self-Employment Contributions Act Taxes","2844000000.00"
"2016","2016-06-30","20514975","20514981","Receipts from Railroad Retirement Board","624800000.00"
"2016","2016-04-30","19542009","19542010","Miscellaneous Excise Taxes","1174446672.39"
"2016","2016-04-30","19542009","19542011","Airport and Airway Trust Fund","1267704000.00"
"2016","2016-04-30","19542009","19542012","Highway Trust Fund","3495404443.78"
"2016","2016-04-30","19542009","19542013","Black Lung Disability Trust Fund","49785000.00"
"2016","2015-12-31","17620044","17620090","Railroad Retirement:","null"
"2016","2015-12-31","17620090","17620094","Rail Pension and Supplemental Annuity","188492058.93"
"2016","2015-12-31","17620090","17620098","Social Security Equivalent Account","257789026.50"
"2016","2015-12-31","17620044","17620102","Total -- Employment and General Retirement","77871870656.86"
"2016","2015-12-31","17620105","17620107","Deposits by States","297542057.67"
"2016","2015-12-31","17620105","17620110","Federal Unemployment Taxes","45758161.77"
"2016","2015-12-31","17620105","17620112","Railroad Unemployment Taxes","36591.81"
"2016","2016-06-30","null","20515050","Estate and Gift Taxes","1678465191.33"
"2016","2016-06-30","null","20515056","Customs Duties","2780686338.53"
"2016","2016-06-30","20515063","20515071","Deposit of Earnings, Federal Reserve System","9674025005.00"
"2016","2016-06-30","20515063","20515079","Universal Service Fund","826256513.89"
"2016","2016-07-31","21287030","21287037","Presidential Election Campaign Fund","null"
"2016","2016-07-31","21287030","21287041","Other","null"
"2016","2016-07-31","21287030","21287043","Total -- Individual Income Taxes","99866724536.07"
"2016","2016-07-31","21287062","21287073","Adjustments Attributable to Prior Years-FICA","null"
"2016","2016-07-31","21287062","21287075","Adjustments Attrbutable to Prior Years-SECA","null"
"2016","2016-07-31","21287062","21287077","Total -- Federal Old-Age and Survivors Insurance Trust Fund","49677000000.00"
"2016","2016-07-31","21287248","21287260","Airport and Airway Trust Fund","1287370085.85"
"2016","2016-07-31","21287248","21287264","Highway Trust Fund","3478176202.00"
"2016","2016-07-31","21287248","21287267","Black Lung Disability Trust Fund","40420000.00"
"2016","2016-09-30","22473819","22473827","Self-Employment Contributions Act Taxes","2935000000.00"
"2016","2016-09-30","22473819","22473833","Receipts from Railroad Retirement Board","null"
"2016","2016-09-30","22473758","22473853","Railroad Retirement:","null"
"2016","2015-10-31","16514291","16514468","Other Retirement:","null"
"2016","2016-03-31","19203723","19203755","Federal Disability Insurance Trust Fund:","null"
"2016","2016-05-31","null","20140821","Miscellaneous Receipts:","null"
"2016","2016-06-30","20515063","20515088","All Other","1528208859.94"
"2016","2016-06-30","20515063","20515098","Total -- Miscellaneous Receipts","12028490378.83"
"2016","2016-06-30","null","20515107","Total -- Receipts","329572222744.10"
"2016","2016-06-30","20515107","20515113","Total -- On-Budget","244178697178.27"
"2016","2016-06-30","20515107","20515116","Total -- Off-Budget","85393525565.83"
"2016","2016-07-31","21287142","21287150","Rail Pension and Supplemental Annuity","295820523.80"
"2016","2016-07-31","21287142","21287157","Social Security Equivalent Account","270942056.79"
"2016","2016-07-31","21287058","21287165","Total -- Employment and General Retirement","80168762580.59"
"2016","2016-07-31","21287054","21287173","Unemployment Insurance:","null"
"2016","2016-07-31","21287173","21287181","Deposits by States","1521192046.07"
"2016","2016-07-31","21287173","21287189","Federal Unemployment Taxes","317389333.16"
"2016","2016-07-31","21287173","21287197","Railroad Unemployment Taxes","26480754.20"
"2016","2016-07-31","21287173","21287212","Total -- Unemployment Insurance","1865062133.43"
"2016","2016-07-31","21287218","21287224","Federal Employees' Retirement--Employee Share","372844254.40"
"2016","2016-07-31","21287218","21287230","Non-Federal Employees Retirement","2849238.63"
"2016","2015-11-30","17063669","17063773","Other Retirement:","null"
"2016","2015-12-31","17620058","17620066","Adjustments Attributable to Prior Years","'-930403171.94"
"2016","2015-12-31","17620058","17620068","Total -- Federal Disability Insurance Trust Fund","8330596828.06"
"2016","2015-12-31","17620070","17620072","Federal Insurance Contributions Act Taxes","21854000000.00"
"2016","2016-01-31","18095133","18095136","Withheld","null"
"2016","2016-02-29","null","18411955","Miscellaneous Receipts:","null"
"2016","2016-04-30","19542004","19542006","Non-Federal Employees Retirement","2920132.21"
"2016","2016-04-30","19542004","19542007","Total -- Other Retirement","305512903.79"
"2016","2016-04-30","19541962","19542008","Total -- Social Insurance and Retirement Receipts","115260222235.18"
"2016","2016-06-30","20514912","20514914","Withheld","null"
"2016","2016-03-31","19203723","19203793","Railroad Retirement:","null"
"2016","2016-07-31","21287058","21287062","Federal Old-Age and Survivors Insurance Trust Fund:","null"
"2016","2016-07-31","21287062","21287065","Federal Insurance Contributions Act Taxes","49109000000.00"
"2016","2016-07-31","21287062","21287069","Self-Employment Contributions Act Taxes","568000000.00"
"2016","2016-07-31","21287094","21287106","Self-Employment Contributions Act Taxes","257000000.00"
"2016","2016-08-31","21830832","21830847","Adjustments Attributable to Prior Years-FICA","null"
"2016","2016-04-30","19541963","19541974","Federal Disability Insurance Trust Fund:","null"
"2016","2016-07-31","null","21287048","Corporation Income Taxes","8553722002.45"
"2016","2016-07-31","21287058","21287079","Federal Disability Insurance Trust Fund:","null"
"2016","2016-07-31","21287079","21287081","Federal Insurance Contributions Act Taxes","11604000000.00"
"2016","2016-07-31","21287079","21287083","Self-Employment Contributions Act Taxes","113000000.00"
"2016","2016-08-31","null","21830824","Social Insurance and Retirement Receipts:","null"
"2016","2016-02-29","18411784","18411791","Self-Employment Contributions Act Taxes","63000000.00"
"2016","2016-01-31","18095133","18095142","Other","null"
"2016","2016-03-31","null","19203721","Social Insurance and Retirement Receipts:","null"
"2016","2016-06-30","20514956","20514960","Self-Employment Contributions Act Taxes","1187000000.00"
"2016","2016-07-31","21287079","21287087","Adjustments Attributable to Prior Years-FICA","null"
"2016","2016-07-31","21287079","21287089","Adjustments Attributable to Prior Years-SECA","null"
"2016","2016-08-31","21830945","21830953","Non-Federal Employees Retirement","3706901.34"
"2016","2016-09-30","22473758","22473819","Federal Hospital Insurance Trust Fund:","null"
"2016","2016-09-30","22473964","22473975","Total -- Off-Budget","69515047817.45"
"2016","2015-11-30","null","17063652","Individual Income Taxes","null"
"2016","2015-12-31","17620029","17620032","Withheld","null"
"2016","2016-05-31","20140509","20140511","Withheld","null"
"2016","2016-04-30","19541963","19541985","Federal Hospital Insurance Trust Fund:","null"
"2016","2016-08-31","21830824","21830945","Other Retirement:","null"
"2016","2016-03-31","19203721","19203723","Employment and General Retirement:","null"
"2016","2016-03-31","19203723","19203728","Federal Old-Age and Survivors Insurance Trust Fund:","null"
"2016","2016-03-31","19203728","19203733","Federal Insurance Contributions Act Taxes","54164000000.00"
"2016","2016-03-31","19203728","19203739","Self-Employment Contributions Act Taxes","673000000.00"
"2016","2016-03-31","19203728","19203751","Adjustments Attributable to Prior Years","4661849786.45"
"2016","2016-03-31","19203755","19203757","Federal Insurance Contributions Act Taxes","12799000000.00"
"2016","2016-09-30","null","22473734","Individual Income Taxes","null"
"2016","2016-02-29","18411730","18411737","Other","null"
"2016","2015-12-31","17620029","17620036","Other","null"
"2016","2015-12-31","17620044","17620070","Federal Hospital Insurance Trust Fund:","null"
"2016","2016-05-31","20140546","20140696","Unemployment Insurance:","null"
"2016","2016-05-31","20140546","20140735","Other Retirement:","null"
"2016","2015-11-30","17063821","17063825","Deposit of Earnings, Federal Reserve System","6668363232.31"
"2016","2015-11-30","17063821","17063827","Universal Service Fund","770502125.38"
"2016","2015-11-30","17063821","17063831","All Other","2505032119.57"
"2016","2016-02-29","18411939","18411941","Miscellaneous Excise Taxes","1236557539.73"
"2016","2016-02-29","18411939","18411943","Airport and Airway Trust Fund","1357674048.75"
"2016","2016-02-29","18411939","18411945","Highway Trust Fund","4029610670.52"
"2016","2016-02-29","null","18411951","Estate and Gift Taxes","1319907586.80"
"2016","2016-02-29","18411753","18411784","Federal Disability Insurance Trust Fund:","null"
"2016","2016-07-31","null","21287030","Individual Income Taxes","null"
"2016","2016-09-30","null","22473914","Excise Taxes:","null"
"2016","2016-05-31","20140851","20140861","Total -- Off-Budget","64340000000.00"
"2016","2016-04-30","19541953","19541956","Presidential Election Campaign Fund","null"
"2016","2016-04-30","19541953","19541957","Other","null"
"2016","2016-04-30","19541953","19541959","Total -- Individual Income Taxes","266171676151.65"
"2016","2016-04-30","null","19541960","Corporation Income Taxes","35667010223.84"
"2016","2016-04-30","19541962","19541963","Employment and General Retirement:","null"
"2016","2016-04-30","19541963","19541965","Federal Old-Age and Survivors Insurance Trust Fund:","null"
"2016","2016-04-30","19541965","19541966","Federal Insurance Contributions Act Taxes","53188000000.00"
"2016","2015-12-31","null","17620175","Miscellaneous Receipts:","null"
"2016","2016-06-30","20514924","20514926","Employment and General Retirement:","null"
"2016","2016-04-30","19541962","19541998","Unemployment Insurance:","null"
"2016","2016-01-31","18095391","18095403","Black Lung Disability Trust Fund","48707000.00"
"2016","2016-05-31","null","20140773","Excise Taxes:","null"
"2016","2016-08-31","21830826","21830879","Federal Hospital Insurance Trust Fund:","null"
"2016","2016-09-30","null","22473946","Miscellaneous Receipts:","null"
"2016","2015-11-30","17063652","17063654","Withheld","null"
"2016","2016-02-29","18411753","18411809","Federal Hospital Insurance Trust Fund:","null"
"2016","2016-03-31","19203702","19203711","Other","null"
"2017","2017-08-31","28672914","28672924","Adjustments Attributable to Prior Years-FICA","null"
"2017","2017-06-30","27348945","27348962","Highway Trust Fund","3448794192.31"
"2017","2017-08-31","28672914","28672926","Adjustments Attributable to Prior Years-SECA","null"
"2017","2017-08-31","28672951","28672953","Deposits by States","4175244605.54"
"2017","2016-10-31","23125698","23125706","Other","null"
"2017","2017-06-30","27348976","27348985","All Other","1085010050.32"
"2017","2017-08-31","28672931","28672941","Social Security Equivalent Account","198441869.03"
"2017","2017-06-30","27348945","27348966","Black Lung Disability Trust Fund","31377000.00"
"2017","2017-09-30","29355486","29355498","Total -- Federal Old-Age and Survivors Insurance Trust Fund","58215631865.70"
"2017","2017-06-30","null","27348973","Customs Duties","2871444272.00"
"2017","2017-08-31","28672895","28672912","Total -- Federal Disability Insurance Trust Fund","12469000000.00"
"2017","2017-09-30","29355500","29355503","Federal Insurance Contributions Act Taxes","12330012250.00"
"2017","2017-06-30","27348854","27348861","Rail Pension and Supplemental Annuity","264442204.74"
"2017","2017-07-31","28062552","28062576","Adjustments Attrbutable to Prior Years-SECA","null"
"2017","2017-07-31","28062585","28062590","Federal Insurance Contributions Act Taxes","12218000000.00"
"2017","2017-08-31","28672874","28672943","Total -- Employment and General Retirement","84893526837.26"
"2017","2017-09-30","29355500","29355506","Self-Employment Contributions Act Taxes","1429000000.00"
"2017","2017-06-30","27348854","27348867","Social Security Equivalent Account","'-402207088.02"
"2017","2017-08-31","28672876","28672879","Federal Insurance Contributions Act Taxes","52127000000.00"
"2017","2017-08-31","28672914","28672928","Total -- Federal Hospital Insurance Trust Fund","19172000000.00"
"2017","2017-09-30","29355500","29355512","Adjustments Attributable to Prior Years-FICA","'-498578.22"
"2017","2017-01-31","null","24161541","Excise Taxes:","null"
"2017","2017-06-30","27348976","27348980","Deposit of Earnings, Federal Reserve System","6142685450.27"
"2017","2017-08-31","28672874","28672931","Railroad Retirement:","null"
"2017","2017-09-30","29355579","29355585","Non-Federal Employees Retirement","2359879.01"
"2017","2017-08-31","28672951","28672961","Federal Unemployment Taxes","41453168.70"
"2017","2017-09-30","29355593","29355599","Airport and Airway Trust Fund","2085409855.42"
"2017","2017-06-30","27348745","27348915","Other Retirement:","null"
"2017","2017-06-30","27348976","27348982","Universal Service Fund","771609754.59"
"2017","2017-08-31","null","28672994","Excise Taxes:","null"
"2017","2017-06-30","27348751","27348873","Total -- Employment and General Retirement","110249826299.84"
"2017","2017-09-30","29355593","29355603","Highway Trust Fund","6326573529.31"
"2017","2016-10-31","null","23125698","Individual Income Taxes","null"
"2017","2017-09-30","29355593","29355609","Total -- Excise Taxes","11219187781.75"
"2017","2017-06-30","27348879","27348891","Federal Unemployment Taxes","34546383.56"
"2017","2017-06-30","27348879","27348897","Railroad Unemployment Taxes","406386.10"
"2017","2017-08-31","28672914","28672916","Federal Insurance Contributions Act Taxes","18870000000.00"
"2017","2017-08-31","28672931","28672933","Rail Pension and Supplemental Annuity","282084968.23"
"2017","2017-06-30","null","27348945","Excise Taxes:","null"
"2017","2017-06-30","27348945","27348957","Airport and Airway Trust Fund","1296798000.00"
"2017","2017-09-30","29355579","29355587","Total -- Other Retirement","331199496.68"
"2017","2017-01-31","24161339","24161343","Withheld","null"
"2017","2017-08-31","28672914","28672918","Self-Employment Contributions Act Taxes","302000000.00"
"2017","2017-09-30","29355482","29355591","Total -- Social Insurance and Retirement Receipts","96143675220.77"
"2017","2017-03-31","25307299","25307414","Federal Hospital Insurance Trust Fund:","null"
"2017","2017-04-30","25861884","25861887","Withheld","null"
"2017","2017-01-31","24161541","24161547","Miscellaneous Excise Taxes","728544898.97"
"2017","2017-02-28","24739179","24739189","Self-Employment Contributions Act Taxes","369000000.00"
"2017","2017-08-31","28672852","28672854","Withheld","null"
"2017","2017-07-31","28062523","28062530","Presidential Election Campaign Fund","null"
"2017","2017-07-31","28062523","28062533","Other","null"
"2017","2017-07-31","28062523","28062536","Total -- Individual Income Taxes","113453329674.11"
"2017","2017-07-31","null","28062540","Corporation Income Taxes","9032658486.46"
"2017","2017-07-31","null","28062545","Social Insurance and Retirement Receipts:","null"
"2017","2017-07-31","28062545","28062547","Employment and General Retirement:","null"
"2017","2017-07-31","28062585","28062619","Total -- Federal Disability Insurance Trust Fund","12354000000.00"
"2017","2017-07-31","28062623","28062629","Federal Insurance Contributions Act Taxes","18679000000.00"
"2017","2017-07-31","28062623","28062633","Self-Employment Contributions Act Taxes","270000000.00"
"2017","2017-07-31","28062623","28062639","Receipts from Railroad Retirement Board","null"
"2017","2017-07-31","28062623","28062645","Adjustments Attributable to Prior Years-FICA","null"
"2017","2017-07-31","28062623","28062648","Adjustments Attributable to Prior Years-SECA","null"
"2017","2017-07-31","28062623","28062651","Total -- Federal Hospital Insurance Trust Fund","18949000000.00"
"2017","2017-07-31","28062547","28062653","Railroad Retirement:","null"
"2017","2017-07-31","28062653","28062656","Rail Pension and Supplemental Annuity","260796741.79"
"2017","2017-07-31","28062653","28062658","Social Security Equivalent Account","284656935.73"
"2017","2017-07-31","28062735","28062742","Total -- Off-Budget","64635000000.00"
"2017","2017-09-30","29355482","29355561","Unemployment Insurance:","null"
"2017","2017-01-31","null","24161359","Social Insurance and Retirement Receipts:","null"
"2017","2017-01-31","24161359","24161365","Employment and General Retirement:","null"
"2017","2017-01-31","24161365","24161367","Federal Old-Age and Survivors Insurance Trust Fund:","null"
"2017","2017-01-31","24161367","24161387","Adjustments Attributable to Prior Years-FICA","null"
"2017","2017-01-31","24161367","24161395","Adjustments Attrbutable to Prior Years-SECA","null"
"2017","2017-01-31","24161367","24161397","Total -- Federal Old-Age and Survivors Insurance Trust Fund","65078000000.00"
"2017","2017-01-31","24161365","24161404","Federal Disability Insurance Trust Fund:","null"
"2017","2017-01-31","24161404","24161407","Federal Insurance Contributions Act Taxes","13901000000.00"
"2017","2017-01-31","24161404","24161415","Self-Employment Contributions Act Taxes","1477000000.00"
"2017","2017-01-31","24161404","24161427","Adjustments Attributable to Prior Years-FICA","null"
"2017","2017-01-31","24161404","24161430","Adjustments Attributable to Prior Years-SECA","null"
"2017","2017-01-31","24161404","24161437","Total -- Federal Disability Insurance Trust Fund","15378000000.00"
"2017","2017-01-31","24161440","24161447","Federal Insurance Contributions Act Taxes","20689000000.00"
"2017","2017-01-31","24161440","24161450","Self-Employment Contributions Act Taxes","2923000000.00"
"2017","2017-05-31","null","26467518","Individual Income Taxes","null"
"2017","2017-04-30","25862033","25862063","Adjustments Attributable to Prior Years-FICA","null"
"2017","2017-07-31","28062697","28062711","Total -- Excise Taxes","7800408193.48"
"2017","2017-06-30","null","27348745","Social Insurance and Retirement Receipts:","null"
"2017","2016-10-31","23125712","23125806","Other Retirement:","null"
"2017","2017-06-30","27348879","27348909","Total -- Unemployment Insurance","334039671.38"
"2017","2017-06-30","27348915","27348921","Federal Employees' Retirement--Employee Share","408582853.35"
"2017","2017-06-30","27348915","27348933","Total -- Other Retirement","411603954.29"
"2017","2017-06-30","27348945","27348951","Miscellaneous Excise Taxes","2640861654.31"
"2017","2017-08-31","28672874","28672876","Federal Old-Age and Survivors Insurance Trust Fund:","null"
"2017","2016-12-31","23709069","23709075","Self-Employment Contributions Act Taxes","233000000.00"
"2017","2017-01-31","null","24161589","Miscellaneous Receipts:","null"
"2017","2017-02-28","null","24739357","Miscellaneous Receipts:","null"
"2017","2017-03-31","25307292","25307540","Total -- Social Insurance and Retirement Receipts","96046293489.03"
"2017","2017-03-31","null","25307576","Miscellaneous Receipts:","null"
"2017","2017-04-30","25861920","25862081","Railroad Retirement:","null"
"2017","2017-05-31","26467539","26467750","Total -- Social Insurance and Retirement Receipts","106426159412.63"
"2017","2017-05-31","26467756","26467762","Miscellaneous Excise Taxes","4262043307.53"
"2017","2017-05-31","26467756","26467768","Airport and Airway Trust Fund","1171324510.39"
"2017","2017-05-31","26467756","26467774","Highway Trust Fund","2671237397.50"
"2017","2017-06-30","27348724","27348731","Presidential Election Campaign Fund","null"
"2017","2017-06-30","27348724","27348734","Other","null"
"2017","2017-06-30","27348745","27348751","Employment and General Retirement:","null"
"2017","2016-12-31","null","23708975","Social Insurance and Retirement Receipts:","null"
"2017","2016-12-31","23708975","23708977","Employment and General Retirement:","null"
"2017","2016-12-31","23708984","23709030","Total -- Federal Old-Age and Survivors Insurance Trust Fund","51937443026.85"
"2017","2016-12-31","23708977","23709036","Federal Disability Insurance Trust Fund:","null"
"2017","2016-12-31","23709036","23709042","Federal Insurance Contributions Act Taxes","12192000000.00"
"2017","2016-12-31","23709036","23709048","Self-Employment Contributions Act Taxes","107000000.00"
"2017","2017-06-30","27348751","27348813","Federal Hospital Insurance Trust Fund:","null"
"2017","2017-06-30","27348813","27348815","Federal Insurance Contributions Act Taxes","20484000000.00"
"2017","2017-06-30","27348813","27348824","Self-Employment Contributions Act Taxes","3101000000.00"
"2017","2017-06-30","27348813","27348826","Receipts from Railroad Retirement Board","606400000.00"
"2017","2017-06-30","27348745","27348939","Total -- Social Insurance and Retirement Receipts","110995469925.51"
"2017","2017-07-31","28062681","28062685","Federal Employees' Retirement--Employee Share","353640504.45"
"2017","2017-07-31","28062681","28062687","Non-Federal Employees Retirement","2585591.68"
"2017","2017-08-31","28672874","28672895","Federal Disability Insurance Trust Fund:","null"
"2017","2017-08-31","28672874","28672914","Federal Hospital Insurance Trust Fund:","null"
"2017","2017-08-31","28673038","28673047","Total -- Off-Budget","65241000000.00"
"2017","2017-09-30","null","29355617","Miscellaneous Receipts:","null"
"2017","2017-03-31","25307414","25307420","Federal Insurance Contributions Act Taxes","19619000000.00"
"2017","2017-03-31","25307414","25307426","Self-Employment Contributions Act Taxes","745000000.00"
"2017","2017-05-31","26467547","26467553","Self-Employment Contributions Act Taxes","756000000.00"
"2017","2017-05-31","26467547","26467558","Adjustments Attributable to Prior Years-FICA","null"
"2017","2017-06-30","27348945","27348969","Total -- Excise Taxes","7417830846.62"
"2017","2017-06-30","null","27348971","Estate and Gift Taxes","1458952899.39"
"2017","2016-10-31","23125698","23125703","Presidential Election Campaign Fund","null"
"2017","2016-10-31","null","23125825","Excise Taxes:","null"
"2017","2016-10-31","23125857","23125863","Deposit of Earnings, Federal Reserve System","6278310774.46"
"2017","2016-11-30","23233355","23233435","Total -- Employment and General Retirement","81854766304.28"
"2017","2017-03-31","25307576","25307580","Deposit of Earnings, Federal Reserve System","9737010609.94"
"2017","2017-03-31","25307576","25307588","All Other","784920347.92"
"2017","2017-03-31","25307576","25307592","Total -- Miscellaneous Receipts","11309601834.92"
"2017","2017-04-30","25861926","25861938","Self-Employment Contributions Act Taxes","15714000000.00"
"2017","2017-04-30","25861926","25861953","Adjustments Attributable to Prior Years-FICA","null"
"2017","2017-04-30","25861977","25862017","Adjustments Attributable to Prior Years-SECA","null"
"2017","2017-04-30","25861977","25862025","Total -- Federal Disability Insurance Trust Fund","17250000000.00"
"2017","2017-04-30","25862033","25862039","Federal Insurance Contributions Act Taxes","19422000000.00"
"2017","2017-04-30","25862033","25862045","Self-Employment Contributions Act Taxes","7380000000.00"
"2017","2017-04-30","25862033","25862069","Adjustments Attributable to Prior Years-SECA","null"
"2017","2017-04-30","25862033","25862075","Total -- Federal Hospital Insurance Trust Fund","26802000000.00"
"2017","2017-04-30","25862105","25862111","Deposits by States","4194415167.39"
"2017","2017-04-30","25862105","25862121","Railroad Unemployment Taxes","26454403.91"
"2017","2017-09-30","null","29355633","Total -- Receipts","348722298760.60"
"2017","2017-09-30","29355633","29355638","Total -- On-Budget","276748864714.91"
"2017","2017-09-30","29355633","29355640","Total -- Off-Budget","71973434045.69"
"2017","2016-10-31","null","23125712","Social Insurance and Retirement Receipts:","null"
"2017","2016-10-31","23125712","23125715","Employment and General Retirement:","null"
"2017","2016-10-31","23125715","23125717","Federal Old-Age and Survivors Insurance Trust Fund:","null"
"2017","2016-10-31","23125735","23125738","Federal Insurance Contributions Act Taxes","10716000000.00"
"2017","2016-10-31","23125735","23125740","Self-Employment Contributions Act Taxes","58000000.00"
"2017","2016-10-31","23125735","23125750","Total -- Federal Disability Insurance Trust Fund","10774000000.00"
"2017","2016-10-31","23125752","23125769","Total -- Federal Hospital Insurance Trust Fund","19462000000.00"
"2017","2016-10-31","23125715","23125772","Railroad Retirement:","null"
"2017","2016-10-31","23125784","23125786","Deposits by States","2061881290.61"
"2017","2016-12-31","23709105","23709111","Federal Unemployment Taxes","53352454.42"
"2017","2016-12-31","23709105","23709113","Railroad Unemployment Taxes","168807.43"
"2017","2016-12-31","23709105","23709119","Total -- Unemployment Insurance","374657012.19"
"2017","2016-12-31","23708975","23709123","Other Retirement:","null"
"2017","2016-12-31","23709123","23709125","Federal Employees' Retirement--Employee Share","395863941.47"
"2017","2016-12-31","null","23709137","Excise Taxes:","null"
"2017","2016-10-31","23125784","23125790","Federal Unemployment Taxes","631138530.78"
"2017","2016-10-31","23125784","23125792","Railroad Unemployment Taxes","29617379.61"
"2017","2016-10-31","23125784","23125800","Total -- Unemployment Insurance","2722637201.00"
"2017","2016-10-31","23125806","23125808","Federal Employees' Retirement--Employee Share","323843465.50"
"2017","2016-10-31","23125806","23125814","Non-Federal Employees Retirement","2488696.96"
"2017","2016-11-30","23233439","23233447","Federal Unemployment Taxes","39443007.95"
"2017","2016-11-30","23233439","23233451","Railroad Unemployment Taxes","672292.16"
"2017","2016-11-30","23233439","23233459","Total -- Unemployment Insurance","3400721013.06"
"2017","2016-11-30","23233351","23233479","Total -- Social Insurance and Retirement Receipts","85576174272.91"
"2017","2016-11-30","23233482","23233486","Miscellaneous Excise Taxes","2054386191.86"
"2017","2016-11-30","23233482","23233489","Airport and Airway Trust Fund","1314358000.00"
"2017","2016-12-31","23708975","23709105","Unemployment Insurance:","null"
"2017","2017-02-28","24739153","24739158","Presidential Election Campaign Fund","null"
"2017","2017-02-28","24739153","24739162","Other","null"
"2017","2017-02-28","24739153","24739164","Total -- Individual Income Taxes","61250807488.21"
"2017","2017-02-28","null","24739168","Corporation Income Taxes","2477733019.93"
"2017","2017-02-28","null","24739170","Social Insurance and Retirement Receipts:","null"
"2017","2017-02-28","24739170","24739175","Employment and General Retirement:","null"
"2017","2017-02-28","24739175","24739179","Federal Old-Age and Survivors Insurance Trust Fund:","null"
"2017","2017-02-28","24739179","24739183","Federal Insurance Contributions Act Taxes","54187000000.00"
"2017","2017-04-30","25861920","25861977","Federal Disability Insurance Trust Fund:","null"
"2017","2017-04-30","25861914","25862105","Unemployment Insurance:","null"
"2017","2017-01-31","24161367","24161375","Federal Insurance Contributions Act Taxes","58829000000.00"
"2017","2017-01-31","24161367","24161377","Self-Employment Contributions Act Taxes","6249000000.00"
"2017","2017-05-31","26467566","26467594","Adjustments Attributable to Prior Years-SECA","null"
"2017","2017-05-31","26467566","26467599","Total -- Federal Disability Insurance Trust Fund","13189000000.00"
"2017","2017-05-31","26467543","26467603","Federal Hospital Insurance Trust Fund:","null"
"2017","2017-05-31","26467603","26467607","Federal Insurance Contributions Act Taxes","18774000000.00"
"2017","2017-05-31","26467603","26467613","Self-Employment Contributions Act Taxes","354000000.00"
"2017","2017-05-31","26467603","26467631","Adjustments Attributable to Prior Years-FICA","null"
"2017","2017-08-31","28672876","28672881","Self-Employment Contributions Act Taxes","645000000.00"
"2017","2017-08-31","28672876","28672887","Adjustments Attributable to Prior Years-FICA","null"
"2017","2017-08-31","28672876","28672889","Adjustments Attrbutable to Prior Years-SECA","null"
"2017","2017-08-31","28672876","28672893","Total -- Federal Old-Age and Survivors Insurance Trust Fund","52772000000.00"
"2017","2017-08-31","28672895","28672898","Federal Insurance Contributions Act Taxes","12317000000.00"
"2017","2017-08-31","28672895","28672900","Self-Employment Contributions Act Taxes","152000000.00"
"2017","2017-08-31","28672895","28672907","Adjustments Attributable to Prior Years-FICA","null"
"2017","2017-08-31","28672895","28672910","Adjustments Attributable to Prior Years-SECA","null"
"2017","2017-08-31","28672951","28672971","Total -- Unemployment Insurance","4217179792.38"
"2017","2017-08-31","28672869","28672976","Other Retirement:","null"
"2017","2017-08-31","28672976","28672978","Federal Employees' Retirement--Employee Share","359775961.78"
"2017","2017-08-31","28672976","28672984","Non-Federal Employees Retirement","2890086.93"
"2017","2017-08-31","28672976","28672986","Total -- Other Retirement","362666048.71"
"2017","2017-09-30","null","29355480","Corporation Income Taxes","63416932557.63"
"2017","2017-09-30","null","29355482","Social Insurance and Retirement Receipts:","null"
"2017","2017-09-30","29355593","29355597","Miscellaneous Excise Taxes","2738703397.02"
"2017","2017-09-30","29355593","29355605","Black Lung Disability Trust Fund","68501000.00"
"2017","2016-11-30","23233355","23233357","Federal Old-Age and Survivors Insurance Trust Fund:","null"
"2017","2016-11-30","23233357","23233361","Federal Insurance Contributions Act Taxes","48752000000.00"
"2017","2016-11-30","23233357","23233363","Self-Employment Contributions Act Taxes","121000000.00"
"2017","2016-11-30","23233355","23233382","Federal Disability Insurance Trust Fund:","null"
"2017","2016-11-30","23233513","23233517","Deposit of Earnings, Federal Reserve System","7264186722.84"
"2017","2016-11-30","23233513","23233519","Universal Service Fund","805597523.23"
"2017","2016-11-30","23233513","23233523","All Other","2185353220.35"
"2017","2016-11-30","23233513","23233525","Total -- Miscellaneous Receipts","10255137466.42"
"2017","2016-11-30","null","23233529","Total -- Receipts","199874954200.26"
"2017","2016-10-31","23125772","23125774","Rail Pension and Supplemental Annuity","213395110.88"
"2017","2016-10-31","23125772","23125778","Social Security Equivalent Account","266163819.31"
"2017","2016-10-31","23125715","23125780","Total -- Employment and General Retirement","76311558930.19"
"2017","2016-10-31","23125712","23125823","Total -- Social Insurance and Retirement Receipts","79360528293.65"
"2017","2016-10-31","23125825","23125831","Miscellaneous Excise Taxes","4500439126.17"
"2017","2016-10-31","23125825","23125833","Airport and Airway Trust Fund","289532000.00"
"2017","2016-10-31","23125825","23125839","Highway Trust Fund","905950374.81"
"2017","2016-10-31","23125825","23125841","Black Lung Disability Trust Fund","11144000.00"
"2017","2016-11-30","23233482","23233497","Black Lung Disability Trust Fund","46674000.00"
"2017","2017-01-31","null","24161339","Individual Income Taxes","null"
"2017","2017-03-31","25307299","25307462","Railroad Retirement:","null"
"2017","2016-11-30","23233439","23233443","Deposits by States","3360605712.95"
"2017","2016-11-30","23233482","23233493","Highway Trust Fund","3815422431.14"
"2017","2017-07-31","28062663","28062667","Deposits by States","3064039220.48"
"2017","2017-07-31","28062663","28062669","Federal Unemployment Taxes","828482074.33"
"2017","2017-07-31","28062663","28062673","Railroad Unemployment Taxes","32465866.15"
"2017","2017-07-31","28062663","28062679","Total -- Unemployment Insurance","3924987160.96"
"2017","2017-07-31","28062545","28062681","Other Retirement:","null"
"2017","2017-07-31","28062681","28062691","Total -- Other Retirement","356226096.13"
"2017","2017-07-31","28062545","28062693","Total -- Social Insurance and Retirement Receipts","88410666934.61"
"2017","2017-07-31","28062697","28062699","Miscellaneous Excise Taxes","2765582088.30"
"2017","2016-12-31","23709093","23709099","Social Security Equivalent Account","219042330.14"
"2017","2016-12-31","23708977","23709101","Total -- Employment and General Retirement","86421420205.13"
"2017","2017-01-31","24161339","24161352","Total -- Individual Income Taxes","197230576977.41"
"2017","2017-01-31","null","24161357","Corporation Income Taxes","9146102410.36"
"2017","2017-01-31","24161359","24161535","Total -- Social Insurance and Retirement Receipts","109754294063.85"
"2017","2017-02-28","24739179","24739199","Adjustments Attributable to Prior Years-FICA","null"
"2017","2017-02-28","24739179","24739209","Total -- Federal Old-Age and Survivors Insurance Trust Fund","54556000000.00"
"2017","2017-02-28","24739319","24739321","Federal Employees' Retirement--Employee Share","319900169.65"
"2017","2017-03-31","25307358","25307368","Federal Insurance Contributions Act Taxes","13964000000.00"
"2017","2017-03-31","25307414","25307456","Total -- Federal Hospital Insurance Trust Fund","20362444212.78"
"2017","2017-03-31","null","25307568","Estate and Gift Taxes","1975813175.13"
"2017","2017-03-31","null","25307572","Customs Duties","2667178598.07"
"2017","2017-04-30","25862081","25862087","Rail Pension and Supplemental Annuity","261204219.92"
"2017","2017-04-30","25862081","25862093","Social Security Equivalent Account","206138100.02"
"2017","2017-04-30","25861920","25862099","Total -- Employment and General Retirement","117523342319.94"
"2017","2017-05-31","26467792","26467797","Universal Service Fund","724495693.24"
"2017","2017-05-31","26467792","26467799","All Other","2441688233.35"
"2017","2017-05-31","26467792","26467801","Total -- Miscellaneous Receipts","11515719371.37"
"2017","2017-06-30","27348813","27348846","Total -- Federal Hospital Insurance Trust Fund","24188146562.98"
"2017","2017-09-30","29355484","29355500","Federal Disability Insurance Trust Fund:","null"
"2017","2017-07-31","28062545","28062663","Unemployment Insurance:","null"
"2017","2017-08-31","28672852","28672863","Other","null"
"2017","2017-08-31","null","28672869","Social Insurance and Retirement Receipts:","null"
"2017","2017-08-31","28672869","28672874","Employment and General Retirement:","null"
"2017","2016-10-31","23125857","23125865","Universal Service Fund","804197541.98"
"2017","2016-10-31","23125857","23125869","All Other","1293849146.10"
"2017","2016-10-31","23125857","23125871","Total -- Miscellaneous Receipts","8376357462.54"
"2017","2016-10-31","null","23125875","Total -- Receipts","221692068170.95"
"2017","2016-10-31","23125875","23125880","Total -- On-Budget","165322068170.95"
"2017","2016-10-31","23125875","23125886","Total -- Off-Budget","56370000000.00"
"2017","2016-11-30","null","23233322","Individual Income Taxes","null"
"2017","2016-11-30","23233322","23233327","Withheld","null"
"2017","2016-11-30","23233322","23233332","Presidential Election Campaign Fund","null"
"2017","2016-11-30","23233322","23233339","Other","null"
"2017","2016-11-30","23233322","23233344","Total -- Individual Income Taxes","91723600936.44"
"2017","2016-11-30","null","23233346","Corporation Income Taxes","642825916.16"
"2017","2016-11-30","null","23233351","Social Insurance and Retirement Receipts:","null"
"2017","2016-11-30","null","23233509","Customs Duties","2896726552.64"
"2017","2016-11-30","null","23233513","Miscellaneous Receipts:","null"
"2017","2016-11-30","23233529","23233539","Total -- Off-Budget","60422000000.00"
"2017","2016-12-31","null","23708937","Individual Income Taxes","null"
"2017","2016-12-31","23708937","23708942","Withheld","null"
"2017","2016-12-31","23708937","23708949","Presidential Election Campaign Fund","null"
"2017","2016-12-31","23708937","23708956","Other","null"
"2017","2016-12-31","23708937","23708963","Total -- Individual Income Taxes","139537309318.68"
"2017","2016-12-31","null","23708969","Corporation Income Taxes","72810751026.21"
"2017","2016-12-31","23709036","23709059","Adjustments Attributable to Prior Years-FICA","334915500.10"
"2017","2016-12-31","23709036","23709063","Adjustments Attributable to Prior Years-SECA","'-353709187.20"
"2017","2016-12-31","23709036","23709065","Total -- Federal Disability Insurance Trust Fund","12280206312.90"
"2017","2016-12-31","23708977","23709069","Federal Hospital Insurance Trust Fund:","null"
"2017","2016-12-31","23709069","23709071","Federal Insurance Contributions Act Taxes","22382000000.00"
"2017","2016-12-31","23709105","23709107","Deposits by States","321135750.34"
"2017","2016-12-31","23709123","23709129","Non-Federal Employees Retirement","2968422.76"
"2017","2017-01-31","24161541","24161553","Airport and Airway Trust Fund","1115291000.00"
"2017","2017-01-31","24161541","24161559","Highway Trust Fund","3232998640.06"
"2017","2017-01-31","24161541","24161565","Black Lung Disability Trust Fund","39607000.00"
"2017","2017-04-30","25861977","25861985","Federal Insurance Contributions Act Taxes","13537000000.00"
"2017","2017-01-31","null","24161583","Customs Duties","2967107185.50"
"2017","2017-01-31","24161589","24161595","Deposit of Earnings, Federal Reserve System","7011514725.01"
"2017","2017-01-31","24161589","24161601","Universal Service Fund","769205909.03"
"2017","2017-01-31","24161589","24161607","All Other","9647310771.59"
"2017","2017-01-31","24161589","24161613","Total -- Miscellaneous Receipts","17428031405.63"
"2017","2017-01-31","null","24161619","Total -- Receipts","344069285128.22"
"2017","2017-01-31","24161619","24161621","Total -- On-Budget","263613285128.22"
"2017","2017-01-31","24161619","24161625","Total -- Off-Budget","80456000000.00"
"2017","2017-02-28","24739175","24739213","Federal Disability Insurance Trust Fund:","null"
"2017","2017-02-28","24739213","24739220","Federal Insurance Contributions Act Taxes","12804000000.00"
"2017","2017-02-28","24739213","24739227","Self-Employment Contributions Act Taxes","87000000.00"
"2017","2017-02-28","24739175","24739293","Total -- Employment and General Retirement","86403750190.84"
"2017","2017-02-28","24739333","24739337","Miscellaneous Excise Taxes","251802742.37"
"2017","2017-02-28","24739333","24739339","Airport and Airway Trust Fund","1352044248.52"
"2017","2017-02-28","24739333","24739343","Highway Trust Fund","3730139440.09"
"2017","2017-02-28","24739333","24739345","Black Lung Disability Trust Fund","27828694.00"
"2017","2017-02-28","24739333","24739349","Total -- Excise Taxes","5361815124.98"
"2017","2017-02-28","null","24739351","Estate and Gift Taxes","1081643656.90"
"2017","2017-02-28","null","24739355","Customs Duties","2489856577.41"
"2017","2017-02-28","24739357","24739361","Deposit of Earnings, Federal Reserve System","5373535695.78"
"2017","2017-02-28","24739357","24739363","Universal Service Fund","748021425.78"
"2017","2017-02-28","24739357","24739367","All Other","3369934635.56"
"2017","2017-02-28","24739357","24739369","Total -- Miscellaneous Receipts","9491491757.12"
"2017","2017-02-28","null","24739373","Total -- Receipts","171712652492.69"
"2017","2017-02-28","24739373","24739379","Total -- On-Budget","104265652492.69"
"2017","2017-02-28","24739373","24739384","Total -- Off-Budget","67447000000.00"
"2017","2017-03-31","null","25307270","Individual Income Taxes","null"
"2017","2017-03-31","25307270","25307273","Withheld","null"
"2017","2017-03-31","25307270","25307276","Presidential Election Campaign Fund","null"
"2017","2017-03-31","25307270","25307278","Other","null"
"2017","2017-03-31","25307270","25307284","Total -- Individual Income Taxes","84072285321.72"
"2017","2016-10-31","23125715","23125752","Federal Hospital Insurance Trust Fund:","null"
"2017","2016-10-31","23125752","23125754","Federal Insurance Contributions Act Taxes","19348000000.00"
"2017","2016-10-31","23125752","23125756","Self-Employment Contributions Act Taxes","114000000.00"
"2017","2017-03-31","null","25307290","Corporation Income Taxes","12879258749.49"
"2017","2017-03-31","null","25307292","Social Insurance and Retirement Receipts:","null"
"2017","2017-03-31","25307292","25307299","Employment and General Retirement:","null"
"2017","2017-03-31","25307299","25307306","Federal Old-Age and Survivors Insurance Trust Fund:","null"
"2017","2017-03-31","25307306","25307308","Federal Insurance Contributions Act Taxes","59097000000.00"
"2017","2017-03-31","25307306","25307314","Self-Employment Contributions Act Taxes","1072000000.00"
"2017","2017-03-31","25307306","25307329","Adjustments Attributable to Prior Years-FICA","9923212.35"
"2017","2017-03-31","25307306","25307339","Adjustments Attrbutable to Prior Years-SECA","'-607212.72"
"2017","2016-11-30","23233398","23233401","Federal Insurance Contributions Act Taxes","20992000000.00"
"2017","2016-11-30","23233398","23233405","Self-Employment Contributions Act Taxes","57000000.00"
"2017","2016-11-30","23233398","23233423","Total -- Federal Hospital Insurance Trust Fund","21049000000.00"
"2017","2017-03-31","25307486","25307515","Total -- Unemployment Insurance","387561306.98"
"2017","2017-03-31","25307521","25307527","Federal Employees' Retirement--Employee Share","339301925.51"
"2017","2017-03-31","25307521","25307529","Non-Federal Employees Retirement","3145945.58"
"2017","2017-03-31","25307521","25307534","Total -- Other Retirement","342447871.09"
"2017","2017-03-31","25307544","25307548","Miscellaneous Excise Taxes","3314052482.06"
"2017","2017-03-31","25307544","25307552","Airport and Airway Trust Fund","1091125000.00"
"2017","2017-03-31","25307544","25307556","Highway Trust Fund","3189204777.77"
"2017","2017-03-31","25307544","25307560","Black Lung Disability Trust Fund","38741000.00"
"2017","2017-03-31","25307544","25307564","Total -- Excise Taxes","7633123259.83"
"2017","2017-03-31","25307576","25307584","Universal Service Fund","787670877.06"
"2017","2016-12-31","23709161","23709167","Universal Service Fund","794131181.00"
"2017","2016-12-31","23709161","23709171","All Other","1743596628.60"
"2017","2016-12-31","23709161","23709173","Total -- Miscellaneous Receipts","8445580569.15"
"2017","2016-12-31","null","23709177","Total -- Receipts","319204134149.29"
"2017","2016-12-31","23709177","23709183","Total -- On-Budget","254986484809.54"
"2017","2016-12-31","23709177","23709189","Total -- Off-Budget","64217649339.75"
"2017","2017-03-31","25307462","25307468","Rail Pension and Supplemental Annuity","286674480.83"
"2017","2017-03-31","25307462","25307474","Social Security Equivalent Account","270013412.33"
"2017","2017-03-31","25307299","25307480","Total -- Employment and General Retirement","95316284310.96"
"2017","2017-03-31","25307292","25307486","Unemployment Insurance:","null"
"2017","2017-03-31","25307486","25307492","Deposits by States","357900633.64"
"2017","2017-03-31","25307486","25307498","Federal Unemployment Taxes","29581545.82"
"2017","2017-03-31","25307486","25307504","Railroad Unemployment Taxes","79127.52"
"2017","2017-05-31","26467721","26467729","Federal Employees' Retirement--Employee Share","322432108.11"
"2017","2017-05-31","26467721","26467737","Non-Federal Employees Retirement","3032968.36"
"2017","2017-05-31","26467721","26467744","Total -- Other Retirement","325465076.47"
"2017","2017-06-30","27348724","27348738","Total -- Individual Income Taxes","150546352228.00"
"2017","2017-06-30","null","27348741","Corporation Income Taxes","57371132286.76"
"2017","2017-06-30","27348755","27348767","Adjustments Attributable to Prior Years-FICA","4208597028.97"
"2017","2017-06-30","27348755","27348770","Adjustments Attrbutable to Prior Years-SECA","'-42627799.82"
"2017","2017-06-30","27348755","27348772","Total -- Federal Old-Age and Survivors Insurance Trust Fund","69739969229.15"
"2017","2017-06-30","27348775","27348780","Federal Insurance Contributions Act Taxes","14189000000.00"
"2017","2017-06-30","27348775","27348784","Self-Employment Contributions Act Taxes","1305000000.00"
"2017","2017-06-30","27348775","27348794","Adjustments Attributable to Prior Years-FICA","972724571.12"
"2017","2017-06-30","27348745","27348879","Unemployment Insurance:","null"
"2017","2016-11-30","23233351","23233355","Employment and General Retirement:","null"
"2017","2016-11-30","23233355","23233398","Federal Hospital Insurance Trust Fund:","null"
"2017","2016-11-30","23233355","23233427","Railroad Retirement:","null"
"2017","2016-11-30","23233427","23233429","Rail Pension and Supplemental Annuity","207667993.59"
"2017","2016-11-30","23233427","23233433","Social Security Equivalent Account","176098310.69"
"2017","2017-04-30","25861884","25861891","Presidential Election Campaign Fund","null"
"2017","2017-04-30","25861884","25861896","Other","null"
"2017","2017-04-30","25861884","25861902","Total -- Individual Income Taxes","249319523033.41"
"2017","2017-04-30","null","25861909","Corporation Income Taxes","59720871770.96"
"2017","2017-04-30","25861914","25861920","Employment and General Retirement:","null"
"2017","2017-08-31","28672994","28673000","Miscellaneous Excise Taxes","2880028047.33"
"2017","2017-08-31","28672994","28673002","Airport and Airway Trust Fund","1424660322.62"
"2017","2017-08-31","28672994","28673008","Highway Trust Fund","3088450323.38"
"2017","2017-08-31","28672994","28673010","Black Lung Disability Trust Fund","23336963.00"
"2017","2017-08-31","28672994","28673016","Total -- Excise Taxes","7416475656.33"
"2017","2017-08-31","null","28673018","Estate and Gift Taxes","1764512280.72"
"2017","2017-08-31","null","28673022","Customs Duties","2947230035.81"
"2017","2017-08-31","null","28673024","Miscellaneous Receipts:","null"
"2017","2017-08-31","28673024","28673028","Deposit of Earnings, Federal Reserve System","7010249860.02"
"2017","2017-08-31","28673024","28673030","Universal Service Fund","725792357.33"
"2017","2017-08-31","28673024","28673033","All Other","6330845993.28"
"2017","2016-10-31","23125698","23125708","Total -- Individual Income Taxes","121576061846.56"
"2017","2016-10-31","null","23125710","Corporation Income Taxes","2277224542.37"
"2017","2016-10-31","23125717","23125719","Federal Insurance Contributions Act Taxes","45352000000.00"
"2017","2016-10-31","23125717","23125722","Self-Employment Contributions Act Taxes","244000000.00"
"2017","2016-10-31","23125717","23125732","Total -- Federal Old-Age and Survivors Insurance Trust Fund","45596000000.00"
"2017","2016-10-31","23125715","23125735","Federal Disability Insurance Trust Fund:","null"
"2017","2016-10-31","23125825","23125847","Total -- Excise Taxes","5707065500.98"
"2017","2016-10-31","null","23125849","Estate and Gift Taxes","1325571973.41"
"2017","2016-10-31","null","23125855","Customs Duties","3069258551.44"
"2017","2016-11-30","23233357","23233378","Total -- Federal Old-Age and Survivors Insurance Trust Fund","48873000000.00"
"2017","2016-11-30","23233382","23233384","Federal Insurance Contributions Act Taxes","11520000000.00"
"2017","2016-11-30","23233382","23233386","Self-Employment Contributions Act Taxes","29000000.00"
"2017","2016-11-30","23233382","23233396","Total -- Federal Disability Insurance Trust Fund","11549000000.00"
"2017","2016-11-30","23233529","23233534","Total -- On-Budget","139452954200.26"
"2017","2016-12-31","23709069","23709087","Adjustments Attributable to Prior Years-SECA","'-1039320171.74"
"2017","2016-12-31","23709069","23709089","Total -- Federal Hospital Insurance Trust Fund","21798062084.50"
"2017","2016-12-31","23709093","23709095","Rail Pension and Supplemental Annuity","186666450.74"
"2017","2016-12-31","23708977","23708984","Federal Old-Age and Survivors Insurance Trust Fund:","null"
"2017","2016-12-31","23708984","23708991","Federal Insurance Contributions Act Taxes","51597000000.00"
"2017","2016-12-31","23708984","23709002","Self-Employment Contributions Act Taxes","452000000.00"
"2017","2016-12-31","23708984","23709012","Adjustments Attributable to Prior Years-FICA","1971336606.34"
"2017","2016-12-31","23708984","23709021","Adjustments Attrbutable to Prior Years-SECA","'-2082893579.49"
"2017","2016-12-31","23709123","23709131","Total -- Other Retirement","398832364.23"
"2017","2016-12-31","23708975","23709135","Total -- Social Insurance and Retirement Receipts","87194909581.55"
"2017","2016-12-31","23709137","23709141","Miscellaneous Excise Taxes","1665285208.57"
"2017","2016-12-31","23709137","23709143","Airport and Airway Trust Fund","1212174000.00"
"2017","2016-12-31","23709137","23709147","Highway Trust Fund","3517777009.71"
"2017","2016-12-31","23709137","23709149","Black Lung Disability Trust Fund","43047000.00"
"2017","2016-12-31","23709137","23709153","Total -- Excise Taxes","6438283218.28"
"2017","2016-12-31","null","23709155","Estate and Gift Taxes","1931006559.51"
"2017","2016-12-31","null","23709159","Customs Duties","2846293875.91"
"2017","2016-12-31","23709161","23709165","Deposit of Earnings, Federal Reserve System","5907852759.55"
"2017","2017-01-31","24161339","24161345","Presidential Election Campaign Fund","null"
"2017","2017-01-31","24161339","24161350","Other","null"
"2017","2017-01-31","24161485","24161491","Federal Unemployment Taxes","2825998569.98"
"2017","2017-01-31","24161485","24161496","Railroad Unemployment Taxes","28357819.51"
"2017","2017-01-31","24161485","24161506","Total -- Unemployment Insurance","4688932093.67"
"2017","2017-01-31","24161359","24161511","Other Retirement:","null"
"2017","2017-01-31","24161511","24161517","Federal Employees' Retirement--Employee Share","366761699.77"
"2017","2017-01-31","24161511","24161523","Non-Federal Employees Retirement","3168438.93"
"2017","2017-01-31","24161511","24161529","Total -- Other Retirement","369930138.70"
"2017","2017-01-31","24161541","24161571","Total -- Excise Taxes","5116441539.03"
"2017","2017-01-31","null","24161577","Estate and Gift Taxes","2426731546.44"
"2017","2017-08-31","28672914","28672920","Receipts from Railroad Retirement Board","null"
"2017","2017-05-31","26467539","26467543","Employment and General Retirement:","null"
"2017","2017-05-31","26467543","26467547","Federal Old-Age and Survivors Insurance Trust Fund:","null"
"2017","2017-05-31","26467547","26467549","Federal Insurance Contributions Act Taxes","55060000000.00"
"2017","2017-05-31","26467547","26467560","Adjustments Attrbutable to Prior Years-SECA","null"
"2017","2017-05-31","26467547","26467563","Total -- Federal Old-Age and Survivors Insurance Trust Fund","55816000000.00"
"2017","2017-05-31","26467543","26467566","Federal Disability Insurance Trust Fund:","null"
"2017","2017-05-31","26467566","26467568","Federal Insurance Contributions Act Taxes","13010000000.00"
"2017","2017-05-31","26467566","26467572","Self-Employment Contributions Act Taxes","179000000.00"
"2017","2017-05-31","26467566","26467587","Adjustments Attributable to Prior Years-FICA","null"
"2017","2017-05-31","26467603","26467637","Adjustments Attributable to Prior Years-SECA","null"
"2017","2017-05-31","26467603","26467642","Total -- Federal Hospital Insurance Trust Fund","19128000000.00"
"2017","2017-05-31","26467648","26467654","Rail Pension and Supplemental Annuity","293561809.33"
"2017","2017-05-31","26467648","26467660","Social Security Equivalent Account","242662625.04"
"2017","2017-05-31","26467543","26467666","Total -- Employment and General Retirement","88669224434.37"
"2017","2017-05-31","26467539","26467673","Unemployment Insurance:","null"
"2017","2017-05-31","26467673","26467681","Deposits by States","14891733395.98"
"2017","2017-07-31","28062585","28062597","Self-Employment Contributions Act Taxes","136000000.00"
"2017","2017-07-31","28062585","28062608","Adjustments Attributable to Prior Years-FICA","null"
"2017","2017-07-31","28062585","28062614","Adjustments Attributable to Prior Years-SECA","null"
"2017","2017-07-31","28062547","28062661","Total -- Employment and General Retirement","84129453677.52"
"2017","2017-07-31","28062697","28062703","Airport and Airway Trust Fund","1364029304.63"
"2017","2017-07-31","28062697","28062705","Highway Trust Fund","3637726800.55"
"2017","2017-07-31","28062697","28062709","Black Lung Disability Trust Fund","33070000.00"
"2017","2017-07-31","null","28062715","Estate and Gift Taxes","1444700595.08"
"2017","2017-07-31","null","28062717","Customs Duties","3188220343.36"
"2017","2017-07-31","28062721","28062729","All Other","1452429078.39"
"2017","2017-07-31","28062721","28062733","Total -- Miscellaneous Receipts","8710164226.51"
"2017","2017-07-31","null","28062735","Total -- Receipts","232040148453.61"
"2017","2017-07-31","28062735","28062738","Total -- On-Budget","167405148453.61"
"2017","2017-08-31","null","28672852","Individual Income Taxes","null"
"2017","2017-08-31","28672852","28672859","Presidential Election Campaign Fund","null"
"2017","2017-08-31","28673038","28673043","Total -- On-Budget","161069969292.50"
"2017","2017-09-30","29355470","29355472","Withheld","null"
"2017","2017-09-30","29355470","29355474","Presidential Election Campaign Fund","null"
"2017","2017-09-30","29355482","29355484","Employment and General Retirement:","null"
"2017","2017-02-28","24739153","24739156","Withheld","null"
"2017","2017-04-30","25861914","25862130","Other Retirement:","null"
"2017","2017-06-30","27348755","27348758","Federal Insurance Contributions Act Taxes","60048000000.00"
"2017","2017-06-30","27348755","27348761","Self-Employment Contributions Act Taxes","5526000000.00"
"2017","2017-06-30","27348751","27348775","Federal Disability Insurance Trust Fund:","null"
"2017","2017-07-31","null","28062523","Individual Income Taxes","null"
"2017","2017-07-31","28062523","28062525","Withheld","null"
"2017","2017-07-31","28062547","28062552","Federal Old-Age and Survivors Insurance Trust Fund:","null"
"2017","2017-07-31","28062552","28062556","Federal Insurance Contributions Act Taxes","51703000000.00"
"2017","2017-07-31","28062552","28062561","Self-Employment Contributions Act Taxes","578000000.00"
"2017","2017-07-31","28062552","28062570","Adjustments Attributable to Prior Years-FICA","null"
"2017","2017-07-31","null","28062721","Miscellaneous Receipts:","null"
"2017","2017-07-31","28062721","28062723","Deposit of Earnings, Federal Reserve System","6487913425.57"
"2017","2017-07-31","28062721","28062727","Universal Service Fund","769821722.55"
"2017","2017-09-30","29355470","29355476","Other","null"
"2017","2016-11-30","23233351","23233463","Other Retirement:","null"
"2017","2016-11-30","23233463","23233467","Federal Employees' Retirement--Employee Share","317716152.49"
"2017","2016-11-30","23233463","23233471","Non-Federal Employees Retirement","2970803.08"
"2017","2016-11-30","23233463","23233475","Total -- Other Retirement","320686955.57"
"2017","2016-11-30","null","23233482","Excise Taxes:","null"
"2017","2017-09-30","null","29355611","Estate and Gift Taxes","1595758483.06"
"2017","2017-09-30","null","29355615","Customs Duties","3201268781.01"
"2017","2017-09-30","29355617","29355621","Deposit of Earnings, Federal Reserve System","5142209578.97"
"2017","2017-09-30","29355617","29355623","Universal Service Fund","711919469.56"
"2017","2017-09-30","29355617","29355627","All Other","2168725770.81"
"2017","2017-09-30","29355617","29355629","Total -- Miscellaneous Receipts","8022854819.34"
"2017","2017-02-28","24739213","24739239","Adjustments Attributable to Prior Years-FICA","null"
"2017","2017-02-28","24739213","24739245","Adjustments Attributable to Prior Years-SECA","null"
"2017","2017-02-28","24739213","24739248","Total -- Federal Disability Insurance Trust Fund","12891000000.00"
"2017","2017-02-28","24739175","24739254","Federal Hospital Insurance Trust Fund:","null"
"2017","2017-02-28","24739254","24739258","Federal Insurance Contributions Act Taxes","18222000000.00"
"2017","2017-02-28","24739254","24739264","Self-Employment Contributions Act Taxes","174000000.00"
"2017","2017-02-28","24739254","24739275","Adjustments Attributable to Prior Years-FICA","null"
"2017","2017-02-28","24739254","24739279","Adjustments Attributable to Prior Years-SECA","null"
"2017","2017-02-28","24739254","24739281","Total -- Federal Hospital Insurance Trust Fund","18396000000.00"
"2017","2017-02-28","24739175","24739285","Railroad Retirement:","null"
"2017","2017-02-28","24739285","24739287","Rail Pension and Supplemental Annuity","347033381.83"
"2017","2017-02-28","24739285","24739291","Social Security Equivalent Account","213716809.01"
"2017","2017-02-28","24739170","24739297","Unemployment Insurance:","null"
"2017","2017-02-28","24739297","24739299","Deposits by States","2632114900.84"
"2017","2017-02-28","24739297","24739304","Federal Unemployment Taxes","199230378.46"
"2017","2017-02-28","24739297","24739308","Railroad Unemployment Taxes","1627106.18"
"2017","2017-02-28","24739297","24739315","Total -- Unemployment Insurance","2832972385.48"
"2017","2017-02-28","24739179","24739203","Adjustments Attrbutable to Prior Years-SECA","null"
"2017","2017-04-30","25862168","25862171","Total -- On-Budget","365351376801.89"
"2017","2017-04-30","25862168","25862174","Total -- Off-Budget","90254000000.00"
"2017","2017-05-31","26467518","26467528","Other","null"
"2017","2017-06-30","27348751","27348854","Railroad Retirement:","null"
"2017","2017-06-30","27348879","27348885","Deposits by States","299086901.72"
"2017","2016-10-31","23125712","23125784","Unemployment Insurance:","null"
"2017","2016-11-30","23233482","23233501","Total -- Excise Taxes","7230840623.00"
"2017","2016-11-30","null","23233505","Estate and Gift Taxes","1549648432.69"
"2017","2016-12-31","23709069","23709083","Adjustments Attributable to Prior Years-FICA","222382256.24"
"2017","2017-01-31","24161440","24161471","Total -- Federal Hospital Insurance Trust Fund","23612000000.00"
"2017","2017-01-31","24161365","24161473","Railroad Retirement:","null"
"2017","2017-01-31","24161473","24161477","Rail Pension and Supplemental Annuity","289038529.98"
"2017","2017-04-30","25861920","25862033","Federal Hospital Insurance Trust Fund:","null"
"2017","2017-02-28","24739319","24739325","Non-Federal Employees Retirement","2682122.17"
"2017","2017-02-28","24739319","24739327","Total -- Other Retirement","322582291.82"
"2017","2017-02-28","24739170","24739331","Total -- Social Insurance and Retirement Receipts","89559304868.14"
"2017","2017-03-31","25307306","25307348","Total -- Federal Old-Age and Survivors Insurance Trust Fund","60178315999.63"
"2017","2017-03-31","25307299","25307358","Federal Disability Insurance Trust Fund:","null"
"2017","2017-03-31","25307292","25307521","Other Retirement:","null"
"2017","2017-04-30","25861926","25861961","Adjustments Attrbutable to Prior Years-SECA","null"
"2017","2017-04-30","25861926","25861969","Total -- Federal Old-Age and Survivors Insurance Trust Fund","73004000000.00"
"2017","2017-04-30","25861977","25861993","Self-Employment Contributions Act Taxes","3713000000.00"
"2017","2017-04-30","25861977","25862009","Adjustments Attributable to Prior Years-FICA","null"
"2017","2017-04-30","25862105","25862117","Federal Unemployment Taxes","887805565.07"
"2017","2017-04-30","25862105","25862127","Total -- Unemployment Insurance","5108675136.37"
"2017","2017-05-31","26467518","26467520","Withheld","null"
"2017","2017-05-31","26467518","26467531","Total -- Individual Income Taxes","103981198209.16"
"2017","2017-05-31","null","26467535","Corporation Income Taxes","5935401776.91"
"2017","2017-05-31","null","26467539","Social Insurance and Retirement Receipts:","null"
"2017","2017-05-31","26467792","26467795","Deposit of Earnings, Federal Reserve System","8349535444.78"
"2017","2017-06-30","27348915","27348927","Non-Federal Employees Retirement","3021100.94"
"2017","2017-04-30","25862130","25862133","Federal Employees' Retirement--Employee Share","319984497.00"
"2017","2017-04-30","25862130","25862136","Non-Federal Employees Retirement","2675342.78"
"2017","2017-04-30","25862130","25862138","Total -- Other Retirement","322659839.78"
"2017","2017-04-30","25861914","25862140","Total -- Social Insurance and Retirement Receipts","122954677296.09"
"2017","2017-04-30","null","25862142","Excise Taxes:","null"
"2017","2017-04-30","25862142","25862144","Miscellaneous Excise Taxes","'-468291567.71"
"2017","2017-04-30","25862142","25862146","Airport and Airway Trust Fund","1220134000.00"
"2017","2017-04-30","25862142","25862148","Highway Trust Fund","3562466933.39"
"2017","2017-04-30","25862142","25862150","Black Lung Disability Trust Fund","43321000.00"
"2017","2017-04-30","25862142","25862152","Total -- Excise Taxes","4357630365.68"
"2017","2017-04-30","null","25862154","Estate and Gift Taxes","4198433240.20"
"2017","2017-04-30","null","25862156","Customs Duties","3009284843.75"
"2017","2017-04-30","null","25862158","Miscellaneous Receipts:","null"
"2017","2017-04-30","25862158","25862160","Deposit of Earnings, Federal Reserve System","6582178992.42"
"2017","2017-04-30","25862158","25862162","Universal Service Fund","741749567.37"
"2017","2017-04-30","25862158","25862164","All Other","4721027692.01"
"2017","2017-04-30","25862158","25862166","Total -- Miscellaneous Receipts","12044956251.80"
"2017","2017-04-30","null","25862168","Total -- Receipts","455605376801.89"
"2017","2016-10-31","23125698","23125700","Withheld","null"
"2017","2016-10-31","23125806","23125816","Total -- Other Retirement","326332162.46"
"2017","2017-03-31","25307358","25307378","Self-Employment Contributions Act Taxes","253000000.00"
"2017","2017-03-31","25307358","25307395","Adjustments Attributable to Prior Years-FICA","1947897.40"
"2017","2017-03-31","25307358","25307402","Adjustments Attributable to Prior Years-SECA","'-111692.01"
"2017","2017-03-31","25307358","25307408","Total -- Federal Disability Insurance Trust Fund","14218836205.39"
"2017","2017-03-31","25307414","25307444","Adjustments Attributable to Prior Years-FICA","'-952837.23"
"2017","2017-03-31","25307414","25307450","Adjustments Attributable to Prior Years-SECA","'-602949.99"
"2017","2017-04-30","25861926","25861932","Federal Insurance Contributions Act Taxes","57290000000.00"
"2017","2017-01-31","24161365","24161440","Federal Hospital Insurance Trust Fund:","null"
"2017","2017-05-31","null","26467803","Total -- Receipts","240417974932.52"
"2017","2017-05-31","26467803","26467806","Total -- On-Budget","171412974932.52"
"2017","2017-05-31","26467803","26467809","Total -- Off-Budget","69005000000.00"
"2017","2017-06-30","27348813","27348836","Adjustments Attributable to Prior Years-FICA","7698807.02"
"2017","2017-06-30","27348813","27348844","Adjustments Attributable to Prior Years-SECA","'-10952244.04"
"2017","2017-03-31","null","25307544","Excise Taxes:","null"
"2017","2017-03-31","null","25307596","Total -- Receipts","216583554428.19"
"2017","2017-03-31","25307596","25307599","Total -- On-Budget","142186402223.17"
"2017","2017-03-31","25307596","25307602","Total -- Off-Budget","74397152205.02"
"2017","2017-04-30","25861920","25861926","Federal Old-Age and Survivors Insurance Trust Fund:","null"
"2017","2017-05-31","26467518","26467523","Presidential Election Campaign Fund","null"
"2017","2017-08-31","28672951","28672963","Railroad Unemployment Taxes","482018.14"
"2017","2017-08-31","28672869","28672992","Total -- Social Insurance and Retirement Receipts","89473372678.35"
"2017","2017-08-31","28673024","28673035","Total -- Miscellaneous Receipts","14066888210.63"
"2017","2017-08-31","null","28673038","Total -- Receipts","226310969292.50"
"2017","2017-09-30","29355470","29355478","Total -- Individual Income Taxes","165122621117.04"
"2017","2017-09-30","29355484","29355486","Federal Old-Age and Survivors Insurance Trust Fund:","null"
"2017","2017-09-30","29355486","29355488","Federal Insurance Contributions Act Taxes","52177841750.00"
"2017","2017-09-30","29355486","29355490","Self-Employment Contributions Act Taxes","6045000000.00"
"2017","2017-09-30","29355486","29355494","Adjustments Attributable to Prior Years-FICA","'-3086564.15"
"2017","2017-09-30","29355486","29355496","Adjustments Attrbutable to Prior Years-SECA","'-4123320.15"
"2017","2017-06-30","null","27348976","Miscellaneous Receipts:","null"
"2017","2017-05-31","26467756","26467779","Black Lung Disability Trust Fund","18673715.35"
"2017","2017-05-31","26467756","26467783","Total -- Excise Taxes","8123278930.77"
"2017","2017-05-31","null","26467786","Estate and Gift Taxes","2014936737.24"
"2017","2017-05-31","null","26467789","Customs Duties","2421280494.44"
"2017","2017-05-31","null","26467792","Miscellaneous Receipts:","null"
"2017","2017-08-31","28672852","28672865","Total -- Individual Income Taxes","109305501909.35"
"2017","2017-08-31","null","28672867","Corporation Income Taxes","1336988521.31"
"2017","2017-02-28","24739170","24739319","Other Retirement:","null"
"2017","2017-09-30","29355484","29355520","Federal Hospital Insurance Trust Fund:","null"
"2017","2017-09-30","29355520","29355523","Federal Insurance Contributions Act Taxes","19958000000.00"
"2017","2017-09-30","29355520","29355526","Self-Employment Contributions Act Taxes","3056000000.00"
"2017","2017-09-30","29355520","29355528","Receipts from Railroad Retirement Board","null"
"2017","2017-09-30","29355561","29355563","Deposits by States","358573363.67"
"2017","2016-10-31","null","23125857","Miscellaneous Receipts:","null"
"2017","2017-02-28","null","24739333","Excise Taxes:","null"
"2017","2017-05-31","26467673","26467689","Federal Unemployment Taxes","2533686386.57"
"2017","2017-05-31","26467673","26467697","Railroad Unemployment Taxes","6050119.24"
"2017","2017-05-31","26467673","26467713","Total -- Unemployment Insurance","17431469901.79"
"2017","2017-06-30","27348751","27348755","Federal Old-Age and Survivors Insurance Trust Fund:","null"
"2017","2017-06-30","27348775","27348802","Adjustments Attributable to Prior Years-SECA","'-7249180.13"
"2017","2017-06-30","27348775","27348805","Total -- Federal Disability Insurance Trust Fund","16459475390.99"
"2017","2017-06-30","27348976","27348988","Total -- Miscellaneous Receipts","7999305255.18"
"2017","2017-06-30","null","27348993","Total -- Receipts","338660487713.46"
"2017","2017-06-30","27348993","27348996","Total -- On-Budget","252461043093.32"
"2017","2017-06-30","27348993","27348998","Total -- Off-Budget","86199444620.14"
"2017","2017-07-31","28062552","28062578","Total -- Federal Old-Age and Survivors Insurance Trust Fund","52281000000.00"
"2017","2017-07-31","28062547","28062585","Federal Disability Insurance Trust Fund:","null"
"2017","2017-09-30","29355500","29355515","Adjustments Attributable to Prior Years-SECA","'-711491.79"
"2017","2017-09-30","29355500","29355517","Total -- Federal Disability Insurance Trust Fund","13757802179.99"
"2017","2017-09-30","29355520","29355533","Adjustments Attributable to Prior Years-FICA","'-852817.08"
"2017","2017-09-30","29355520","29355539","Adjustments Attributable to Prior Years-SECA","'-1538663.80"
"2017","2017-09-30","29355520","29355542","Total -- Federal Hospital Insurance Trust Fund","23011608519.12"
"2017","2017-09-30","29355547","29355550","Rail Pension and Supplemental Annuity","243347687.09"
"2017","2017-09-30","29355547","29355555","Social Security Equivalent Account","199577981.30"
"2017","2017-09-30","29355484","29355557","Total -- Employment and General Retirement","95427968233.20"
"2017","2017-09-30","29355561","29355567","Federal Unemployment Taxes","25918091.68"
"2017","2017-09-30","29355561","29355569","Railroad Unemployment Taxes","16035.54"
"2017","2017-09-30","29355561","29355575","Total -- Unemployment Insurance","384507490.89"
"2017","2017-09-30","29355482","29355579","Other Retirement:","null"
"2017","2017-09-30","29355579","29355581","Federal Employees' Retirement--Employee Share","328839617.67"
"2017","2017-01-31","24161440","24161463","Adjustments Attributable to Prior Years-FICA","null"
"2017","2017-01-31","24161440","24161467","Adjustments Attributable to Prior Years-SECA","null"
"2017","2017-01-31","24161473","24161479","Social Security Equivalent Account","338393301.50"
"2017","2017-01-31","24161365","24161483","Total -- Employment and General Retirement","104695431831.48"
"2017","2017-01-31","24161485","24161489","Deposits by States","1834575704.18"
"2017","2017-02-28","null","24739153","Individual Income Taxes","null"
"2017","2017-04-30","null","25861884","Individual Income Taxes","null"
"2017","2017-05-31","26467539","26467721","Other Retirement:","null"
"2017","2017-07-31","28062547","28062623","Federal Hospital Insurance Trust Fund:","null"
"2017","2017-04-30","null","25861914","Social Insurance and Retirement Receipts:","null"
"2017","2017-05-31","null","26467756","Excise Taxes:","null"
"2017","2017-07-31","null","28062697","Excise Taxes:","null"
"2017","2016-11-30","23233351","23233439","Unemployment Insurance:","null"
"2017","2016-12-31","null","23709161","Miscellaneous Receipts:","null"
"2017","2017-05-31","26467543","26467648","Railroad Retirement:","null"
"2017","2017-09-30","null","29355470","Individual Income Taxes","null"
"2017","2017-09-30","null","29355593","Excise Taxes:","null"
"2017","2016-12-31","23708977","23709093","Railroad Retirement:","null"
"2017","2017-01-31","24161359","24161485","Unemployment Insurance:","null"
"2017","2017-09-30","29355484","29355547","Railroad Retirement:","null"
"2017","2017-08-31","28672869","28672951","Unemployment Insurance:","null"
"2017","2017-06-30","null","27348724","Individual Income Taxes","null"
"2017","2017-06-30","27348724","27348727","Withheld","null"
"2018","2017-12-31","31062384","31062390","Total -- Off-Budget","61801449846.75"
"2018","2017-12-31","null","31062366","Customs Duties","3106714454.49"
"2018","2018-01-31","31635280","31635282","Presidential Election Campaign Fund","null"
"2018","2018-02-28","31883772","31883803","Total -- Federal Hospital Insurance Trust Fund","18818000000.00"
"2018","2017-12-31","31062351","31062352","Federal Employees' Retirement--Employee Share","419852043.51"
"2018","2017-10-31","29787911","29787919","Universal Service Fund","701345549.98"
"2018","2017-10-31","29787911","29787923","All Other","1484408465.55"
"2018","2018-01-31","31635313","31635340","Total -- Federal Old-Age and Survivors Insurance Trust Fund","66734000000.00"
"2018","2017-11-30","30756725","30756727","Employment and General Retirement:","null"
"2018","2018-01-31","31635342","31635346","Self-Employment Contributions Act Taxes","1477000000.00"
"2018","2018-01-31","31635307","31635410","Railroad Retirement:","null"
"2018","2017-12-31","31062319","31062320","Federal Insurance Contributions Act Taxes","55160000000.00"
"2018","2017-12-31","31062351","31062353","Non-Federal Employees Retirement","2379614.62"
"2018","2017-12-31","31062351","31062354","Total -- Other Retirement","422231658.13"
"2018","2017-12-31","31062326","31062332","Total -- Federal Disability Insurance Trust Fund","11941417958.40"
"2018","2018-01-31","31635410","31635416","Rail Pension and Supplemental Annuity","329439375.99"
"2018","2017-12-31","null","31062384","Total -- Receipts","325796890249.97"
"2018","2017-12-31","31062333","31062334","Federal Insurance Contributions Act Taxes","23358000000.00"
"2018","2017-12-31","31062384","31062387","Total -- On-Budget","263995440403.22"
"2018","2017-12-31","31062317","31062355","Total -- Social Insurance and Retirement Receipts","84648349954.24"
"2018","2017-10-31","29787644","29787645","Withheld","null"
"2018","2017-12-31","31062356","31062362","Total -- Excise Taxes","4754752841.73"
"2018","2017-10-31","29787644","29787647","Presidential Election Campaign Fund","null"
"2018","2018-01-31","31635280","31635284","Other","null"
"2018","2018-01-31","31635410","31635423","Social Security Equivalent Account","370812715.20"
"2018","2018-01-31","31635497","31635501","Miscellaneous Excise Taxes","5212769703.79"
"2018","2018-01-31","31635549","31635555","Total -- Off-Budget","82503000000.00"
"2018","2018-02-28","31883713","31883714","Withheld","null"
"2018","2018-02-28","31883713","31883717","Presidential Election Campaign Fund","null"
"2018","2018-02-28","31883735","31883745","Adjustments Attrbutable to Prior Years-SECA","null"
"2018","2018-02-28","31883735","31883747","Total -- Federal Old-Age and Survivors Insurance Trust Fund","55363000000.00"
"2018","2018-02-28","31883810","31883816","Rail Pension and Supplemental Annuity","380303751.82"
"2018","2018-02-28","31883810","31883822","Social Security Equivalent Account","299392955.83"
"2018","2018-02-28","31883733","31883828","Total -- Employment and General Retirement","87942696707.65"
"2018","2018-02-28","31883834","31883840","Deposits by States","2585049784.84"
"2018","2018-02-28","31883834","31883846","Federal Unemployment Taxes","205030023.32"
"2018","2018-03-31","32272795","32272797","Federal Insurance Contributions Act Taxes","14181000000.00"
"2018","2018-03-31","32272795","32272799","Self-Employment Contributions Act Taxes","243000000.00"
"2018","2018-03-31","32272795","32272805","Adjustments Attributable to Prior Years-SECA","'-120231.84"
"2018","2018-03-31","32272795","32272807","Total -- Federal Disability Insurance Trust Fund","14423837754.31"
"2018","2018-03-31","32272809","32272824","Adjustments Attributable to Prior Years-SECA","522203.80"
"2018","2018-03-31","32272809","32272828","Total -- Federal Hospital Insurance Trust Fund","20796949698.28"
"2018","2018-04-30","32583450","32583462","Total -- Federal Disability Insurance Trust Fund","17482000000.00"
"2018","2018-05-31","33037616","33037618","Federal Old-Age and Survivors Insurance Trust Fund:","null"
"2018","2018-05-31","33037618","33037628","Adjustments Attrbutable to Prior Years-SECA","null"
"2018","2018-05-31","33037618","33037630","Total -- Federal Old-Age and Survivors Insurance Trust Fund","56905000000.00"
"2018","2018-05-31","33037691","33037703","Federal Unemployment Taxes","105244101.53"
"2018","2018-05-31","33037691","33037708","Railroad Unemployment Taxes","887693.59"
"2018","2018-05-31","33037749","33037755","Miscellaneous Excise Taxes","2434674427.54"
"2018","2018-05-31","33037749","33037761","Airport and Airway Trust Fund","1364365589.81"
"2018","2018-05-31","33037749","33037767","Highway Trust Fund","3492847875.52"
"2018","2018-05-31","33037793","33037801","Universal Service Fund","'-955411097.95"
"2018","2017-12-31","null","31062364","Estate and Gift Taxes","1712256575.97"
"2018","2018-05-31","null","33037749","Excise Taxes:","null"
"2018","2018-05-31","33037793","33037805","All Other","1591520485.70"
"2018","2018-05-31","33037793","33037809","Total -- Miscellaneous Receipts","6265366970.06"
"2018","2018-05-31","null","33037813","Total -- Receipts","217074937894.33"
"2018","2018-05-31","33037813","33037816","Total -- On-Budget","146722937894.33"
"2018","2018-06-30","33366278","33366282","Self-Employment Contributions Act Taxes","3085000000.00"
"2018","2018-06-30","33366248","33366316","Total -- Employment and General Retirement","93625255879.09"
"2018","2018-06-30","33366322","33366328","Deposits by States","281795389.35"
"2018","2018-06-30","33366322","33366339","Railroad Unemployment Taxes","55213.08"
"2018","2018-06-30","33366322","33366350","Total -- Unemployment Insurance","313260920.03"
"2018","2018-06-30","33366246","33366356","Other Retirement:","null"
"2018","2018-06-30","33366392","33366408","Airport and Airway Trust Fund","1684191087.30"
"2018","2018-06-30","33366392","33366416","Highway Trust Fund","4251999426.57"
"2018","2018-06-30","33366478","33366504","Total -- Miscellaneous Receipts","9089810554.08"
"2018","2018-07-31","33719413","33719424","Airport and Airway Trust Fund","1370224000.00"
"2018","2018-07-31","33719343","33719351","Social Security Equivalent Account","262606944.49"
"2018","2018-08-31","34261701","34261702","Withheld","null"
"2018","2018-08-31","34261701","34261704","Presidential Election Campaign Fund","null"
"2018","2018-08-31","34261701","34261709","Total -- Individual Income Taxes","106438672013.62"
"2018","2018-08-31","34261853","34261856","Total -- On-Budget","151335266127.70"
"2018","2018-09-30","null","34693079","Individual Income Taxes","null"
"2018","2018-09-30","34693079","34693081","Withheld","null"
"2018","2018-09-30","34693079","34693083","Presidential Election Campaign Fund","null"
"2018","2018-09-30","34693079","34693087","Total -- Individual Income Taxes","161948519613.46"
"2018","2018-09-30","null","34693089","Corporation Income Taxes","42181931676.12"
"2018","2018-09-30","34693091","34693093","Employment and General Retirement:","null"
"2018","2018-09-30","34693095","34693105","Adjustments Attrbutable to Prior Years-SECA","'-874775.23"
"2018","2018-09-30","34693123","34693129","Receipts from Railroad Retirement Board","null"
"2018","2018-09-30","34693123","34693133","Adjustments Attributable to Prior Years-FICA","873916.50"
"2018","2018-09-30","34693123","34693135","Adjustments Attributable to Prior Years-SECA","1210142.84"
"2018","2018-09-30","34693123","34693137","Total -- Federal Hospital Insurance Trust Fund","23975084059.34"
"2018","2018-09-30","34693093","34693150","Total -- Employment and General Retirement","99242845060.78"
"2018","2018-09-30","34693154","34693158","Deposits by States","221548210.55"
"2018","2018-09-30","34693154","34693163","Federal Unemployment Taxes","26609426.76"
"2018","2018-09-30","34693154","34693169","Railroad Unemployment Taxes","33296.51"
"2018","2018-04-30","null","32583411","Individual Income Taxes","null"
"2018","2018-06-30","33366322","33366334","Federal Unemployment Taxes","31410317.60"
"2018","2018-09-30","34693154","34693180","Total -- Unemployment Insurance","248190933.82"
"2018","2018-09-30","34693185","34693191","Federal Employees' Retirement--Employee Share","428357183.31"
"2018","2018-09-30","34693185","34693203","Total -- Other Retirement","431154927.29"
"2018","2018-09-30","34693091","34693207","Total -- Social Insurance and Retirement Receipts","99922190921.89"
"2018","2018-09-30","34693253","34693277","Total -- Miscellaneous Receipts","16565585357.47"
"2018","2018-09-30","34693281","34693287","Total -- Off-Budget","74802580212.97"
"2018","2018-04-30","32583432","32583439","Self-Employment Contributions Act Taxes","15576000000.00"
"2018","2018-06-30","null","33366510","Total -- Receipts","316278194101.58"
"2018","2018-07-31","33719251","33719253","Withheld","null"
"2018","2018-07-31","33719314","33719323","Receipts from Railroad Retirement Board","null"
"2018","2018-07-31","33719314","33719331","Adjustments Attributable to Prior Years-FICA","null"
"2018","2018-07-31","33719314","33719335","Adjustments Attributable to Prior Years-SECA","null"
"2018","2018-07-31","33719314","33719339","Total -- Federal Hospital Insurance Trust Fund","19538000000.00"
"2018","2018-08-31","34261701","34261706","Other","null"
"2018","2018-09-30","34693079","34693085","Other","null"
"2018","2018-09-30","34693253","34693271","All Other","11182375647.54"
"2018","2018-09-30","34693281","34693284","Total -- On-Budget","268756764003.98"
"2018","2018-07-31","33719276","33719359","Unemployment Insurance:","null"
"2018","2017-12-31","31062368","31062380","Total -- Miscellaneous Receipts","6636443936.80"
"2018","2018-02-28","31883946","31883950","Deposit of Earnings, Federal Reserve System","7655048380.43"
"2018","2018-02-28","31883946","31883954","Universal Service Fund","805667642.61"
"2018","2018-02-28","null","31883966","Total -- Receipts","155622717049.89"
"2018","2018-02-28","31883966","31883969","Total -- On-Budget","87177717049.89"
"2018","2018-02-28","31883966","31883972","Total -- Off-Budget","68445000000.00"
"2018","2018-04-30","32583411","32583416","Other","null"
"2018","2018-04-30","32583411","32583419","Total -- Individual Income Taxes","314327172844.38"
"2018","2018-04-30","null","32583422","Corporation Income Taxes","42167604819.33"
"2018","2018-04-30","null","32583425","Social Insurance and Retirement Receipts:","null"
"2018","2018-04-30","32583425","32583429","Employment and General Retirement:","null"
"2018","2018-04-30","32583429","32583432","Federal Old-Age and Survivors Insurance Trust Fund:","null"
"2018","2018-04-30","32583432","32583435","Federal Insurance Contributions Act Taxes","58406000000.00"
"2018","2018-04-30","32583432","32583444","Adjustments Attributable to Prior Years-FICA","null"
"2018","2018-04-30","32583432","32583446","Adjustments Attrbutable to Prior Years-SECA","null"
"2018","2018-05-31","33037691","33037720","Total -- Unemployment Insurance","12517882932.77"
"2018","2018-05-31","33037726","33037730","Federal Employees' Retirement--Employee Share","348701197.62"
"2018","2018-05-31","33037726","33037732","Non-Federal Employees Retirement","3052748.35"
"2018","2018-05-31","33037726","33037737","Total -- Other Retirement","351753945.97"
"2018","2018-05-31","33037614","33037742","Total -- Social Insurance and Retirement Receipts","103394199863.85"
"2018","2017-10-31","29787656","29787660","Employment and General Retirement:","null"
"2018","2017-10-31","29787660","29787665","Federal Old-Age and Survivors Insurance Trust Fund:","null"
"2018","2017-10-31","29787665","29787671","Federal Insurance Contributions Act Taxes","48304000000.00"
"2018","2017-10-31","29787665","29787677","Self-Employment Contributions Act Taxes","255000000.00"
"2018","2017-10-31","29787665","29787693","Total -- Federal Old-Age and Survivors Insurance Trust Fund","48559000000.00"
"2018","2017-10-31","29787660","29787699","Federal Disability Insurance Trust Fund:","null"
"2018","2018-07-31","33719284","33719290","Self-Employment Contributions Act Taxes","574000000.00"
"2018","2018-08-31","34261815","34261829","Total -- Excise Taxes","8154056675.85"
"2018","2018-08-31","null","34261833","Estate and Gift Taxes","1931997423.66"
"2018","2018-09-30","null","34693281","Total -- Receipts","343559344216.95"
"2018","2017-12-31","null","31062311","Individual Income Taxes","null"
"2018","2017-12-31","31062311","31062312","Withheld","null"
"2018","2017-12-31","31062311","31062313","Presidential Election Campaign Fund","null"
"2018","2017-12-31","31062311","31062314","Other","null"
"2018","2017-12-31","null","31062317","Social Insurance and Retirement Receipts:","null"
"2018","2017-12-31","31062317","31062318","Employment and General Retirement:","null"
"2018","2018-02-28","31883868","31883886","Total -- Other Retirement","336221362.47"
"2018","2018-02-28","31883731","31883892","Total -- Social Insurance and Retirement Receipts","91070059173.36"
"2018","2018-02-28","null","31883898","Excise Taxes:","null"
"2018","2018-02-28","null","31883946","Miscellaneous Receipts:","null"
"2018","2018-03-31","32272897","32272905","Highway Trust Fund","3336095824.79"
"2018","2018-03-31","32272897","32272909","Black Lung Disability Trust Fund","37251000.00"
"2018","2018-03-31","32272897","32272911","Total -- Excise Taxes","7849309972.06"
"2018","2018-03-31","null","32272915","Estate and Gift Taxes","1461067952.76"
"2018","2018-03-31","null","32272917","Customs Duties","3083614616.63"
"2018","2018-03-31","32272944","32272955","Total -- Off-Budget","75463689195.28"
"2018","2018-06-30","33366278","33366284","Receipts from Railroad Retirement Board","570900000.00"
"2018","2018-06-30","33366278","33366290","Adjustments Attributable to Prior Years-SECA","98958090.24"
"2018","2018-06-30","33366278","33366294","Total -- Federal Hospital Insurance Trust Fund","22455352002.34"
"2018","2018-06-30","33366246","33366322","Unemployment Insurance:","null"
"2018","2018-08-31","34261717","34261720","Federal Old-Age and Survivors Insurance Trust Fund:","null"
"2018","2018-08-31","34261720","34261722","Federal Insurance Contributions Act Taxes","54172000000.00"
"2018","2018-08-31","34261737","34261747","Adjustments Attributable to Prior Years-FICA","null"
"2018","2018-08-31","34261737","34261750","Adjustments Attributable to Prior Years-SECA","null"
"2018","2018-08-31","34261737","34261752","Total -- Federal Disability Insurance Trust Fund","12955000000.00"
"2018","2018-08-31","34261755","34261757","Federal Insurance Contributions Act Taxes","19730000000.00"
"2018","2018-08-31","34261755","34261759","Self-Employment Contributions Act Taxes","305000000.00"
"2018","2018-08-31","34261755","34261765","Adjustments Attributable to Prior Years-FICA","null"
"2018","2018-08-31","34261755","34261767","Adjustments Attributable to Prior Years-SECA","null"
"2018","2018-08-31","34261755","34261769","Total -- Federal Hospital Insurance Trust Fund","20035000000.00"
"2018","2018-08-31","34261717","34261780","Total -- Employment and General Retirement","88335394188.93"
"2018","2018-08-31","34261839","34261841","Deposit of Earnings, Federal Reserve System","5896863275.88"
"2018","2018-08-31","34261839","34261845","Universal Service Fund","795216912.93"
"2018","2018-08-31","34261839","34261847","All Other","2579164907.50"
"2018","2018-08-31","34261839","34261851","Total -- Miscellaneous Receipts","9271245096.31"
"2018","2018-08-31","34261715","34261784","Unemployment Insurance:","null"
"2018","2018-08-31","34261784","34261786","Deposits by States","3770366311.25"
"2018","2018-08-31","34261800","34261809","Total -- Other Retirement","370885833.67"
"2018","2018-08-31","34261715","34261811","Total -- Social Insurance and Retirement Receipts","92523079908.29"
"2018","2018-08-31","null","34261815","Excise Taxes:","null"
"2018","2018-02-28","31883946","31883958","All Other","2039261116.86"
"2018","2018-02-28","31883946","31883962","Total -- Miscellaneous Receipts","10499977139.90"
"2018","2017-10-31","null","29787656","Social Insurance and Retirement Receipts:","null"
"2018","2017-10-31","29787644","29787651","Total -- Individual Income Taxes","127832282092.26"
"2018","2017-10-31","29787845","29787851","Federal Employees' Retirement--Employee Share","332346604.05"
"2018","2017-10-31","29787845","29787857","Non-Federal Employees Retirement","3107674.07"
"2018","2017-10-31","29787845","29787863","Total -- Other Retirement","335454278.12"
"2018","2017-11-30","30756729","30756735","Self-Employment Contributions Act Taxes","126000000.00"
"2018","2017-10-31","29787656","29787870","Total -- Social Insurance and Retirement Receipts","84017989046.38"
"2018","2017-11-30","30756725","30756789","Unemployment Insurance:","null"
"2018","2017-12-31","31062318","31062319","Federal Old-Age and Survivors Insurance Trust Fund:","null"
"2018","2017-12-31","31062356","31062357","Miscellaneous Excise Taxes","'-78817262.67"
"2018","2017-12-31","31062356","31062358","Airport and Airway Trust Fund","1267302000.00"
"2018","2017-12-31","31062356","31062359","Highway Trust Fund","3524443104.40"
"2018","2017-12-31","31062356","31062360","Black Lung Disability Trust Fund","41825000.00"
"2018","2018-02-28","31883834","31883851","Railroad Unemployment Taxes","1061295.08"
"2018","2018-02-28","31883834","31883863","Total -- Unemployment Insurance","2791141103.24"
"2018","2018-02-28","31883868","31883874","Federal Employees' Retirement--Employee Share","333810156.55"
"2018","2018-02-28","31883868","31883880","Non-Federal Employees Retirement","2411205.92"
"2018","2018-02-28","31883898","31883904","Miscellaneous Excise Taxes","'-756297096.53"
"2018","2018-02-28","31883898","31883910","Airport and Airway Trust Fund","1742534866.46"
"2018","2018-02-28","31883898","31883916","Highway Trust Fund","4849902258.22"
"2018","2018-02-28","31883898","31883922","Black Lung Disability Trust Fund","41758969.00"
"2018","2018-01-31","31635529","31635541","All Other","1047815677.11"
"2018","2018-01-31","31635529","31635545","Total -- Miscellaneous Receipts","9049228396.86"
"2018","2018-02-28","31883898","31883928","Total -- Excise Taxes","5877898997.15"
"2018","2018-03-31","null","32272760","Individual Income Taxes","null"
"2018","2018-03-31","32272760","32272764","Withheld","null"
"2018","2018-03-31","32272760","32272767","Presidential Election Campaign Fund","null"
"2018","2018-03-31","32272781","32272793","Total -- Federal Old-Age and Survivors Insurance Trust Fund","61039851440.97"
"2018","2018-03-31","32272779","32272795","Federal Disability Insurance Trust Fund:","null"
"2018","2018-02-28","31883713","31883720","Other","null"
"2018","2018-02-28","31883713","31883724","Total -- Individual Income Taxes","45388493975.60"
"2018","2018-02-28","null","31883728","Corporation Income Taxes","'-1992334904.24"
"2018","2018-02-28","null","31883731","Social Insurance and Retirement Receipts:","null"
"2018","2018-02-28","31883731","31883733","Employment and General Retirement:","null"
"2018","2018-02-28","31883735","31883737","Federal Insurance Contributions Act Taxes","54997000000.00"
"2018","2018-02-28","31883735","31883739","Self-Employment Contributions Act Taxes","366000000.00"
"2018","2018-02-28","31883735","31883743","Adjustments Attributable to Prior Years-FICA","null"
"2018","2018-02-28","31883731","31883868","Other Retirement:","null"
"2018","2018-03-31","32272854","32272869","Federal Unemployment Taxes","63870779.80"
"2018","2018-03-31","32272854","32272873","Railroad Unemployment Taxes","274346.50"
"2018","2018-03-31","32272881","32272887","Non-Federal Employees Retirement","2570565.14"
"2018","2018-03-31","32272881","32272891","Total -- Other Retirement","358977084.87"
"2018","2018-03-31","32272777","32272893","Total -- Social Insurance and Retirement Receipts","97605684771.17"
"2018","2018-03-31","32272897","32272899","Miscellaneous Excise Taxes","3189913147.27"
"2018","2018-03-31","32272897","32272903","Airport and Airway Trust Fund","1286050000.00"
"2018","2018-04-30","32583450","32583452","Federal Insurance Contributions Act Taxes","13801000000.00"
"2018","2018-08-31","null","34261711","Corporation Income Taxes","'-3452978046.88"
"2018","2018-08-31","null","34261715","Social Insurance and Retirement Receipts:","null"
"2018","2018-08-31","34261715","34261717","Employment and General Retirement:","null"
"2018","2018-08-31","34261815","34261817","Miscellaneous Excise Taxes","4825599545.99"
"2018","2018-08-31","34261815","34261821","Airport and Airway Trust Fund","837762729.31"
"2018","2018-08-31","34261815","34261823","Highway Trust Fund","2481478380.55"
"2018","2018-08-31","34261815","34261827","Black Lung Disability Trust Fund","9216020.00"
"2018","2018-06-30","33366248","33366264","Federal Disability Insurance Trust Fund:","null"
"2018","2018-08-31","null","34261835","Customs Duties","4249193056.85"
"2018","2018-08-31","null","34261853","Total -- Receipts","219115266127.70"
"2018","2018-08-31","34261853","34261858","Total -- Off-Budget","67780000000.00"
"2018","2018-07-31","33719280","33719314","Federal Hospital Insurance Trust Fund:","null"
"2018","2018-07-31","33719280","33719355","Total -- Employment and General Retirement","86513980443.74"
"2018","2018-07-31","33719359","33719363","Deposits by States","3146091052.68"
"2018","2018-07-31","33719359","33719367","Federal Unemployment Taxes","799591690.48"
"2018","2018-07-31","33719359","33719371","Railroad Unemployment Taxes","33438791.17"
"2018","2018-08-31","34261772","34261774","Rail Pension and Supplemental Annuity","271645540.67"
"2018","2018-08-31","34261772","34261778","Social Security Equivalent Account","248748648.26"
"2018","2018-09-30","34693185","34693197","Non-Federal Employees Retirement","2797743.98"
"2018","2017-10-31","null","29787876","Excise Taxes:","null"
"2018","2017-10-31","null","29787931","Total -- Receipts","235340650775.70"
"2018","2018-03-31","32272795","32272803","Adjustments Attributable to Prior Years-FICA","'-42013.85"
"2018","2018-03-31","null","32272922","Miscellaneous Receipts:","null"
"2018","2017-12-31","31062333","31062335","Self-Employment Contributions Act Taxes","243000000.00"
"2018","2017-12-31","31062333","31062338","Adjustments Attributable to Prior Years-FICA","'-1593704661.67"
"2018","2017-12-31","31062333","31062339","Adjustments Attributable to Prior Years-SECA","'-191655926.60"
"2018","2017-12-31","31062333","31062340","Total -- Federal Hospital Insurance Trust Fund","21815639411.73"
"2018","2017-12-31","31062318","31062341","Railroad Retirement:","null"
"2018","2017-12-31","31062341","31062342","Rail Pension and Supplemental Annuity","197395618.63"
"2018","2017-12-31","31062341","31062343","Social Security Equivalent Account","160108056.09"
"2018","2017-12-31","31062318","31062344","Total -- Employment and General Retirement","83974592933.20"
"2018","2017-12-31","31062317","31062345","Unemployment Insurance:","null"
"2018","2018-01-31","null","31635280","Individual Income Taxes","null"
"2018","2018-03-31","32272922","32272928","Universal Service Fund","809796833.28"
"2018","2018-03-31","32272922","32272933","All Other","699514430.22"
"2018","2018-03-31","32272922","32272938","Total -- Miscellaneous Receipts","7606213494.00"
"2018","2018-03-31","null","32272944","Total -- Receipts","210832369513.95"
"2018","2018-04-30","32583411","32583413","Withheld","null"
"2018","2018-04-30","32583411","32583414","Presidential Election Campaign Fund","null"
"2018","2018-06-30","33366510","33366515","Total -- On-Budget","245055982496.83"
"2018","2018-06-30","33366510","33366520","Total -- Off-Budget","71222211604.75"
"2018","2018-07-31","33719251","33719258","Presidential Election Campaign Fund","null"
"2018","2018-07-31","33719284","33719288","Federal Insurance Contributions Act Taxes","53131000000.00"
"2018","2018-07-31","33719284","33719294","Adjustments Attributable to Prior Years-FICA","null"
"2018","2018-07-31","33719284","33719296","Adjustments Attrbutable to Prior Years-SECA","null"
"2018","2018-07-31","33719284","33719298","Total -- Federal Old-Age and Survivors Insurance Trust Fund","53705000000.00"
"2018","2018-07-31","33719314","33719316","Federal Insurance Contributions Act Taxes","19269000000.00"
"2018","2018-07-31","33719314","33719319","Self-Employment Contributions Act Taxes","269000000.00"
"2018","2018-04-30","32583515","32583519","Deposits by States","6138078767.07"
"2018","2018-04-30","32583625","32583637","Universal Service Fund","2555181745.15"
"2018","2018-04-30","32583625","32583641","All Other","3959644387.98"
"2018","2018-04-30","32583625","32583645","Total -- Miscellaneous Receipts","11800815879.71"
"2018","2018-04-30","null","32583649","Total -- Receipts","510446668270.94"
"2018","2018-04-30","32583649","32583652","Total -- On-Budget","418982668270.94"
"2018","2018-09-30","34693093","34693095","Federal Old-Age and Survivors Insurance Trust Fund:","null"
"2018","2018-06-30","33366234","33366238","Presidential Election Campaign Fund","null"
"2018","2018-09-30","null","34693209","Excise Taxes:","null"
"2018","2018-09-30","null","34693253","Miscellaneous Receipts:","null"
"2018","2018-09-30","34693253","34693259","Deposit of Earnings, Federal Reserve System","4595052282.81"
"2018","2018-09-30","34693253","34693265","Universal Service Fund","788157427.12"
"2018","2018-07-31","null","33719276","Social Insurance and Retirement Receipts:","null"
"2018","2018-07-31","33719343","33719347","Rail Pension and Supplemental Annuity","317373499.25"
"2018","2018-07-31","33719359","33719379","Total -- Unemployment Insurance","3979121534.33"
"2018","2018-08-31","null","34261839","Miscellaneous Receipts:","null"
"2018","2017-12-31","31062317","31062351","Other Retirement:","null"
"2018","2018-01-31","31635307","31635429","Total -- Employment and General Retirement","107278252091.19"
"2018","2018-01-31","31635301","31635435","Unemployment Insurance:","null"
"2018","2018-01-31","31635435","31635441","Deposits by States","1880867819.17"
"2018","2018-01-31","null","31635497","Excise Taxes:","null"
"2018","2018-01-31","31635497","31635505","Airport and Airway Trust Fund","806897000.00"
"2018","2018-03-31","32272779","32272832","Railroad Retirement:","null"
"2018","2018-03-31","32272832","32272836","Rail Pension and Supplemental Annuity","310376460.53"
"2018","2018-03-31","32272832","32272840","Social Security Equivalent Account","290313044.89"
"2018","2018-03-31","32272779","32272847","Total -- Employment and General Retirement","96861328398.98"
"2018","2018-03-31","32272777","32272854","Unemployment Insurance:","null"
"2018","2018-03-31","32272854","32272862","Deposits by States","321234161.02"
"2018","2018-03-31","32272922","32272926","Deposit of Earnings, Federal Reserve System","6096902230.50"
"2018","2018-03-31","32272944","32272949","Total -- On-Budget","135368680318.67"
"2018","2018-04-30","32583432","32583448","Total -- Federal Old-Age and Survivors Insurance Trust Fund","73982000000.00"
"2018","2018-04-30","32583450","32583454","Self-Employment Contributions Act Taxes","3681000000.00"
"2018","2018-04-30","32583450","32583458","Adjustments Attributable to Prior Years-FICA","null"
"2018","2017-10-31","29787876","29787882","Miscellaneous Excise Taxes","6356714620.54"
"2018","2017-10-31","29787876","29787887","Airport and Airway Trust Fund","273333000.00"
"2018","2017-10-31","29787876","29787891","Highway Trust Fund","824107325.30"
"2018","2017-10-31","29787876","29787895","Black Lung Disability Trust Fund","8971000.00"
"2018","2017-10-31","29787876","29787899","Total -- Excise Taxes","7463125945.84"
"2018","2017-10-31","null","29787903","Estate and Gift Taxes","1614520418.36"
"2018","2017-10-31","null","29787907","Customs Duties","3239205174.82"
"2018","2017-10-31","null","29787911","Miscellaneous Receipts:","null"
"2018","2017-10-31","29787911","29787915","Deposit of Earnings, Federal Reserve System","5258784785.91"
"2018","2017-10-31","29787911","29787927","Total -- Miscellaneous Receipts","7444538801.44"
"2018","2017-10-31","29787931","29787934","Total -- On-Budget","175307650775.70"
"2018","2017-11-30","null","30756722","Corporation Income Taxes","'-2304448544.24"
"2018","2017-11-30","30756727","30756729","Federal Old-Age and Survivors Insurance Trust Fund:","null"
"2018","2017-11-30","30756729","30756732","Federal Insurance Contributions Act Taxes","52033000000.00"
"2018","2018-01-31","31635280","31635288","Total -- Individual Income Taxes","211878984654.03"
"2018","2018-01-31","null","31635295","Corporation Income Taxes","13481675547.86"
"2018","2018-01-31","null","31635301","Social Insurance and Retirement Receipts:","null"
"2018","2018-01-31","31635301","31635307","Employment and General Retirement:","null"
"2018","2018-01-31","31635307","31635342","Federal Disability Insurance Trust Fund:","null"
"2018","2018-01-31","31635342","31635344","Federal Insurance Contributions Act Taxes","14292000000.00"
"2018","2018-01-31","31635342","31635353","Adjustments Attributable to Prior Years-FICA","null"
"2018","2018-01-31","31635342","31635357","Adjustments Attributable to Prior Years-SECA","null"
"2018","2018-01-31","31635342","31635361","Total -- Federal Disability Insurance Trust Fund","15769000000.00"
"2018","2018-01-31","31635307","31635365","Federal Hospital Insurance Trust Fund:","null"
"2018","2018-01-31","31635365","31635369","Federal Insurance Contributions Act Taxes","21153000000.00"
"2018","2018-01-31","31635365","31635375","Self-Employment Contributions Act Taxes","2922000000.00"
"2018","2018-01-31","31635365","31635392","Adjustments Attributable to Prior Years-FICA","null"
"2018","2018-01-31","31635365","31635398","Adjustments Attributable to Prior Years-SECA","null"
"2018","2018-01-31","31635365","31635404","Total -- Federal Hospital Insurance Trust Fund","24075000000.00"
"2018","2018-09-30","null","34693091","Social Insurance and Retirement Receipts:","null"
"2018","2018-01-31","31635301","31635493","Total -- Social Insurance and Retirement Receipts","112867507162.08"
"2018","2018-01-31","31635497","31635509","Highway Trust Fund","2233553949.04"
"2018","2018-01-31","31635497","31635513","Black Lung Disability Trust Fund","26629000.00"
"2018","2018-01-31","31635497","31635517","Total -- Excise Taxes","8279849652.83"
"2018","2018-01-31","null","31635521","Estate and Gift Taxes","2292267955.32"
"2018","2018-01-31","null","31635525","Customs Duties","3188077417.64"
"2018","2018-01-31","31635529","31635533","Deposit of Earnings, Federal Reserve System","7221548927.34"
"2018","2018-01-31","31635529","31635537","Universal Service Fund","779863792.41"
"2018","2018-01-31","null","31635549","Total -- Receipts","361037590786.62"
"2018","2018-01-31","31635549","31635552","Total -- On-Budget","278534590786.62"
"2018","2018-03-31","32272779","32272809","Federal Hospital Insurance Trust Fund:","null"
"2018","2018-03-31","32272809","32272811","Federal Insurance Contributions Act Taxes","20096000000.00"
"2018","2018-03-31","32272809","32272813","Self-Employment Contributions Act Taxes","704000000.00"
"2018","2018-03-31","32272809","32272820","Adjustments Attributable to Prior Years-FICA","'-3572505.52"
"2018","2018-04-30","32583450","32583460","Adjustments Attributable to Prior Years-SECA","null"
"2018","2018-04-30","32583464","32583469","Self-Employment Contributions Act Taxes","7282000000.00"
"2018","2018-04-30","32583425","32583547","Other Retirement:","null"
"2018","2018-05-31","33037616","33037632","Federal Disability Insurance Trust Fund:","null"
"2018","2018-05-31","33037632","33037634","Federal Insurance Contributions Act Taxes","13270000000.00"
"2018","2018-05-31","33037632","33037636","Self-Employment Contributions Act Taxes","177000000.00"
"2018","2018-05-31","33037632","33037640","Adjustments Attributable to Prior Years-FICA","null"
"2018","2018-05-31","33037632","33037642","Adjustments Attributable to Prior Years-SECA","null"
"2018","2018-05-31","33037632","33037644","Total -- Federal Disability Insurance Trust Fund","13447000000.00"
"2018","2018-05-31","33037616","33037646","Federal Hospital Insurance Trust Fund:","null"
"2018","2018-05-31","33037646","33037648","Federal Insurance Contributions Act Taxes","19320000000.00"
"2018","2018-05-31","33037646","33037650","Self-Employment Contributions Act Taxes","350000000.00"
"2018","2018-05-31","33037646","33037661","Adjustments Attributable to Prior Years-FICA","null"
"2018","2018-05-31","33037616","33037673","Railroad Retirement:","null"
"2018","2018-05-31","33037673","33037681","Social Security Equivalent Account","210302471.43"
"2018","2018-05-31","33037616","33037686","Total -- Employment and General Retirement","90524562985.11"
"2018","2018-05-31","33037614","33037691","Unemployment Insurance:","null"
"2018","2018-05-31","33037691","33037697","Deposits by States","12411751137.65"
"2018","2018-06-30","33366246","33366248","Employment and General Retirement:","null"
"2018","2018-06-30","33366248","33366250","Federal Old-Age and Survivors Insurance Trust Fund:","null"
"2018","2018-06-30","33366250","33366252","Federal Insurance Contributions Act Taxes","61255000000.00"
"2018","2018-06-30","33366250","33366254","Self-Employment Contributions Act Taxes","5429000000.00"
"2018","2018-06-30","33366250","33366258","Adjustments Attributable to Prior Years-FICA","'-9154296377.83"
"2018","2018-06-30","33366250","33366260","Adjustments Attrbutable to Prior Years-SECA","46492645.00"
"2018","2018-06-30","33366250","33366262","Total -- Federal Old-Age and Survivors Insurance Trust Fund","57576196267.17"
"2018","2018-06-30","33366264","33366266","Federal Insurance Contributions Act Taxes","14473000000.00"
"2018","2018-06-30","33366264","33366268","Self-Employment Contributions Act Taxes","1283000000.00"
"2018","2018-06-30","33366264","33366272","Adjustments Attributable to Prior Years-FICA","'-2117871496.53"
"2018","2018-06-30","33366264","33366274","Adjustments Attributable to Prior Years-SECA","7886834.11"
"2018","2018-06-30","33366264","33366276","Total -- Federal Disability Insurance Trust Fund","13646015337.58"
"2018","2018-06-30","33366248","33366278","Federal Hospital Insurance Trust Fund:","null"
"2018","2018-06-30","33366248","33366299","Railroad Retirement:","null"
"2018","2018-06-30","33366299","33366305","Rail Pension and Supplemental Annuity","275275871.47"
"2018","2018-06-30","33366299","33366311","Social Security Equivalent Account","'-327583599.47"
"2018","2018-07-31","33719276","33719385","Other Retirement:","null"
"2018","2018-08-31","34261717","34261755","Federal Hospital Insurance Trust Fund:","null"
"2018","2017-11-30","null","30756857","Excise Taxes:","null"
"2018","2018-09-30","34693123","34693125","Federal Insurance Contributions Act Taxes","20874000000.00"
"2018","2018-09-30","34693123","34693127","Self-Employment Contributions Act Taxes","3099000000.00"
"2018","2018-09-30","34693093","34693139","Railroad Retirement:","null"
"2018","2017-12-31","31062311","31062315","Total -- Individual Income Taxes","164311151806.91"
"2018","2017-12-31","null","31062316","Corporation Income Taxes","60627220679.83"
"2018","2017-12-31","null","31062356","Excise Taxes:","null"
"2018","2017-12-31","31062368","31062370","Deposit of Earnings, Federal Reserve System","5075859540.68"
"2018","2017-12-31","31062368","31062372","Universal Service Fund","809771126.61"
"2018","2017-12-31","31062368","31062376","All Other","750813269.51"
"2018","2018-02-28","null","31883713","Individual Income Taxes","null"
"2018","2018-03-31","32272854","32272879","Total -- Unemployment Insurance","385379287.32"
"2018","2018-03-31","32272777","32272881","Other Retirement:","null"
"2018","2018-03-31","32272881","32272885","Federal Employees' Retirement--Employee Share","356406519.73"
"2018","2018-03-31","null","32272897","Excise Taxes:","null"
"2018","2018-04-30","32583464","32583485","Adjustments Attributable to Prior Years-SECA","null"
"2018","2018-04-30","32583464","32583489","Total -- Federal Hospital Insurance Trust Fund","27259000000.00"
"2018","2018-04-30","32583429","32583494","Railroad Retirement:","null"
"2018","2018-04-30","32583425","32583515","Unemployment Insurance:","null"
"2018","2018-06-30","33366356","33366376","Total -- Other Retirement","434263858.33"
"2018","2018-06-30","33366246","33366384","Total -- Social Insurance and Retirement Receipts","94372780657.45"
"2018","2018-06-30","null","33366392","Excise Taxes:","null"
"2018","2018-06-30","33366392","33366400","Miscellaneous Excise Taxes","1394940446.74"
"2018","2017-10-31","null","29787653","Corporation Income Taxes","3728989296.60"
"2018","2017-10-31","29787699","29787704","Federal Insurance Contributions Act Taxes","11414000000.00"
"2018","2017-10-31","29787699","29787709","Self-Employment Contributions Act Taxes","60000000.00"
"2018","2017-10-31","29787699","29787730","Total -- Federal Disability Insurance Trust Fund","11474000000.00"
"2018","2017-10-31","29787660","29787736","Federal Hospital Insurance Trust Fund:","null"
"2018","2017-10-31","29787736","29787742","Federal Insurance Contributions Act Taxes","20155000000.00"
"2018","2017-10-31","29787736","29787748","Self-Employment Contributions Act Taxes","118000000.00"
"2018","2017-10-31","29787736","29787779","Total -- Federal Hospital Insurance Trust Fund","20273000000.00"
"2018","2017-10-31","29787785","29787791","Rail Pension and Supplemental Annuity","239367765.89"
"2018","2017-10-31","29787785","29787797","Social Security Equivalent Account","254236654.46"
"2018","2017-10-31","29787660","29787803","Total -- Employment and General Retirement","80799604420.35"
"2018","2017-10-31","29787656","29787809","Unemployment Insurance:","null"
"2018","2017-10-31","29787809","29787815","Deposits by States","2230519703.67"
"2018","2017-10-31","29787809","29787821","Federal Unemployment Taxes","620610690.30"
"2018","2017-10-31","29787809","29787827","Railroad Unemployment Taxes","31799953.94"
"2018","2017-10-31","29787809","29787839","Total -- Unemployment Insurance","2882930347.91"
"2018","2017-10-31","29787656","29787845","Other Retirement:","null"
"2018","2017-11-30","30756747","30756751","Self-Employment Contributions Act Taxes","30000000.00"
"2018","2017-11-30","30756761","30756763","Federal Insurance Contributions Act Taxes","21889000000.00"
"2018","2017-11-30","30756761","30756765","Self-Employment Contributions Act Taxes","59000000.00"
"2018","2017-11-30","30756789","30756793","Deposits by States","2986575824.10"
"2018","2017-11-30","30756789","30756796","Federal Unemployment Taxes","42680350.80"
"2018","2017-11-30","30756789","30756800","Railroad Unemployment Taxes","800072.37"
"2018","2017-11-30","30756789","30756810","Total -- Unemployment Insurance","3030056247.27"
"2018","2017-11-30","30756725","30756817","Other Retirement:","null"
"2018","2017-11-30","30756817","30756825","Federal Employees' Retirement--Employee Share","336419363.22"
"2018","2017-11-30","30756817","30756833","Non-Federal Employees Retirement","2520003.84"
"2018","2017-11-30","30756817","30756841","Total -- Other Retirement","338939367.06"
"2018","2018-02-28","31883733","31883735","Federal Old-Age and Survivors Insurance Trust Fund:","null"
"2018","2017-11-30","30756725","30756849","Total -- Social Insurance and Retirement Receipts","90197917708.22"
"2018","2017-11-30","30756909","30756915","Deposit of Earnings, Federal Reserve System","7776803552.85"
"2018","2017-11-30","30756909","30756927","All Other","944752310.88"
"2018","2017-11-30","30756909","30756933","Total -- Miscellaneous Receipts","9506520237.46"
"2018","2017-11-30","null","30756939","Total -- Receipts","208374262174.38"
"2018","2017-11-30","30756939","30756944","Total -- On-Budget","143890262174.38"
"2018","2017-11-30","30756939","30756949","Total -- Off-Budget","64484000000.00"
"2018","2017-12-31","null","31062368","Miscellaneous Receipts:","null"
"2018","2018-04-30","32583429","32583464","Federal Hospital Insurance Trust Fund:","null"
"2018","2018-08-31","34261755","34261761","Receipts from Railroad Retirement Board","null"
"2018","2017-12-31","31062345","31062346","Deposits by States","248000561.50"
"2018","2017-12-31","31062345","31062347","Federal Unemployment Taxes","3487526.22"
"2018","2017-12-31","31062345","31062348","Railroad Unemployment Taxes","37275.19"
"2018","2017-12-31","31062345","31062350","Total -- Unemployment Insurance","251525362.91"
"2018","2018-09-30","34693109","34693121","Total -- Federal Disability Insurance Trust Fund","14295403150.80"
"2018","2018-09-30","34693139","34693142","Rail Pension and Supplemental Annuity","249413049.96"
"2018","2018-09-30","34693139","34693146","Social Security Equivalent Account","215767738.51"
"2018","2018-09-30","34693091","34693154","Unemployment Insurance:","null"
"2018","2018-09-30","34693091","34693185","Other Retirement:","null"
"2018","2018-02-28","null","31883940","Customs Duties","2674432730.52"
"2018","2018-03-31","32272777","32272779","Employment and General Retirement:","null"
"2018","2018-03-31","32272779","32272781","Federal Old-Age and Survivors Insurance Trust Fund:","null"
"2018","2018-03-31","32272781","32272783","Federal Insurance Contributions Act Taxes","60018000000.00"
"2018","2018-07-31","33719385","33719391","Federal Employees' Retirement--Employee Share","386697842.59"
"2018","2018-07-31","33719385","33719396","Non-Federal Employees Retirement","2305553.33"
"2018","2018-07-31","33719385","33719401","Total -- Other Retirement","389003395.92"
"2018","2018-07-31","33719276","33719407","Total -- Social Insurance and Retirement Receipts","90882105373.99"
"2018","2018-07-31","null","33719413","Excise Taxes:","null"
"2018","2018-07-31","33719413","33719419","Miscellaneous Excise Taxes","2808492665.47"
"2018","2018-07-31","33719413","33719429","Highway Trust Fund","3504309195.72"
"2018","2018-07-31","33719413","33719435","Black Lung Disability Trust Fund","33337000.00"
"2018","2018-07-31","33719413","33719438","Total -- Excise Taxes","7716362861.19"
"2018","2018-07-31","null","33719442","Estate and Gift Taxes","1783048997.84"
"2018","2018-07-31","null","33719446","Customs Duties","4158946941.71"
"2018","2018-07-31","null","33719450","Miscellaneous Receipts:","null"
"2018","2018-07-31","33719450","33719454","Deposit of Earnings, Federal Reserve System","4682843222.48"
"2018","2018-07-31","33719450","33719458","Universal Service Fund","727184025.47"
"2018","2018-07-31","33719450","33719462","All Other","1359327957.13"
"2018","2018-07-31","33719450","33719466","Total -- Miscellaneous Receipts","6769355205.08"
"2018","2018-07-31","null","33719470","Total -- Receipts","225266222812.10"
"2018","2018-07-31","33719470","33719473","Total -- On-Budget","158870222812.10"
"2018","2018-07-31","33719470","33719476","Total -- Off-Budget","66396000000.00"
"2018","2017-12-31","31062318","31062333","Federal Hospital Insurance Trust Fund:","null"
"2018","2017-11-30","30756761","30756775","Total -- Federal Hospital Insurance Trust Fund","21948000000.00"
"2018","2017-11-30","30756727","30756777","Railroad Retirement:","null"
"2018","2017-11-30","30756777","30756779","Rail Pension and Supplemental Annuity","207183116.82"
"2018","2017-11-30","30756777","30756781","Social Security Equivalent Account","189738977.07"
"2018","2017-11-30","30756727","30756785","Total -- Employment and General Retirement","86828922093.89"
"2018","2018-05-31","33037749","33037773","Black Lung Disability Trust Fund","33256000.00"
"2018","2018-05-31","33037749","33037779","Total -- Excise Taxes","7325143892.87"
"2018","2018-05-31","null","33037785","Estate and Gift Taxes","1650468870.77"
"2018","2018-05-31","null","33037789","Customs Duties","2968376062.71"
"2018","2018-05-31","null","33037793","Miscellaneous Receipts:","null"
"2018","2018-05-31","33037793","33037797","Deposit of Earnings, Federal Reserve System","5629257582.31"
"2018","2018-06-30","33366234","33366236","Withheld","null"
"2018","2018-06-30","33366278","33366288","Adjustments Attributable to Prior Years-FICA","'-2373506087.90"
"2018","2018-08-31","null","34261701","Individual Income Taxes","null"
"2018","2018-08-31","34261717","34261737","Federal Disability Insurance Trust Fund:","null"
"2018","2018-02-28","31883772","31883776","Federal Insurance Contributions Act Taxes","18647000000.00"
"2018","2018-02-28","31883772","31883780","Self-Employment Contributions Act Taxes","171000000.00"
"2018","2018-02-28","null","31883934","Estate and Gift Taxes","2104189937.60"
"2018","2018-03-31","32272781","32272785","Self-Employment Contributions Act Taxes","1025000000.00"
"2018","2018-03-31","32272781","32272789","Adjustments Attributable to Prior Years-FICA","'-2471492.48"
"2018","2018-09-30","34693095","34693107","Total -- Federal Old-Age and Survivors Insurance Trust Fund","60507177062.17"
"2018","2018-09-30","34693109","34693111","Federal Insurance Contributions Act Taxes","12858735850.00"
"2018","2018-09-30","34693109","34693113","Self-Employment Contributions Act Taxes","1436000000.00"
"2018","2018-09-30","34693109","34693117","Adjustments Attributable to Prior Years-FICA","821052.40"
"2018","2018-09-30","34693109","34693119","Adjustments Attributable to Prior Years-SECA","'-153751.60"
"2018","2018-08-31","34261784","34261790","Federal Unemployment Taxes","45963277.81"
"2018","2018-08-31","34261784","34261792","Railroad Unemployment Taxes","470296.63"
"2018","2018-08-31","34261784","34261798","Total -- Unemployment Insurance","3816799885.69"
"2018","2018-08-31","34261715","34261800","Other Retirement:","null"
"2018","2018-08-31","34261800","34261803","Federal Employees' Retirement--Employee Share","368375775.98"
"2018","2018-08-31","34261800","34261805","Non-Federal Employees Retirement","2510057.69"
"2018","2018-09-30","34693093","34693123","Federal Hospital Insurance Trust Fund:","null"
"2018","2018-02-28","31883749","31883764","Adjustments Attributable to Prior Years-SECA","null"
"2018","2018-02-28","31883749","31883768","Total -- Federal Disability Insurance Trust Fund","13082000000.00"
"2018","2018-02-28","31883733","31883772","Federal Hospital Insurance Trust Fund:","null"
"2018","2018-02-28","31883772","31883792","Adjustments Attributable to Prior Years-FICA","null"
"2018","2018-02-28","31883733","31883810","Railroad Retirement:","null"
"2018","2018-03-31","32272760","32272770","Other","null"
"2018","2018-03-31","32272760","32272773","Total -- Individual Income Taxes","88160300438.71"
"2018","2018-03-31","null","32272775","Corporation Income Taxes","5066178268.62"
"2018","2018-03-31","null","32272777","Social Insurance and Retirement Receipts:","null"
"2018","2018-03-31","32272781","32272791","Adjustments Attrbutable to Prior Years-SECA","'-677066.55"
"2018","2018-04-30","32583464","32583466","Federal Insurance Contributions Act Taxes","19977000000.00"
"2018","2018-04-30","32583464","32583481","Adjustments Attributable to Prior Years-FICA","null"
"2018","2018-04-30","32583494","32583500","Rail Pension and Supplemental Annuity","282869974.87"
"2018","2018-04-30","32583494","32583506","Social Security Equivalent Account","221667747.85"
"2018","2018-04-30","32583429","32583511","Total -- Employment and General Retirement","119227537722.72"
"2018","2018-04-30","32583515","32583524","Federal Unemployment Taxes","3454740964.69"
"2018","2018-04-30","32583515","32583529","Railroad Unemployment Taxes","32724789.45"
"2018","2018-04-30","32583515","32583541","Total -- Unemployment Insurance","9625544521.21"
"2018","2018-04-30","32583547","32583553","Federal Employees' Retirement--Employee Share","341996557.74"
"2018","2018-04-30","null","32583577","Excise Taxes:","null"
"2018","2017-10-31","29787660","29787785","Railroad Retirement:","null"
"2018","2018-04-30","32583577","32583607","Total -- Excise Taxes","6905402014.13"
"2018","2018-04-30","null","32583613","Estate and Gift Taxes","2600139004.86"
"2018","2018-04-30","null","32583619","Customs Duties","3447986150.19"
"2018","2018-04-30","null","32583625","Miscellaneous Receipts:","null"
"2018","2018-05-31","null","33037602","Individual Income Taxes","null"
"2018","2017-11-30","30756729","30756745","Total -- Federal Old-Age and Survivors Insurance Trust Fund","52159000000.00"
"2018","2017-11-30","30756727","30756747","Federal Disability Insurance Trust Fund:","null"
"2018","2017-11-30","30756747","30756749","Federal Insurance Contributions Act Taxes","12295000000.00"
"2018","2017-11-30","30756747","30756759","Total -- Federal Disability Insurance Trust Fund","12325000000.00"
"2018","2017-11-30","30756727","30756761","Federal Hospital Insurance Trust Fund:","null"
"2018","2018-05-31","33037813","33037820","Total -- Off-Budget","70352000000.00"
"2018","2018-06-30","33366234","33366240","Other","null"
"2018","2018-06-30","33366234","33366242","Total -- Individual Income Taxes","162348978947.22"
"2018","2018-06-30","null","33366244","Corporation Income Taxes","38001232644.73"
"2018","2018-06-30","null","33366246","Social Insurance and Retirement Receipts:","null"
"2018","2018-06-30","33366278","33366280","Federal Insurance Contributions Act Taxes","21074000000.00"
"2018","2017-12-31","31062319","31062325","Total -- Federal Old-Age and Survivors Insurance Trust Fund","49860031888.35"
"2018","2017-12-31","31062318","31062326","Federal Disability Insurance Trust Fund:","null"
"2018","2017-12-31","31062326","31062327","Federal Insurance Contributions Act Taxes","13033000000.00"
"2018","2017-12-31","31062326","31062328","Self-Employment Contributions Act Taxes","112000000.00"
"2018","2018-07-31","33719251","33719263","Other","null"
"2018","2018-07-31","33719251","33719268","Total -- Individual Income Taxes","109660476807.28"
"2018","2018-07-31","null","33719272","Corporation Income Taxes","4295926625.01"
"2018","2018-07-31","33719276","33719280","Employment and General Retirement:","null"
"2018","2018-07-31","33719280","33719284","Federal Old-Age and Survivors Insurance Trust Fund:","null"
"2018","2018-07-31","33719280","33719343","Railroad Retirement:","null"
"2018","2018-01-31","31635280","31635281","Withheld","null"
"2018","2018-08-31","34261720","34261725","Self-Employment Contributions Act Taxes","653000000.00"
"2018","2018-08-31","34261720","34261730","Adjustments Attributable to Prior Years-FICA","null"
"2018","2018-08-31","34261720","34261732","Adjustments Attrbutable to Prior Years-SECA","null"
"2018","2018-08-31","34261720","34261735","Total -- Federal Old-Age and Survivors Insurance Trust Fund","54825000000.00"
"2018","2018-08-31","34261737","34261740","Federal Insurance Contributions Act Taxes","12801000000.00"
"2018","2018-08-31","34261737","34261742","Self-Employment Contributions Act Taxes","154000000.00"
"2018","2018-04-30","32583429","32583450","Federal Disability Insurance Trust Fund:","null"
"2018","2018-05-31","33037618","33037620","Federal Insurance Contributions Act Taxes","56157000000.00"
"2018","2018-05-31","33037618","33037622","Self-Employment Contributions Act Taxes","748000000.00"
"2018","2018-05-31","33037646","33037665","Adjustments Attributable to Prior Years-SECA","null"
"2018","2018-05-31","33037646","33037669","Total -- Federal Hospital Insurance Trust Fund","19670000000.00"
"2018","2018-05-31","33037673","33037677","Rail Pension and Supplemental Annuity","292260513.68"
"2018","2018-07-31","33719280","33719300","Federal Disability Insurance Trust Fund:","null"
"2018","2018-07-31","33719300","33719302","Federal Insurance Contributions Act Taxes","12555000000.00"
"2018","2018-07-31","33719300","33719304","Self-Employment Contributions Act Taxes","136000000.00"
"2018","2018-07-31","33719300","33719308","Adjustments Attributable to Prior Years-FICA","null"
"2018","2018-07-31","33719300","33719310","Adjustments Attributable to Prior Years-SECA","null"
"2018","2018-07-31","33719300","33719312","Total -- Federal Disability Insurance Trust Fund","12691000000.00"
"2018","2018-09-30","34693095","34693097","Federal Insurance Contributions Act Taxes","54425274150.00"
"2018","2018-09-30","34693095","34693099","Self-Employment Contributions Act Taxes","6078000000.00"
"2018","2018-09-30","34693095","34693103","Adjustments Attributable to Prior Years-FICA","4777687.40"
"2018","2018-09-30","34693093","34693109","Federal Disability Insurance Trust Fund:","null"
"2018","2018-09-30","34693209","34693214","Miscellaneous Excise Taxes","7202333500.13"
"2018","2018-09-30","34693209","34693219","Airport and Airway Trust Fund","2142241348.33"
"2018","2018-09-30","34693209","34693224","Highway Trust Fund","6669408600.90"
"2018","2018-09-30","34693209","34693229","Black Lung Disability Trust Fund","65030000.00"
"2018","2018-09-30","34693209","34693235","Total -- Excise Taxes","16079013449.36"
"2018","2018-09-30","null","34693241","Estate and Gift Taxes","2289621708.62"
"2018","2018-09-30","null","34693247","Customs Duties","4572481490.03"
"2018","2017-10-31","null","29787644","Individual Income Taxes","null"
"2018","2017-10-31","29787931","29787937","Total -- Off-Budget","60033000000.00"
"2018","2017-11-30","null","30756711","Individual Income Taxes","null"
"2018","2017-11-30","30756711","30756714","Withheld","null"
"2018","2017-11-30","30756711","30756716","Presidential Election Campaign Fund","null"
"2018","2017-11-30","30756711","30756718","Other","null"
"2018","2017-11-30","30756711","30756720","Total -- Individual Income Taxes","98703107013.61"
"2018","2017-11-30","null","30756725","Social Insurance and Retirement Receipts:","null"
"2018","2018-01-31","31635307","31635313","Federal Old-Age and Survivors Insurance Trust Fund:","null"
"2018","2018-01-31","31635313","31635318","Federal Insurance Contributions Act Taxes","60483000000.00"
"2018","2018-01-31","31635313","31635323","Self-Employment Contributions Act Taxes","6251000000.00"
"2018","2018-01-31","31635313","31635333","Adjustments Attributable to Prior Years-FICA","null"
"2018","2018-01-31","31635313","31635337","Adjustments Attrbutable to Prior Years-SECA","null"
"2018","2018-01-31","null","31635529","Miscellaneous Receipts:","null"
"2018","2018-06-30","null","33366234","Individual Income Taxes","null"
"2018","2018-06-30","33366356","33366362","Federal Employees' Retirement--Employee Share","431877370.94"
"2018","2018-06-30","33366356","33366368","Non-Federal Employees Retirement","2386487.39"
"2018","2018-06-30","33366392","33366429","Black Lung Disability Trust Fund","12264141.00"
"2018","2018-06-30","33366392","33366454","Total -- Excise Taxes","7343395101.61"
"2018","2018-06-30","null","33366462","Estate and Gift Taxes","1612389978.90"
"2018","2018-06-30","null","33366470","Customs Duties","3509606217.59"
"2018","2018-06-30","null","33366478","Miscellaneous Receipts:","null"
"2018","2018-06-30","33366478","33366486","Deposit of Earnings, Federal Reserve System","5574964524.89"
"2018","2018-06-30","33366478","33366492","Universal Service Fund","794315053.16"
"2018","2018-06-30","33366478","33366498","All Other","2720530976.03"
"2018","2018-07-31","null","33719251","Individual Income Taxes","null"
"2018","2018-08-31","34261717","34261772","Railroad Retirement:","null"
"2018","2017-10-31","29787644","29787649","Other","null"
"2018","2017-12-31","31062319","31062321","Self-Employment Contributions Act Taxes","475000000.00"
"2018","2017-12-31","31062319","31062323","Adjustments Attributable to Prior Years-FICA","'-4682220823.12"
"2018","2017-12-31","31062319","31062324","Adjustments Attrbutable to Prior Years-SECA","'-1092747288.53"
"2018","2017-12-31","31062326","31062330","Adjustments Attributable to Prior Years-FICA","'-1012843646.39"
"2018","2017-12-31","31062326","31062331","Adjustments Attributable to Prior Years-SECA","'-190738395.21"
"2018","2018-02-28","31883733","31883749","Federal Disability Insurance Trust Fund:","null"
"2018","2018-02-28","31883749","31883751","Federal Insurance Contributions Act Taxes","12995000000.00"
"2018","2018-02-28","31883749","31883753","Self-Employment Contributions Act Taxes","87000000.00"
"2018","2018-02-28","31883749","31883760","Adjustments Attributable to Prior Years-FICA","null"
"2018","2018-02-28","31883772","31883797","Adjustments Attributable to Prior Years-SECA","null"
"2018","2018-02-28","31883731","31883834","Unemployment Insurance:","null"
"2018","2018-04-30","32583547","32583559","Non-Federal Employees Retirement","2468756.67"
"2018","2018-04-30","32583547","32583565","Total -- Other Retirement","344465314.41"
"2018","2018-04-30","32583425","32583571","Total -- Social Insurance and Retirement Receipts","129197547558.34"
"2018","2018-04-30","32583577","32583583","Miscellaneous Excise Taxes","2117706517.87"
"2018","2018-04-30","32583577","32583589","Airport and Airway Trust Fund","1323054000.00"
"2018","2018-04-30","32583577","32583595","Highway Trust Fund","3426319496.26"
"2018","2018-04-30","32583577","32583601","Black Lung Disability Trust Fund","38322000.00"
"2018","2018-04-30","32583625","32583631","Deposit of Earnings, Federal Reserve System","5285989746.58"
"2018","2018-04-30","32583649","32583655","Total -- Off-Budget","91464000000.00"
"2018","2018-05-31","33037602","33037604","Withheld","null"
"2018","2018-05-31","33037602","33037606","Presidential Election Campaign Fund","null"
"2018","2018-05-31","33037602","33037608","Other","null"
"2018","2018-05-31","33037602","33037610","Total -- Individual Income Taxes","92539076537.72"
"2018","2018-05-31","null","33037612","Corporation Income Taxes","2932305696.35"
"2018","2018-05-31","null","33037614","Social Insurance and Retirement Receipts:","null"
"2018","2018-05-31","33037614","33037616","Employment and General Retirement:","null"
"2018","2018-05-31","33037618","33037626","Adjustments Attributable to Prior Years-FICA","null"
"2018","2018-05-31","33037614","33037726","Other Retirement:","null"
"2018","2017-11-30","30756857","30756865","Miscellaneous Excise Taxes","1826028330.37"
"2018","2017-11-30","30756857","30756873","Airport and Airway Trust Fund","1418595000.00"
"2018","2017-11-30","30756857","30756879","Highway Trust Fund","3948288546.57"
"2018","2017-11-30","30756857","30756885","Black Lung Disability Trust Fund","46817000.00"
"2018","2017-11-30","30756857","30756891","Total -- Excise Taxes","7239728876.94"
"2018","2017-11-30","null","30756897","Estate and Gift Taxes","1931107373.77"
"2018","2017-11-30","null","30756903","Customs Duties","3100329508.62"
"2018","2017-11-30","null","30756909","Miscellaneous Receipts:","null"
"2018","2017-11-30","30756909","30756921","Universal Service Fund","784964373.73"
"2018","2018-01-31","31635435","31635447","Federal Unemployment Taxes","3286681849.60"
"2018","2018-01-31","31635435","31635453","Railroad Unemployment Taxes","32232099.48"
"2018","2018-01-31","31635435","31635465","Total -- Unemployment Insurance","5199781768.25"
"2018","2018-01-31","31635301","31635471","Other Retirement:","null"
"2018","2018-01-31","31635471","31635477","Federal Employees' Retirement--Employee Share","386869539.21"
"2018","2018-01-31","31635471","31635483","Non-Federal Employees Retirement","2603763.43"
"2018","2018-01-31","31635471","31635489","Total -- Other Retirement","389473302.64"
"2019","2019-09-30","38895757","38895909","Other Retirement:","null"
"2019","2018-10-31","null","35158577","Corporation Income Taxes","8000142465.85"
"2019","2018-10-31","null","35158583","Social Insurance and Retirement Receipts:","null"
"2019","2018-10-31","35158583","35158589","Employment and General Retirement:","null"
"2019","2018-10-31","35158589","35158593","Federal Old-Age and Survivors Insurance Trust Fund:","null"
"2019","2018-10-31","35158593","35158597","Federal Insurance Contributions Act Taxes","49715000000.00"
"2019","2018-10-31","35158593","35158601","Self-Employment Contributions Act Taxes","255000000.00"
"2019","2018-10-31","35158593","35158619","Total -- Federal Old-Age and Survivors Insurance Trust Fund","49970000000.00"
"2019","2018-10-31","35158589","35158625","Federal Disability Insurance Trust Fund:","null"
"2019","2018-10-31","35158625","35158631","Federal Insurance Contributions Act Taxes","11747000000.00"
"2019","2018-10-31","35158625","35158638","Self-Employment Contributions Act Taxes","60000000.00"
"2019","2018-10-31","35158625","35158662","Total -- Federal Disability Insurance Trust Fund","11807000000.00"
"2019","2018-10-31","35158589","35158668","Federal Hospital Insurance Trust Fund:","null"
"2019","2018-11-30","35406026","35406032","Rail Pension and Supplemental Annuity","196690386.61"
"2019","2018-11-30","35406026","35406038","Social Security Equivalent Account","197722119.75"
"2019","2018-11-30","35405925","35406044","Total -- Employment and General Retirement","89824412506.36"
"2019","2018-11-30","35406050","35406056","Deposits by States","2611531752.01"
"2019","2018-11-30","35406050","35406062","Federal Unemployment Taxes","38141275.61"
"2019","2018-11-30","35406050","35406067","Railroad Unemployment Taxes","712393.71"
"2019","2018-11-30","35406050","35406078","Total -- Unemployment Insurance","2650385421.33"
"2019","2018-11-30","35406103","35406123","Total -- Excise Taxes","7534600373.74"
"2019","2018-11-30","null","35406127","Estate and Gift Taxes","1405199187.99"
"2019","2018-11-30","null","35406133","Customs Duties","6284730076.91"
"2019","2018-11-30","35406139","35406145","Deposit of Earnings, Federal Reserve System","4479199212.42"
"2019","2018-11-30","35406139","35406151","Universal Service Fund","825197126.14"
"2019","2018-12-31","35726942","35726947","Adjustments Attributable to Prior Years-SECA","'-267170917.96"
"2019","2018-12-31","35726942","35726948","Total -- Federal Disability Insurance Trust Fund","13300868730.82"
"2019","2018-11-30","35406103","35406119","Black Lung Disability Trust Fund","38312000.00"
"2019","2018-12-31","35726967","35726968","Federal Employees' Retirement--Employee Share","421508884.09"
"2019","2019-02-28","36112618","36112625","Universal Service Fund","785286804.45"
"2019","2019-02-28","36112618","36112628","All Other","710540789.15"
"2019","2019-02-28","36112618","36112631","Total -- Miscellaneous Receipts","4388580036.90"
"2019","2019-02-28","null","36112634","Total -- Receipts","167265468178.81"
"2019","2019-03-31","36338637","36338667","Adjustments Attributable to Prior Years-SECA","'-173165.86"
"2019","2019-03-31","36338637","36338672","Total -- Federal Disability Insurance Trust Fund","11577337282.04"
"2019","2019-03-31","36338678","36338720","Total -- Federal Hospital Insurance Trust Fund","21856447348.38"
"2019","2019-03-31","36338592","36338726","Railroad Retirement:","null"
"2019","2019-03-31","36338592","36338744","Total -- Employment and General Retirement","101790639110.88"
"2019","2019-04-30","36781553","36781573","Adjustments Attributable to Prior Years-FICA","null"
"2019","2019-04-30","36781553","36781577","Adjustments Attributable to Prior Years-SECA","null"
"2019","2019-04-30","36781553","36781581","Total -- Federal Hospital Insurance Trust Fund","28570000000.00"
"2019","2019-04-30","36781483","36781585","Railroad Retirement:","null"
"2019","2019-04-30","36781585","36781589","Rail Pension and Supplemental Annuity","302137505.49"
"2019","2019-04-30","36781601","36781609","Federal Unemployment Taxes","3381200093.39"
"2019","2019-04-30","36781601","36781613","Railroad Unemployment Taxes","30875310.31"
"2019","2019-04-30","36781601","36781621","Total -- Unemployment Insurance","9838895613.20"
"2019","2019-04-30","36781625","36781629","Federal Employees' Retirement--Employee Share","375725622.51"
"2019","2019-04-30","36781625","36781633","Non-Federal Employees Retirement","2731436.71"
"2019","2019-05-31","37196301","37196303","Presidential Election Campaign Fund","null"
"2019","2019-05-31","37196301","37196304","Other","null"
"2019","2019-05-31","37196301","37196305","Total -- Individual Income Taxes","103691618305.67"
"2019","2019-05-31","null","37196306","Corporation Income Taxes","410832989.24"
"2019","2019-05-31","37196310","37196318","Adjustments Attributable to Prior Years-FICA","null"
"2019","2019-05-31","37196310","37196320","Adjustments Attrbutable to Prior Years-SECA","null"
"2019","2019-05-31","null","37196454","Customs Duties","4934217168.03"
"2019","2019-05-31","37196461","37196468","Deposit of Earnings, Federal Reserve System","5859923129.90"
"2019","2019-05-31","37196461","37196484","All Other","924626190.77"
"2019","2019-06-30","37440879","37440894","Adjustments Attributable to Prior Years-FICA","4533679653.33"
"2019","2019-06-30","37440879","37440896","Adjustments Attrbutable to Prior Years-SECA","101785057.50"
"2019","2018-11-30","null","35406139","Miscellaneous Receipts:","null"
"2019","2018-11-30","35406139","35406157","All Other","786398721.98"
"2019","2019-06-30","37440879","37440898","Total -- Federal Old-Age and Survivors Insurance Trust Fund","78564464710.83"
"2019","2019-06-30","37440900","37440902","Federal Insurance Contributions Act Taxes","11541000000.00"
"2019","2019-06-30","37440921","37440927","Federal Insurance Contributions Act Taxes","22199000000.00"
"2019","2019-06-30","37440921","37440932","Self-Employment Contributions Act Taxes","3194000000.00"
"2019","2019-06-30","37440872","37441047","Total -- Social Insurance and Retirement Receipts","120746038687.34"
"2019","2019-06-30","37441053","37441057","Miscellaneous Excise Taxes","1891116549.12"
"2019","2019-06-30","37441053","37441061","Airport and Airway Trust Fund","1524284000.00"
"2019","2019-06-30","37441053","37441065","Highway Trust Fund","3680509853.04"
"2019","2019-06-30","37441053","37441072","Total -- Excise Taxes","7110113402.16"
"2019","2019-06-30","null","37441075","Estate and Gift Taxes","1087357792.94"
"2019","2019-06-30","null","37441079","Customs Duties","5605992676.29"
"2019","2019-07-31","37823006","37823008","Withheld","null"
"2019","2019-07-31","37823006","37823010","Presidential Election Campaign Fund","null"
"2019","2019-07-31","37823006","37823013","Other","null"
"2019","2019-07-31","37823006","37823016","Total -- Individual Income Taxes","127426898892.05"
"2019","2019-07-31","null","37823019","Corporation Income Taxes","6967312596.12"
"2019","2019-07-31","37823022","37823025","Employment and General Retirement:","null"
"2019","2019-07-31","37823025","37823028","Federal Old-Age and Survivors Insurance Trust Fund:","null"
"2019","2019-07-31","37823028","37823031","Federal Insurance Contributions Act Taxes","58207000000.00"
"2019","2019-07-31","37823028","37823047","Adjustments Attributable to Prior Years-FICA","null"
"2019","2019-07-31","37823028","37823052","Adjustments Attrbutable to Prior Years-SECA","null"
"2019","2019-07-31","37823028","37823054","Total -- Federal Old-Age and Survivors Insurance Trust Fund","58819000000.00"
"2019","2019-07-31","37823025","37823061","Federal Disability Insurance Trust Fund:","null"
"2019","2019-07-31","37823061","37823070","Federal Insurance Contributions Act Taxes","9884000000.00"
"2019","2019-07-31","37823061","37823077","Self-Employment Contributions Act Taxes","126000000.00"
"2019","2019-07-31","37823061","37823092","Adjustments Attributable to Prior Years-FICA","null"
"2019","2019-07-31","37823061","37823098","Adjustments Attributable to Prior Years-SECA","null"
"2019","2019-07-31","37823025","37823109","Federal Hospital Insurance Trust Fund:","null"
"2019","2019-07-31","37823255","37823261","All Other","1630603399.43"
"2019","2019-07-31","37823255","37823263","Total -- Miscellaneous Receipts","7606141835.03"
"2019","2019-07-31","null","37823265","Total -- Receipts","251347787131.94"
"2019","2019-08-31","null","38333231","Individual Income Taxes","null"
"2019","2019-05-31","37196461","37196476","Universal Service Fund","781021671.74"
"2019","2019-06-30","37440875","37440966","Railroad Retirement:","null"
"2019","2019-06-30","null","37441053","Excise Taxes:","null"
"2019","2019-07-31","null","37823022","Social Insurance and Retirement Receipts:","null"
"2019","2019-07-31","37823028","37823037","Self-Employment Contributions Act Taxes","612000000.00"
"2019","2019-07-31","37823061","37823104","Total -- Federal Disability Insurance Trust Fund","10010000000.00"
"2019","2019-07-31","37823025","37823153","Railroad Retirement:","null"
"2019","2019-08-31","38333231","38333232","Withheld","null"
"2019","2019-08-31","38333231","38333233","Presidential Election Campaign Fund","null"
"2019","2019-08-31","38333231","38333234","Other","null"
"2019","2019-08-31","38333231","38333235","Total -- Individual Income Taxes","105981977100.55"
"2019","2019-08-31","null","38333236","Corporation Income Taxes","'-1395978400.19"
"2019","2019-08-31","null","38333237","Social Insurance and Retirement Receipts:","null"
"2019","2019-08-31","38333237","38333238","Employment and General Retirement:","null"
"2019","2019-08-31","38333238","38333239","Federal Old-Age and Survivors Insurance Trust Fund:","null"
"2019","2019-08-31","38333344","38333350","Rail Pension and Supplemental Annuity","263006348.65"
"2019","2019-08-31","38333368","38333374","Deposits by States","3583447422.00"
"2019","2019-08-31","38333368","38333380","Federal Unemployment Taxes","45264581.76"
"2019","2019-08-31","38333368","38333400","Total -- Unemployment Insurance","3629319463.97"
"2019","2019-08-31","38333237","38333406","Other Retirement:","null"
"2019","2019-08-31","38333406","38333412","Federal Employees' Retirement--Employee Share","399276438.09"
"2019","2019-08-31","null","38333436","Excise Taxes:","null"
"2019","2019-09-30","null","38895749","Corporation Income Taxes","60318184527.57"
"2019","2019-09-30","38895757","38895763","Employment and General Retirement:","null"
"2019","2019-09-30","38895763","38895768","Federal Old-Age and Survivors Insurance Trust Fund:","null"
"2019","2019-09-30","38895768","38895772","Federal Insurance Contributions Act Taxes","59940230000.00"
"2019","2019-09-30","38895768","38895776","Self-Employment Contributions Act Taxes","6611000000.00"
"2019","2019-09-30","38895763","38895805","Federal Disability Insurance Trust Fund:","null"
"2019","2019-09-30","38895805","38895811","Federal Insurance Contributions Act Taxes","9979458000.00"
"2019","2019-09-30","38895805","38895817","Self-Employment Contributions Act Taxes","1160000000.00"
"2019","2019-09-30","38895805","38895825","Adjustments Attributable to Prior Years-FICA","808851.21"
"2019","2019-09-30","38895805","38895833","Total -- Federal Disability Insurance Trust Fund","11140133032.69"
"2019","2019-09-30","38895763","38895837","Federal Hospital Insurance Trust Fund:","null"
"2019","2019-09-30","38895837","38895841","Federal Insurance Contributions Act Taxes","21695000000.00"
"2019","2019-09-30","38895837","38895845","Self-Employment Contributions Act Taxes","3225000000.00"
"2019","2019-07-31","37823232","37823244","Black Lung Disability Trust Fund","14044000.00"
"2019","2019-07-31","37823265","37823268","Total -- On-Budget","182518787131.94"
"2019","2019-08-31","38333368","38333386","Railroad Unemployment Taxes","607460.21"
"2019","2019-09-30","null","38895757","Social Insurance and Retirement Receipts:","null"
"2019","2019-09-30","38895805","38895829","Adjustments Attributable to Prior Years-SECA","'-133818.52"
"2019","2019-09-30","38895837","38895849","Receipts from Railroad Retirement Board","null"
"2019","2019-09-30","38895763","38895881","Total -- Employment and General Retirement","103045726444.14"
"2019","2019-09-30","38895885","38895889","Deposits by States","184346702.69"
"2019","2019-09-30","38895885","38895893","Federal Unemployment Taxes","12959313.09"
"2019","2019-09-30","38895885","38895897","Railroad Unemployment Taxes","35417.58"
"2019","2019-09-30","38895885","38895905","Total -- Unemployment Insurance","197341433.36"
"2019","2019-09-30","38895909","38895913","Federal Employees' Retirement--Employee Share","384164243.33"
"2019","2019-09-30","38895909","38895917","Non-Federal Employees Retirement","2327378.05"
"2019","2019-09-30","38895757","38895925","Total -- Social Insurance and Retirement Receipts","103629559498.88"
"2019","2019-09-30","null","38895929","Excise Taxes:","null"
"2019","2019-09-30","38895929","38895933","Miscellaneous Excise Taxes","3077050682.87"
"2019","2019-09-30","38895929","38895937","Airport and Airway Trust Fund","2005164000.00"
"2019","2019-09-30","38895929","38895941","Highway Trust Fund","6876596999.69"
"2019","2019-09-30","38895929","38895945","Black Lung Disability Trust Fund","26934000.00"
"2019","2019-09-30","38895929","38895949","Total -- Excise Taxes","11985745682.56"
"2019","2019-09-30","38895981","38895987","Total -- Off-Budget","77695120783.26"
"2019","2019-09-30","38895837","38895857","Adjustments Attributable to Prior Years-FICA","1056376.94"
"2019","2019-09-30","38895909","38895921","Total -- Other Retirement","386491621.38"
"2019","2019-09-30","38895981","38895984","Total -- On-Budget","296333036579.16"
"2019","2018-12-31","35726927","35726928","Withheld","null"
"2019","2018-10-31","35158554","35158556","Withheld","null"
"2019","2019-01-31","35921211","35921235","Total -- Federal Old-Age and Survivors Insurance Trust Fund","72598000000.00"
"2019","2019-03-31","36338566","36338578","Total -- Individual Income Taxes","97236085459.50"
"2019","2019-03-31","null","36338582","Corporation Income Taxes","8793102868.85"
"2019","2019-05-31","37196301","37196302","Withheld","null"
"2019","2019-06-30","37441053","37441069","Black Lung Disability Trust Fund","14203000.00"
"2019","2019-07-31","null","37823006","Individual Income Taxes","null"
"2019","2019-07-31","37823022","37823213","Other Retirement:","null"
"2019","2019-08-31","38333262","38333289","Adjustments Attributable to Prior Years-FICA","null"
"2019","2019-08-31","38333262","38333295","Adjustments Attributable to Prior Years-SECA","null"
"2019","2019-09-30","null","38895953","Estate and Gift Taxes","1201446385.28"
"2019","2019-09-30","null","38895957","Customs Duties","6833486006.88"
"2019","2019-09-30","null","38895961","Miscellaneous Receipts:","null"
"2019","2019-09-30","38895961","38895965","Deposit of Earnings, Federal Reserve System","3924345556.03"
"2019","2019-09-30","38895961","38895969","Universal Service Fund","877802088.59"
"2019","2019-09-30","38895961","38895973","All Other","2285740967.20"
"2019","2019-09-30","38895961","38895977","Total -- Miscellaneous Receipts","7087888611.82"
"2019","2019-09-30","null","38895981","Total -- Receipts","374028157362.42"
"2019","2018-10-31","35158554","35158566","Other","null"
"2019","2018-10-31","35158554","35158572","Total -- Individual Income Taxes","128865813268.53"
"2019","2018-10-31","35158716","35158722","Rail Pension and Supplemental Annuity","244958342.02"
"2019","2018-10-31","35158716","35158728","Social Security Equivalent Account","234856835.58"
"2019","2018-10-31","35158589","35158734","Total -- Employment and General Retirement","83254815177.60"
"2019","2018-10-31","35158815","35158823","Airport and Airway Trust Fund","254356000.00"
"2019","2018-10-31","35158815","35158830","Highway Trust Fund","785942340.02"
"2019","2018-10-31","35158815","35158837","Black Lung Disability Trust Fund","7717000.00"
"2019","2018-10-31","35158815","35158844","Total -- Excise Taxes","14715316764.04"
"2019","2018-10-31","null","35158862","Miscellaneous Receipts:","null"
"2019","2018-10-31","35158892","35158897","Total -- On-Budget","190914526878.81"
"2019","2018-11-30","null","35405899","Individual Income Taxes","null"
"2019","2018-11-30","35406083","35406087","Federal Employees' Retirement--Employee Share","443720661.18"
"2019","2018-11-30","35406083","35406091","Non-Federal Employees Retirement","2258792.41"
"2019","2018-11-30","35406083","35406095","Total -- Other Retirement","445979453.59"
"2019","2018-11-30","35405921","35406099","Total -- Social Insurance and Retirement Receipts","92920777381.28"
"2019","2018-11-30","35406103","35406107","Miscellaneous Excise Taxes","1687150508.23"
"2019","2018-11-30","35406103","35406111","Airport and Airway Trust Fund","1548080000.00"
"2019","2018-11-30","35406103","35406115","Highway Trust Fund","4261057865.51"
"2019","2018-12-31","35726935","35726937","Self-Employment Contributions Act Taxes","476000000.00"
"2019","2018-12-31","null","35726972","Excise Taxes:","null"
"2019","2018-12-31","35726972","35726974","Miscellaneous Excise Taxes","2052163430.19"
"2019","2018-12-31","35726972","35726975","Airport and Airway Trust Fund","1337860000.00"
"2019","2018-12-31","35726972","35726978","Highway Trust Fund","3755559024.04"
"2019","2018-12-31","35726972","35726981","Black Lung Disability Trust Fund","33110000.00"
"2019","2018-12-31","35726972","35726985","Total -- Excise Taxes","7178692454.23"
"2019","2018-12-31","null","35726989","Estate and Gift Taxes","1674627407.00"
"2019","2019-01-31","35921402","35921408","Miscellaneous Excise Taxes","2215747005.23"
"2019","2019-01-31","35921402","35921414","Airport and Airway Trust Fund","1209130000.00"
"2019","2019-01-31","35921402","35921420","Highway Trust Fund","3320896421.42"
"2019","2019-01-31","35921402","35921426","Black Lung Disability Trust Fund","29926000.00"
"2019","2019-01-31","35921402","35921432","Total -- Excise Taxes","6775699426.65"
"2019","2019-02-28","null","36112576","Excise Taxes:","null"
"2019","2019-01-31","35921209","35921318","Railroad Retirement:","null"
"2019","2019-01-31","35921318","35921320","Rail Pension and Supplemental Annuity","294646000.00"
"2019","2019-01-31","35921318","35921325","Social Security Equivalent Account","219261335.12"
"2019","2019-01-31","35921209","35921330","Total -- Employment and General Retirement","111768907335.12"
"2019","2019-01-31","35921204","35921336","Unemployment Insurance:","null"
"2019","2019-01-31","35921336","35921354","Railroad Unemployment Taxes","32476626.37"
"2019","2019-03-31","36338592","36338596","Federal Old-Age and Survivors Insurance Trust Fund:","null"
"2019","2019-03-31","36338596","36338600","Federal Insurance Contributions Act Taxes","66743000000.00"
"2019","2019-03-31","36338596","36338604","Self-Employment Contributions Act Taxes","1065000000.00"
"2019","2019-03-31","36338596","36338613","Adjustments Attributable to Prior Years-FICA","12615733.38"
"2019","2019-03-31","36338596","36338621","Adjustments Attrbutable to Prior Years-SECA","'-1029163.00"
"2019","2019-03-31","36338596","36338629","Total -- Federal Old-Age and Survivors Insurance Trust Fund","67819586570.38"
"2019","2019-03-31","36338592","36338637","Federal Disability Insurance Trust Fund:","null"
"2019","2019-03-31","36338637","36338643","Federal Insurance Contributions Act Taxes","11335000000.00"
"2019","2019-03-31","36338637","36338649","Self-Employment Contributions Act Taxes","240000000.00"
"2019","2019-03-31","36338587","36338750","Unemployment Insurance:","null"
"2019","2019-08-31","38333478","38333483","Deposit of Earnings, Federal Reserve System","3622299751.29"
"2019","2019-09-30","null","38895711","Individual Income Taxes","null"
"2019","2019-09-30","38895711","38895717","Withheld","null"
"2019","2019-09-30","38895711","38895724","Presidential Election Campaign Fund","null"
"2019","2019-09-30","38895711","38895732","Other","null"
"2019","2019-09-30","38895711","38895740","Total -- Individual Income Taxes","182971846649.43"
"2019","2019-04-30","36781483","36781488","Federal Old-Age and Survivors Insurance Trust Fund:","null"
"2019","2018-10-31","35158668","35158674","Federal Insurance Contributions Act Taxes","20878000000.00"
"2019","2018-10-31","35158668","35158680","Self-Employment Contributions Act Taxes","120000000.00"
"2019","2018-10-31","35158668","35158710","Total -- Federal Hospital Insurance Trust Fund","20998000000.00"
"2019","2018-10-31","35158589","35158716","Railroad Retirement:","null"
"2019","2018-10-31","35158892","35158902","Total -- Off-Budget","61777000000.00"
"2019","2018-11-30","35405899","35405903","Withheld","null"
"2019","2018-11-30","35405899","35405908","Presidential Election Campaign Fund","null"
"2019","2018-11-30","35405953","35405977","Total -- Federal Disability Insurance Trust Fund","12734000000.00"
"2019","2018-11-30","35405981","35405985","Federal Insurance Contributions Act Taxes","22746000000.00"
"2019","2018-11-30","35405981","35405991","Self-Employment Contributions Act Taxes","59000000.00"
"2019","2018-11-30","35405981","35406020","Total -- Federal Hospital Insurance Trust Fund","22805000000.00"
"2019","2018-11-30","35405925","35406026","Railroad Retirement:","null"
"2019","2018-11-30","35405921","35406050","Unemployment Insurance:","null"
"2019","2019-01-31","35921239","35921263","Adjustments Attributable to Prior Years-FICA","null"
"2019","2019-01-31","35921239","35921265","Adjustments Attributable to Prior Years-SECA","null"
"2019","2019-01-31","35921239","35921272","Total -- Federal Disability Insurance Trust Fund","13545000000.00"
"2019","2019-01-31","null","35921402","Excise Taxes:","null"
"2019","2019-03-31","36338726","36338732","Rail Pension and Supplemental Annuity","289304950.91"
"2019","2019-03-31","36338726","36338738","Social Security Equivalent Account","247962959.17"
"2019","2018-11-30","null","35405919","Corporation Income Taxes","'-1645941749.48"
"2019","2018-11-30","null","35405921","Social Insurance and Retirement Receipts:","null"
"2019","2018-11-30","35405921","35405925","Employment and General Retirement:","null"
"2019","2018-11-30","35405925","35405929","Federal Old-Age and Survivors Insurance Trust Fund:","null"
"2019","2018-11-30","35405929","35405933","Federal Insurance Contributions Act Taxes","53764000000.00"
"2019","2018-11-30","35405929","35405937","Self-Employment Contributions Act Taxes","127000000.00"
"2019","2018-11-30","35405929","35405949","Total -- Federal Old-Age and Survivors Insurance Trust Fund","53891000000.00"
"2019","2018-11-30","35405925","35405953","Federal Disability Insurance Trust Fund:","null"
"2019","2018-11-30","35405953","35405957","Federal Insurance Contributions Act Taxes","12704000000.00"
"2019","2018-11-30","35405953","35405961","Self-Employment Contributions Act Taxes","30000000.00"
"2019","2018-11-30","null","35406103","Excise Taxes:","null"
"2019","2019-04-30","36781625","36781637","Total -- Other Retirement","378457059.22"
"2019","2019-04-30","36781476","36781641","Total -- Social Insurance and Retirement Receipts","135129064687.37"
"2019","2019-04-30","36781645","36781649","Miscellaneous Excise Taxes","2178857576.74"
"2019","2018-12-31","35726927","35726931","Total -- Individual Income Taxes","150557455072.55"
"2019","2018-12-31","null","35726932","Corporation Income Taxes","46754897494.12"
"2019","2018-12-31","null","35726933","Social Insurance and Retirement Receipts:","null"
"2019","2018-12-31","35726933","35726934","Employment and General Retirement:","null"
"2019","2018-12-31","35726934","35726935","Federal Old-Age and Survivors Insurance Trust Fund:","null"
"2019","2018-12-31","35726935","35726936","Federal Insurance Contributions Act Taxes","57172000000.00"
"2019","2019-04-30","null","36781677","Miscellaneous Receipts:","null"
"2019","2018-12-31","null","35726997","Miscellaneous Receipts:","null"
"2019","2018-12-31","35726997","35727000","Deposit of Earnings, Federal Reserve System","4399868445.29"
"2019","2018-12-31","35726997","35727003","Universal Service Fund","819353238.76"
"2019","2019-01-31","null","35921177","Individual Income Taxes","null"
"2019","2019-06-30","37440921","37440938","Receipts from Railroad Retirement Board","609600000.00"
"2019","2019-06-30","37440921","37440950","Adjustments Attributable to Prior Years-FICA","1898978020.18"
"2019","2019-06-30","37440921","37440956","Adjustments Attributable to Prior Years-SECA","81744401.89"
"2019","2019-06-30","37440921","37440961","Total -- Federal Hospital Insurance Trust Fund","27983322422.07"
"2019","2019-06-30","37440966","37440971","Rail Pension and Supplemental Annuity","262051849.90"
"2019","2019-06-30","37440966","37440976","Social Security Equivalent Account","'-390824264.39"
"2019","2019-06-30","37440875","37440981","Total -- Employment and General Retirement","120111961489.58"
"2019","2019-06-30","37440872","37440987","Unemployment Insurance:","null"
"2019","2019-06-30","37440987","37440993","Deposits by States","238385697.73"
"2019","2019-06-30","37440987","37440999","Federal Unemployment Taxes","11006384.96"
"2019","2019-06-30","37440987","37441005","Railroad Unemployment Taxes","41342.19"
"2019","2019-06-30","37440987","37441017","Total -- Unemployment Insurance","249433424.88"
"2019","2019-06-30","37440872","37441023","Other Retirement:","null"
"2019","2019-01-31","35921336","35921348","Federal Unemployment Taxes","1103136635.41"
"2019","2019-01-31","35921336","35921366","Total -- Unemployment Insurance","3038251493.99"
"2019","2019-01-31","35921204","35921372","Other Retirement:","null"
"2019","2019-01-31","35921372","35921378","Federal Employees' Retirement--Employee Share","254042869.01"
"2019","2019-01-31","35921372","35921384","Non-Federal Employees Retirement","2421141.27"
"2019","2019-01-31","35921372","35921390","Total -- Other Retirement","256464010.28"
"2019","2019-01-31","35921204","35921396","Total -- Social Insurance and Retirement Receipts","115063622839.39"
"2019","2019-06-30","37441023","37441029","Federal Employees' Retirement--Employee Share","382368504.69"
"2019","2019-06-30","37441023","37441035","Non-Federal Employees Retirement","2275268.19"
"2019","2019-06-30","37441023","37441041","Total -- Other Retirement","384643772.88"
"2019","2019-07-31","37823177","37823195","Railroad Unemployment Taxes","30893558.23"
"2019","2019-07-31","37823177","37823207","Total -- Unemployment Insurance","3849343410.50"
"2019","2019-07-31","37823213","37823218","Federal Employees' Retirement--Employee Share","425294506.73"
"2019","2019-07-31","37823213","37823222","Non-Federal Employees Retirement","2829586.34"
"2019","2019-07-31","37823213","37823225","Total -- Other Retirement","428124093.07"
"2019","2019-07-31","37823022","37823228","Total -- Social Insurance and Retirement Receipts","93848043648.91"
"2019","2019-09-30","38895837","38895861","Adjustments Attributable to Prior Years-SECA","472927.54"
"2019","2019-09-30","38895837","38895865","Total -- Federal Hospital Insurance Trust Fund","24921529304.48"
"2019","2019-01-31","35921204","35921209","Employment and General Retirement:","null"
"2019","2019-01-31","35921209","35921211","Federal Old-Age and Survivors Insurance Trust Fund:","null"
"2019","2019-01-31","35921211","35921215","Federal Insurance Contributions Act Taxes","66093000000.00"
"2019","2019-01-31","35921211","35921219","Self-Employment Contributions Act Taxes","6505000000.00"
"2019","2019-01-31","35921211","35921227","Adjustments Attributable to Prior Years-FICA","null"
"2019","2019-01-31","35921211","35921231","Adjustments Attrbutable to Prior Years-SECA","null"
"2019","2019-01-31","35921209","35921239","Federal Disability Insurance Trust Fund:","null"
"2019","2019-01-31","35921239","35921245","Federal Insurance Contributions Act Taxes","12008000000.00"
"2019","2019-01-31","35921239","35921251","Self-Employment Contributions Act Taxes","1537000000.00"
"2019","2019-01-31","35921209","35921278","Federal Hospital Insurance Trust Fund:","null"
"2019","2019-01-31","35921278","35921290","Self-Employment Contributions Act Taxes","3028000000.00"
"2019","2019-01-31","35921278","35921308","Adjustments Attributable to Prior Years-FICA","null"
"2019","2019-01-31","35921336","35921342","Deposits by States","1902638232.21"
"2019","2019-06-30","37440875","37440921","Federal Hospital Insurance Trust Fund:","null"
"2019","2019-08-31","null","38333478","Miscellaneous Receipts:","null"
"2019","2019-01-31","35921278","35921284","Federal Insurance Contributions Act Taxes","22084000000.00"
"2019","2019-09-30","38895763","38895869","Railroad Retirement:","null"
"2019","2019-09-30","38895869","38895873","Rail Pension and Supplemental Annuity","254610317.48"
"2019","2019-09-30","38895869","38895877","Social Security Equivalent Account","174466038.92"
"2019","2019-09-30","38895757","38895885","Unemployment Insurance:","null"
"2019","2019-02-28","36112486","36112498","Social Security Equivalent Account","325334396.78"
"2019","2019-02-28","36112398","36112504","Total -- Employment and General Retirement","92335192074.41"
"2019","2019-02-28","36112395","36112510","Unemployment Insurance:","null"
"2019","2019-02-28","36112510","36112516","Deposits by States","2305236981.92"
"2019","2019-02-28","36112510","36112522","Federal Unemployment Taxes","114143039.36"
"2019","2019-02-28","36112510","36112528","Railroad Unemployment Taxes","1523298.54"
"2019","2019-02-28","36112395","36112546","Other Retirement:","null"
"2019","2018-12-31","35726927","35726929","Presidential Election Campaign Fund","null"
"2019","2018-12-31","35726927","35726930","Other","null"
"2019","2018-10-31","35158554","35158561","Presidential Election Campaign Fund","null"
"2019","2018-12-31","35726933","35726971","Total -- Social Insurance and Retirement Receipts","94643227887.07"
"2019","2018-12-31","null","35726994","Customs Duties","5991866011.13"
"2019","2018-12-31","35726997","35727006","All Other","564050248.18"
"2019","2018-12-31","35726997","35727009","Total -- Miscellaneous Receipts","5783271932.23"
"2019","2018-12-31","null","35727012","Total -- Receipts","312584038258.33"
"2019","2018-12-31","35727012","35727015","Total -- On-Budget","242999114406.22"
"2019","2018-12-31","35727012","35727018","Total -- Off-Budget","69584923852.11"
"2019","2019-01-31","35921177","35921194","Total -- Individual Income Taxes","197136284371.87"
"2019","2019-01-31","null","35921199","Corporation Income Taxes","6753689245.52"
"2019","2019-01-31","null","35921204","Social Insurance and Retirement Receipts:","null"
"2019","2019-02-28","36112546","36112564","Total -- Other Retirement","469187382.50"
"2019","2019-02-28","36112395","36112570","Total -- Social Insurance and Retirement Receipts","95225282776.73"
"2019","2019-02-28","36112576","36112582","Miscellaneous Excise Taxes","339301802.94"
"2019","2019-02-28","36112576","36112588","Airport and Airway Trust Fund","1417871000.00"
"2019","2019-02-28","36112576","36112594","Highway Trust Fund","3578943756.32"
"2019","2019-02-28","36112576","36112600","Black Lung Disability Trust Fund","17264000.00"
"2019","2019-02-28","36112576","36112606","Total -- Excise Taxes","5353380559.26"
"2019","2019-02-28","null","36112611","Estate and Gift Taxes","1229331552.30"
"2019","2019-02-28","null","36112615","Customs Duties","5076213977.06"
"2019","2019-02-28","null","36112618","Miscellaneous Receipts:","null"
"2019","2019-02-28","36112618","36112621","Deposit of Earnings, Federal Reserve System","2892752443.30"
"2019","2019-02-28","36112634","36112637","Total -- On-Budget","95390468178.81"
"2019","2019-02-28","36112634","36112639","Total -- Off-Budget","71875000000.00"
"2019","2019-03-31","null","36338566","Individual Income Taxes","null"
"2019","2019-03-31","36338566","36338568","Withheld","null"
"2019","2019-03-31","36338566","36338570","Presidential Election Campaign Fund","null"
"2019","2019-03-31","36338566","36338574","Other","null"
"2019","2019-03-31","null","36338587","Social Insurance and Retirement Receipts:","null"
"2019","2019-03-31","36338587","36338592","Employment and General Retirement:","null"
"2019","2019-03-31","36338637","36338662","Adjustments Attributable to Prior Years-FICA","2510447.90"
"2019","2019-04-30","36781645","36781653","Airport and Airway Trust Fund","1398919000.00"
"2019","2019-04-30","36781645","36781657","Highway Trust Fund","3499474234.99"
"2019","2019-04-30","36781645","36781661","Black Lung Disability Trust Fund","15667000.00"
"2019","2019-04-30","36781645","36781665","Total -- Excise Taxes","7092917811.73"
"2019","2019-04-30","null","36781669","Estate and Gift Taxes","2269595348.13"
"2019","2019-04-30","null","36781673","Customs Duties","5237442303.69"
"2019","2019-04-30","36781677","36781681","Deposit of Earnings, Federal Reserve System","4070253861.91"
"2019","2019-04-30","36781677","36781685","Universal Service Fund","807653794.73"
"2019","2019-04-30","36781677","36781689","All Other","3440703910.53"
"2019","2019-04-30","36781677","36781693","Total -- Miscellaneous Receipts","8318611567.17"
"2019","2019-04-30","null","36781697","Total -- Receipts","535544530375.59"
"2019","2019-04-30","36781697","36781700","Total -- On-Budget","439735530375.59"
"2019","2019-06-30","37440900","37440904","Self-Employment Contributions Act Taxes","1037000000.00"
"2019","2019-06-30","37440900","37440908","Adjustments Attributable to Prior Years-FICA","1097669554.15"
"2019","2019-06-30","37440900","37440911","Adjustments Attributable to Prior Years-SECA","17277217.02"
"2019","2019-06-30","37440900","37440915","Total -- Federal Disability Insurance Trust Fund","13692946771.17"
"2019","2019-07-31","37823109","37823114","Federal Insurance Contributions Act Taxes","19915000000.00"
"2019","2019-07-31","37823109","37823119","Self-Employment Contributions Act Taxes","281000000.00"
"2019","2019-07-31","37823109","37823124","Receipts from Railroad Retirement Board","null"
"2019","2019-07-31","37823109","37823135","Adjustments Attributable to Prior Years-FICA","null"
"2019","2019-07-31","37823109","37823141","Adjustments Attributable to Prior Years-SECA","null"
"2019","2019-07-31","37823109","37823147","Total -- Federal Hospital Insurance Trust Fund","20196000000.00"
"2019","2019-07-31","37823153","37823159","Rail Pension and Supplemental Annuity","302082123.26"
"2019","2019-07-31","37823153","37823165","Social Security Equivalent Account","243494022.08"
"2019","2019-07-31","37823025","37823171","Total -- Employment and General Retirement","89570576145.34"
"2019","2019-07-31","37823022","37823177","Unemployment Insurance:","null"
"2019","2019-07-31","37823177","37823183","Deposits by States","3075372636.08"
"2019","2019-07-31","37823177","37823189","Federal Unemployment Taxes","743077216.19"
"2019","2019-07-31","null","37823232","Excise Taxes:","null"
"2019","2019-07-31","37823232","37823235","Miscellaneous Excise Taxes","2707304805.11"
"2019","2019-07-31","37823232","37823238","Airport and Airway Trust Fund","1507248000.00"
"2019","2019-07-31","37823232","37823241","Highway Trust Fund","3639701201.31"
"2019","2019-07-31","37823232","37823249","Total -- Excise Taxes","7868298006.42"
"2019","2019-07-31","null","37823251","Estate and Gift Taxes","1157828020.09"
"2019","2019-07-31","null","37823253","Customs Duties","6473264133.32"
"2019","2019-07-31","null","37823255","Miscellaneous Receipts:","null"
"2019","2019-07-31","37823255","37823257","Deposit of Earnings, Federal Reserve System","5202879817.27"
"2019","2019-07-31","37823255","37823259","Universal Service Fund","772658618.33"
"2019","2019-07-31","37823265","37823271","Total -- Off-Budget","68829000000.00"
"2019","2018-11-30","35405899","35405910","Other","null"
"2019","2018-11-30","35405899","35405915","Total -- Individual Income Taxes","93370968243.32"
"2019","2018-11-30","35405925","35405981","Federal Hospital Insurance Trust Fund:","null"
"2019","2019-08-31","38333239","38333241","Federal Insurance Contributions Act Taxes","59526000000.00"
"2019","2019-08-31","38333239","38333242","Self-Employment Contributions Act Taxes","691000000.00"
"2019","2019-08-31","38333239","38333245","Adjustments Attributable to Prior Years-FICA","null"
"2019","2019-08-31","38333239","38333250","Adjustments Attrbutable to Prior Years-SECA","null"
"2019","2019-08-31","38333239","38333256","Total -- Federal Old-Age and Survivors Insurance Trust Fund","60217000000.00"
"2019","2019-08-31","38333238","38333262","Federal Disability Insurance Trust Fund:","null"
"2019","2019-08-31","38333262","38333268","Federal Insurance Contributions Act Taxes","10108000000.00"
"2019","2019-08-31","38333262","38333275","Self-Employment Contributions Act Taxes","150000000.00"
"2019","2019-08-31","38333262","38333300","Total -- Federal Disability Insurance Trust Fund","10258000000.00"
"2019","2019-08-31","38333238","38333306","Federal Hospital Insurance Trust Fund:","null"
"2019","2019-08-31","38333306","38333312","Federal Insurance Contributions Act Taxes","20446000000.00"
"2019","2019-08-31","38333306","38333318","Self-Employment Contributions Act Taxes","321000000.00"
"2019","2019-08-31","38333306","38333323","Receipts from Railroad Retirement Board","null"
"2019","2019-08-31","38333306","38333333","Adjustments Attributable to Prior Years-FICA","null"
"2019","2019-08-31","38333306","38333337","Adjustments Attributable to Prior Years-SECA","null"
"2019","2019-08-31","38333306","38333339","Total -- Federal Hospital Insurance Trust Fund","20767000000.00"
"2019","2018-12-31","35726949","35726950","Federal Insurance Contributions Act Taxes","24329000000.00"
"2019","2018-12-31","35726949","35726951","Self-Employment Contributions Act Taxes","246000000.00"
"2019","2018-12-31","35726949","35726954","Adjustments Attributable to Prior Years-FICA","'-189590322.36"
"2019","2018-12-31","35726949","35726955","Adjustments Attributable to Prior Years-SECA","'-480665669.21"
"2019","2018-12-31","35726949","35726956","Total -- Federal Hospital Insurance Trust Fund","23904744008.43"
"2019","2018-12-31","35726934","35726957","Railroad Retirement:","null"
"2019","2018-12-31","35726957","35726958","Rail Pension and Supplemental Annuity","189813249.26"
"2019","2018-12-31","35726957","35726959","Social Security Equivalent Account","248224186.35"
"2019","2018-12-31","35726934","35726960","Total -- Employment and General Retirement","93927705296.15"
"2019","2018-12-31","35726933","35726961","Unemployment Insurance:","null"
"2019","2018-12-31","35726961","35726962","Deposits by States","248825541.19"
"2019","2018-12-31","35726961","35726963","Federal Unemployment Taxes","43003572.07"
"2019","2018-12-31","35726961","35726964","Railroad Unemployment Taxes","53745.53"
"2019","2018-12-31","35726961","35726966","Total -- Unemployment Insurance","291882858.79"
"2019","2018-12-31","35726933","35726967","Other Retirement:","null"
"2019","2018-12-31","35726967","35726969","Non-Federal Employees Retirement","2130848.04"
"2019","2018-12-31","35726967","35726970","Total -- Other Retirement","423639732.13"
"2019","2019-01-31","35921177","35921183","Withheld","null"
"2019","2019-08-31","38333344","38333356","Social Security Equivalent Account","286004245.65"
"2019","2019-08-31","38333238","38333362","Total -- Employment and General Retirement","91791010594.30"
"2019","2019-08-31","38333237","38333368","Unemployment Insurance:","null"
"2019","2019-08-31","38333406","38333418","Non-Federal Employees Retirement","2492241.22"
"2019","2019-08-31","38333406","38333424","Total -- Other Retirement","401768679.31"
"2019","2019-08-31","38333237","38333430","Total -- Social Insurance and Retirement Receipts","95822098737.58"
"2019","2019-08-31","38333436","38333442","Miscellaneous Excise Taxes","3751927213.61"
"2019","2019-08-31","38333436","38333447","Airport and Airway Trust Fund","890708379.75"
"2019","2019-08-31","38333436","38333452","Highway Trust Fund","3223522471.59"
"2019","2019-08-31","38333436","38333458","Black Lung Disability Trust Fund","'-413671.00"
"2019","2019-08-31","38333436","38333463","Total -- Excise Taxes","7865744393.95"
"2019","2019-08-31","null","38333468","Estate and Gift Taxes","1877120612.10"
"2019","2019-08-31","null","38333473","Customs Duties","7005301536.43"
"2019","2019-01-31","35921278","35921312","Adjustments Attributable to Prior Years-SECA","null"
"2019","2019-01-31","35921278","35921314","Total -- Federal Hospital Insurance Trust Fund","25112000000.00"
"2019","2019-01-31","35921450","35921457","Deposit of Earnings, Federal Reserve System","4853689226.05"
"2019","2019-01-31","35921450","35921463","Universal Service Fund","825144737.07"
"2019","2019-01-31","35921450","35921469","All Other","851607803.66"
"2019","2019-01-31","35921450","35921475","Total -- Miscellaneous Receipts","6530441766.78"
"2019","2019-01-31","null","35921481","Total -- Receipts","339980048642.38"
"2019","2019-01-31","35921481","35921486","Total -- On-Budget","253837048642.38"
"2019","2019-01-31","35921481","35921491","Total -- Off-Budget","86143000000.00"
"2019","2019-02-28","null","36112387","Individual Income Taxes","null"
"2019","2019-02-28","36112387","36112388","Withheld","null"
"2019","2019-02-28","36112387","36112390","Presidential Election Campaign Fund","null"
"2019","2019-02-28","36112387","36112391","Other","null"
"2019","2019-02-28","36112387","36112392","Total -- Individual Income Taxes","56661213264.16"
"2019","2019-02-28","null","36112394","Corporation Income Taxes","'-668533987.60"
"2019","2019-02-28","null","36112395","Social Insurance and Retirement Receipts:","null"
"2019","2019-02-28","36112395","36112398","Employment and General Retirement:","null"
"2019","2019-02-28","36112398","36112402","Federal Old-Age and Survivors Insurance Trust Fund:","null"
"2019","2019-02-28","36112402","36112406","Federal Insurance Contributions Act Taxes","60893000000.00"
"2019","2019-02-28","36112402","36112409","Self-Employment Contributions Act Taxes","382000000.00"
"2019","2019-02-28","36112402","36112415","Adjustments Attributable to Prior Years-FICA","null"
"2019","2019-02-28","36112402","36112419","Adjustments Attrbutable to Prior Years-SECA","null"
"2019","2019-02-28","36112402","36112421","Total -- Federal Old-Age and Survivors Insurance Trust Fund","61275000000.00"
"2019","2019-02-28","36112398","36112423","Federal Disability Insurance Trust Fund:","null"
"2019","2019-02-28","36112423","36112425","Federal Insurance Contributions Act Taxes","10511000000.00"
"2019","2019-02-28","36112423","36112427","Self-Employment Contributions Act Taxes","89000000.00"
"2019","2019-02-28","36112423","36112432","Adjustments Attributable to Prior Years-FICA","null"
"2019","2019-02-28","36112423","36112436","Adjustments Attributable to Prior Years-SECA","null"
"2019","2019-02-28","36112423","36112440","Total -- Federal Disability Insurance Trust Fund","10600000000.00"
"2019","2019-02-28","36112398","36112486","Railroad Retirement:","null"
"2019","2019-09-30","38895768","38895787","Adjustments Attributable to Prior Years-FICA","4493638.70"
"2019","2019-09-30","38895768","38895793","Adjustments Attrbutable to Prior Years-SECA","'-735888.13"
"2019","2019-09-30","38895768","38895799","Total -- Federal Old-Age and Survivors Insurance Trust Fund","66554987750.57"
"2019","2019-03-31","36338810","36338814","Universal Service Fund","806830474.02"
"2019","2019-03-31","36338810","36338816","All Other","1405485059.56"
"2019","2019-03-31","36338810","36338818","Total -- Miscellaneous Receipts","6418339011.04"
"2019","2019-03-31","null","36338820","Total -- Receipts","228811230488.96"
"2019","2019-03-31","36338820","36338823","Total -- On-Budget","149414306636.54"
"2019","2019-03-31","36338820","36338826","Total -- Off-Budget","79396923852.42"
"2019","2018-10-31","35158778","35158786","Federal Employees' Retirement--Employee Share","354556964.11"
"2019","2018-10-31","35158778","35158793","Non-Federal Employees Retirement","2524001.21"
"2019","2018-10-31","35158778","35158800","Total -- Other Retirement","357080965.32"
"2019","2018-10-31","35158583","35158808","Total -- Social Insurance and Retirement Receipts","86552914024.74"
"2019","2018-10-31","null","35158815","Excise Taxes:","null"
"2019","2018-10-31","35158815","35158821","Miscellaneous Excise Taxes","13667301424.02"
"2019","2018-10-31","null","35158850","Estate and Gift Taxes","1953669908.98"
"2019","2018-10-31","null","35158856","Customs Duties","5550559303.59"
"2019","2019-02-28","36112444","36112448","Federal Insurance Contributions Act Taxes","19571000000.00"
"2019","2019-04-30","36781429","36781436","Withheld","null"
"2019","2019-04-30","36781429","36781444","Presidential Election Campaign Fund","null"
"2019","2019-04-30","36781429","36781452","Other","null"
"2019","2019-04-30","36781429","36781460","Total -- Individual Income Taxes","332808753831.16"
"2019","2019-04-30","null","36781468","Corporation Income Taxes","44688144826.34"
"2019","2019-04-30","36781488","36781493","Federal Insurance Contributions Act Taxes","64767000000.00"
"2019","2019-04-30","36781488","36781499","Self-Employment Contributions Act Taxes","16436000000.00"
"2019","2019-04-30","36781483","36781525","Federal Disability Insurance Trust Fund:","null"
"2019","2019-05-31","null","37196301","Individual Income Taxes","null"
"2019","2019-05-31","37196362","37196372","Total -- Unemployment Insurance","11552609782.45"
"2019","2019-05-31","37196307","37196375","Other Retirement:","null"
"2019","2019-05-31","37196375","37196379","Federal Employees' Retirement--Employee Share","465803853.04"
"2019","2019-05-31","37196375","37196383","Non-Federal Employees Retirement","2077023.84"
"2019","2019-05-31","37196375","37196387","Total -- Other Retirement","467880876.88"
"2019","2019-05-31","37196307","37196392","Total -- Social Insurance and Retirement Receipts","107081795164.25"
"2019","2019-05-31","null","37196400","Excise Taxes:","null"
"2019","2019-05-31","37196400","37196408","Miscellaneous Excise Taxes","2790604058.85"
"2019","2019-05-31","37196400","37196414","Airport and Airway Trust Fund","1556375048.20"
"2019","2019-05-31","37196400","37196422","Highway Trust Fund","3235121596.80"
"2019","2019-05-31","37196400","37196430","Black Lung Disability Trust Fund","10510822.00"
"2019","2019-05-31","37196400","37196438","Total -- Excise Taxes","7592611525.85"
"2019","2019-05-31","null","37196446","Estate and Gift Taxes","787851878.32"
"2019","2019-05-31","null","37196461","Miscellaneous Receipts:","null"
"2019","2019-04-30","null","36781476","Social Insurance and Retirement Receipts:","null"
"2019","2018-10-31","null","35158554","Individual Income Taxes","null"
"2019","2018-11-30","35405921","35406083","Other Retirement:","null"
"2019","2019-01-31","35921177","35921189","Other","null"
"2019","2019-03-31","36338592","36338678","Federal Hospital Insurance Trust Fund:","null"
"2019","2019-03-31","36338678","36338684","Federal Insurance Contributions Act Taxes","21130000000.00"
"2019","2019-03-31","36338678","36338690","Self-Employment Contributions Act Taxes","725000000.00"
"2019","2019-03-31","36338678","36338708","Adjustments Attributable to Prior Years-FICA","1505066.25"
"2019","2019-03-31","36338678","36338714","Adjustments Attributable to Prior Years-SECA","'-57717.87"
"2019","2019-03-31","36338750","36338774","Total -- Unemployment Insurance","274594267.10"
"2019","2019-03-31","36338587","36338778","Other Retirement:","null"
"2019","2019-03-31","36338778","36338782","Federal Employees' Retirement--Employee Share","357145456.58"
"2019","2019-03-31","36338778","36338785","Non-Federal Employees Retirement","2047291.58"
"2019","2019-03-31","36338778","36338788","Total -- Other Retirement","359192748.16"
"2019","2019-03-31","null","36338794","Excise Taxes:","null"
"2019","2019-04-30","36781585","36781593","Social Security Equivalent Account","230574509.46"
"2019","2019-04-30","36781483","36781597","Total -- Employment and General Retirement","124911712014.95"
"2019","2019-04-30","36781476","36781601","Unemployment Insurance:","null"
"2019","2019-04-30","36781601","36781605","Deposits by States","6426820209.50"
"2019","2019-04-30","36781476","36781625","Other Retirement:","null"
"2019","2019-05-31","null","37196307","Social Insurance and Retirement Receipts:","null"
"2019","2019-05-31","37196307","37196308","Employment and General Retirement:","null"
"2019","2019-05-31","37196308","37196310","Federal Old-Age and Survivors Insurance Trust Fund:","null"
"2019","2019-05-31","37196310","37196312","Federal Insurance Contributions Act Taxes","62293000000.00"
"2019","2019-05-31","37196310","37196314","Self-Employment Contributions Act Taxes","793000000.00"
"2019","2019-05-31","37196500","37196507","Total -- On-Budget","158229498023.77"
"2019","2019-05-31","37196500","37196514","Total -- Off-Budget","73835000000.00"
"2019","2019-04-30","36781476","36781483","Employment and General Retirement:","null"
"2019","2018-10-31","35158740","35158752","Federal Unemployment Taxes","639361810.52"
"2019","2018-10-31","35158740","35158758","Railroad Unemployment Taxes","33341901.92"
"2019","2018-10-31","35158740","35158770","Total -- Unemployment Insurance","2941017881.82"
"2019","2018-10-31","35158583","35158778","Other Retirement:","null"
"2019","2018-10-31","35158862","35158868","Deposit of Earnings, Federal Reserve System","4541187646.39"
"2019","2018-11-30","35406139","35406159","Total -- Miscellaneous Receipts","6090795060.54"
"2019","2018-11-30","null","35406164","Total -- Receipts","205961128574.30"
"2019","2018-11-30","35406164","35406169","Total -- On-Budget","139336128574.30"
"2019","2018-11-30","35406164","35406175","Total -- Off-Budget","66625000000.00"
"2019","2018-12-31","null","35726927","Individual Income Taxes","null"
"2019","2018-12-31","35726935","35726939","Adjustments Attributable to Prior Years-FICA","'-249770330.59"
"2019","2018-12-31","35726935","35726940","Adjustments Attrbutable to Prior Years-SECA","'-1114174548.12"
"2019","2018-12-31","35726935","35726941","Total -- Federal Old-Age and Survivors Insurance Trust Fund","56284055121.29"
"2019","2018-12-31","35726934","35726942","Federal Disability Insurance Trust Fund:","null"
"2019","2018-12-31","35726942","35726943","Federal Insurance Contributions Act Taxes","13509000000.00"
"2019","2018-12-31","35726942","35726944","Self-Employment Contributions Act Taxes","113000000.00"
"2019","2018-12-31","35726942","35726946","Adjustments Attributable to Prior Years-FICA","'-53960351.22"
"2019","2019-01-31","35921177","35921187","Presidential Election Campaign Fund","null"
"2019","2019-01-31","null","35921438","Estate and Gift Taxes","1092335384.26"
"2019","2019-01-31","null","35921444","Customs Duties","6627975607.91"
"2019","2019-01-31","null","35921450","Miscellaneous Receipts:","null"
"2019","2019-02-28","36112398","36112444","Federal Hospital Insurance Trust Fund:","null"
"2019","2019-02-28","36112444","36112452","Self-Employment Contributions Act Taxes","177000000.00"
"2019","2019-02-28","36112444","36112468","Adjustments Attributable to Prior Years-FICA","null"
"2019","2019-02-28","36112444","36112474","Adjustments Attributable to Prior Years-SECA","null"
"2019","2019-02-28","36112444","36112480","Total -- Federal Hospital Insurance Trust Fund","19748000000.00"
"2019","2019-02-28","36112486","36112492","Rail Pension and Supplemental Annuity","386857677.63"
"2019","2019-02-28","36112510","36112540","Total -- Unemployment Insurance","2420903319.82"
"2019","2019-02-28","36112546","36112552","Federal Employees' Retirement--Employee Share","466597649.56"
"2019","2019-02-28","36112546","36112558","Non-Federal Employees Retirement","2589732.94"
"2019","2019-03-31","36338750","36338756","Deposits by States","291049736.76"
"2019","2019-03-31","36338750","36338762","Federal Unemployment Taxes","'-16496540.19"
"2019","2019-03-31","36338750","36338768","Railroad Unemployment Taxes","41070.53"
"2019","2019-03-31","36338587","36338791","Total -- Social Insurance and Retirement Receipts","102424426126.14"
"2019","2019-03-31","36338794","36338796","Miscellaneous Excise Taxes","2785669049.25"
"2019","2019-03-31","36338794","36338798","Airport and Airway Trust Fund","1160986024.96"
"2019","2019-03-31","36338794","36338800","Highway Trust Fund","3888667296.08"
"2019","2019-03-31","36338794","36338802","Black Lung Disability Trust Fund","6111597.00"
"2019","2019-03-31","36338794","36338804","Total -- Excise Taxes","7841433967.29"
"2019","2019-03-31","null","36338806","Estate and Gift Taxes","935168844.89"
"2019","2019-03-31","null","36338810","Miscellaneous Receipts:","null"
"2019","2019-04-30","36781488","36781521","Total -- Federal Old-Age and Survivors Insurance Trust Fund","81203000000.00"
"2019","2019-04-30","36781525","36781529","Federal Insurance Contributions Act Taxes","10999000000.00"
"2019","2019-04-30","36781525","36781533","Self-Employment Contributions Act Taxes","3607000000.00"
"2019","2019-04-30","36781525","36781541","Adjustments Attributable to Prior Years-FICA","null"
"2019","2019-04-30","36781525","36781545","Adjustments Attributable to Prior Years-SECA","null"
"2019","2019-04-30","36781525","36781549","Total -- Federal Disability Insurance Trust Fund","14606000000.00"
"2019","2019-04-30","36781483","36781553","Federal Hospital Insurance Trust Fund:","null"
"2019","2019-04-30","36781553","36781557","Federal Insurance Contributions Act Taxes","21030000000.00"
"2019","2019-04-30","null","36781645","Excise Taxes:","null"
"2019","2019-05-31","37196310","37196322","Total -- Federal Old-Age and Survivors Insurance Trust Fund","63086000000.00"
"2019","2019-05-31","37196308","37196324","Federal Disability Insurance Trust Fund:","null"
"2019","2019-05-31","37196324","37196326","Federal Insurance Contributions Act Taxes","10579000000.00"
"2019","2019-05-31","37196324","37196328","Self-Employment Contributions Act Taxes","170000000.00"
"2019","2019-05-31","37196324","37196332","Adjustments Attributable to Prior Years-FICA","null"
"2019","2019-05-31","37196324","37196334","Adjustments Attributable to Prior Years-SECA","null"
"2019","2019-05-31","37196324","37196336","Total -- Federal Disability Insurance Trust Fund","10749000000.00"
"2019","2019-05-31","37196308","37196338","Federal Hospital Insurance Trust Fund:","null"
"2019","2019-05-31","37196338","37196340","Federal Insurance Contributions Act Taxes","20348000000.00"
"2019","2019-05-31","37196338","37196342","Self-Employment Contributions Act Taxes","362000000.00"
"2019","2019-05-31","37196338","37196348","Adjustments Attributable to Prior Years-FICA","null"
"2019","2019-05-31","37196338","37196350","Adjustments Attributable to Prior Years-SECA","null"
"2019","2019-05-31","37196338","37196352","Total -- Federal Hospital Insurance Trust Fund","20710000000.00"
"2019","2019-05-31","37196308","37196354","Railroad Retirement:","null"
"2019","2019-05-31","37196354","37196356","Rail Pension and Supplemental Annuity","273208102.38"
"2019","2019-05-31","37196354","37196358","Social Security Equivalent Account","243096402.54"
"2019","2019-05-31","37196308","37196360","Total -- Employment and General Retirement","95061304504.92"
"2019","2019-05-31","37196307","37196362","Unemployment Insurance:","null"
"2019","2019-05-31","37196362","37196364","Deposits by States","11488332404.54"
"2019","2019-05-31","37196362","37196366","Federal Unemployment Taxes","63436357.96"
"2019","2019-05-31","37196362","37196368","Railroad Unemployment Taxes","841019.95"
"2019","2019-05-31","37196461","37196492","Total -- Miscellaneous Receipts","7565570992.41"
"2019","2019-05-31","null","37196500","Total -- Receipts","232064498023.77"
"2019","2019-06-30","null","37440855","Individual Income Taxes","null"
"2019","2019-06-30","37440855","37440857","Withheld","null"
"2019","2019-06-30","37440855","37440860","Presidential Election Campaign Fund","null"
"2019","2019-06-30","37440855","37440863","Other","null"
"2019","2019-06-30","37440855","37440866","Total -- Individual Income Taxes","141148573443.13"
"2019","2019-06-30","null","37440869","Corporation Income Taxes","51268893937.42"
"2019","2019-06-30","null","37440872","Social Insurance and Retirement Receipts:","null"
"2019","2019-06-30","37440872","37440875","Employment and General Retirement:","null"
"2019","2019-06-30","37440875","37440879","Federal Old-Age and Survivors Insurance Trust Fund:","null"
"2019","2019-06-30","37440879","37440884","Federal Insurance Contributions Act Taxes","67973000000.00"
"2019","2019-06-30","37440879","37440888","Self-Employment Contributions Act Taxes","5956000000.00"
"2019","2019-06-30","37440875","37440900","Federal Disability Insurance Trust Fund:","null"
"2019","2019-06-30","null","37441082","Miscellaneous Receipts:","null"
"2019","2019-06-30","37441082","37441087","Deposit of Earnings, Federal Reserve System","4740891931.30"
"2019","2019-06-30","37441082","37441092","Universal Service Fund","720218038.00"
"2019","2019-06-30","37441082","37441097","All Other","1524252605.18"
"2019","2019-06-30","37441082","37441102","Total -- Miscellaneous Receipts","6985362574.48"
"2019","2019-06-30","null","37441107","Total -- Receipts","333952332513.76"
"2019","2019-06-30","37441107","37441110","Total -- On-Budget","241694921031.76"
"2019","2019-06-30","37441107","37441113","Total -- Off-Budget","92257411482.00"
"2019","2018-10-31","35158583","35158740","Unemployment Insurance:","null"
"2019","2018-10-31","35158740","35158746","Deposits by States","2268314169.38"
"2019","2018-10-31","35158862","35158874","Universal Service Fund","818622597.67"
"2019","2018-10-31","35158862","35158880","All Other","1693300899.02"
"2019","2018-10-31","35158862","35158886","Total -- Miscellaneous Receipts","7053111143.08"
"2019","2018-10-31","null","35158892","Total -- Receipts","252691526878.81"
"2019","2018-12-31","35726934","35726949","Federal Hospital Insurance Trust Fund:","null"
"2019","2019-03-31","null","36338808","Customs Duties","5162674211.25"
"2019","2019-03-31","36338810","36338812","Deposit of Earnings, Federal Reserve System","4206023477.46"
"2019","2019-04-30","null","36781429","Individual Income Taxes","null"
"2019","2019-04-30","36781488","36781511","Adjustments Attributable to Prior Years-FICA","null"
"2019","2019-04-30","36781488","36781517","Adjustments Attrbutable to Prior Years-SECA","null"
"2019","2019-04-30","36781553","36781561","Self-Employment Contributions Act Taxes","7540000000.00"
"2019","2019-04-30","36781697","36781703","Total -- Off-Budget","95809000000.00"
"2019","2019-08-31","38333238","38333344","Railroad Retirement:","null"
"2019","2019-08-31","38333478","38333487","Universal Service Fund","890102988.46"
"2019","2019-08-31","38333478","38333491","All Other","6296310865.05"
"2019","2019-08-31","38333478","38333495","Total -- Miscellaneous Receipts","10808713604.80"
"2019","2019-08-31","null","38333499","Total -- Receipts","227964977585.22"
"2019","2019-08-31","38333499","38333502","Total -- On-Budget","157489977585.22"
"2019","2019-08-31","38333499","38333505","Total -- Off-Budget","70475000000.00"
"2020","2020-02-29","null","40470390","Excise Taxes:","null"
"2020","2020-02-29","null","40470175","Individual Income Taxes","null"
"2020","2020-02-29","40470175","40470176","Withheld","null"
"2020","2020-02-29","40470175","40470178","Presidential Election Campaign Fund","null"
"2020","2020-02-29","40470175","40470180","Other","null"
"2020","2020-02-29","40470175","40470182","Total -- Individual Income Taxes","69626288725.69"
"2020","2020-02-29","40470188","40470300","Railroad Retirement:","null"
"2020","2020-02-29","40470186","40470324","Unemployment Insurance:","null"
"2020","2019-10-31","39341399","39341444","Federal Hospital Insurance Trust Fund:","null"
"2020","2020-02-29","40470324","40470330","Deposits by States","2161463679.13"
"2020","2019-12-31","null","39789043","Individual Income Taxes","null"
"2020","2020-02-29","40470210","40470227","Adjustments Attributable to Prior Years-FICA","null"
"2020","2020-02-29","40470210","40470232","Adjustments Attributable to Prior Years-SECA","null"
"2020","2020-02-29","40470210","40470238","Total -- Federal Disability Insurance Trust Fund","11005000000.00"
"2020","2020-02-29","40470188","40470244","Federal Hospital Insurance Trust Fund:","null"
"2020","2020-02-29","40470244","40470253","Federal Insurance Contributions Act Taxes","20589000000.00"
"2020","2020-02-29","40470244","40470262","Self-Employment Contributions Act Taxes","183000000.00"
"2020","2020-02-29","40470244","40470283","Adjustments Attributable to Prior Years-FICA","null"
"2020","2020-02-29","40470244","40470289","Adjustments Attributable to Prior Years-SECA","null"
"2020","2020-02-29","40470244","40470295","Total -- Federal Hospital Insurance Trust Fund","20772000000.00"
"2020","2020-02-29","40470300","40470306","Rail Pension and Supplemental Annuity","318579305.31"
"2020","2020-02-29","40470300","40470312","Social Security Equivalent Account","333407981.21"
"2020","2020-02-29","40470188","40470318","Total -- Employment and General Retirement","97238987286.52"
"2020","2020-03-31","40850860","40850862","Withheld","null"
"2020","2019-10-31","39341410","39341438","Total -- Federal Disability Insurance Trust Fund","9352000000.00"
"2020","2019-10-31","39341444","39341450","Federal Insurance Contributions Act Taxes","21717000000.00"
"2020","2019-10-31","39341444","39341456","Self-Employment Contributions Act Taxes","124000000.00"
"2020","2019-10-31","39341520","39341538","Railroad Unemployment Taxes","30392280.82"
"2020","2019-10-31","39341556","39341562","Federal Employees' Retirement--Employee Share","386369623.22"
"2020","2019-10-31","39341556","39341574","Total -- Other Retirement","388938047.22"
"2020","2019-10-31","null","39341626","Customs Duties","7757405617.51"
"2020","2019-10-31","null","39341629","Miscellaneous Receipts:","null"
"2020","2019-10-31","39341629","39341634","Deposit of Earnings, Federal Reserve System","5230412324.90"
"2020","2019-10-31","39341629","39341652","Total -- Miscellaneous Receipts","7260162949.48"
"2020","2019-10-31","null","39341658","Total -- Receipts","245520157838.90"
"2020","2019-10-31","39341658","39341664","Total -- Off-Budget","64426000000.00"
"2020","2019-11-30","null","39445513","Individual Income Taxes","null"
"2020","2019-11-30","39445513","39445515","Presidential Election Campaign Fund","null"
"2020","2019-11-30","39445513","39445516","Other","null"
"2020","2019-11-30","39445513","39445517","Total -- Individual Income Taxes","105763661978.46"
"2020","2020-02-29","40470324","40470336","Federal Unemployment Taxes","117092909.11"
"2020","2020-02-29","40470324","40470342","Railroad Unemployment Taxes","745975.04"
"2020","2020-02-29","40470324","40470354","Total -- Unemployment Insurance","2279302563.28"
"2020","2020-02-29","40470186","40470360","Other Retirement:","null"
"2020","2020-02-29","40470390","40470396","Miscellaneous Excise Taxes","165186999.01"
"2020","2020-02-29","40470390","40470402","Airport and Airway Trust Fund","2854352418.83"
"2020","2020-02-29","null","40470426","Miscellaneous Receipts:","null"
"2020","2019-10-31","39341392","39341393","Withheld","null"
"2020","2019-10-31","39341556","39341568","Non-Federal Employees Retirement","2568424.00"
"2020","2019-11-30","null","39445518","Corporation Income Taxes","532483638.61"
"2020","2019-11-30","39445520","39445521","Federal Old-Age and Survivors Insurance Trust Fund:","null"
"2020","2019-11-30","39445521","39445523","Federal Insurance Contributions Act Taxes","59305000000.00"
"2020","2019-11-30","39445521","39445525","Self-Employment Contributions Act Taxes","138000000.00"
"2020","2019-11-30","39445521","39445533","Total -- Federal Old-Age and Survivors Insurance Trust Fund","59443000000.00"
"2020","2019-11-30","39445520","39445535","Federal Disability Insurance Trust Fund:","null"
"2020","2019-11-30","39445535","39445537","Federal Insurance Contributions Act Taxes","10071000000.00"
"2020","2019-10-31","39341629","39341646","All Other","1134638123.62"
"2020","2019-10-31","39341520","39341550","Total -- Unemployment Insurance","2757065598.99"
"2020","2019-10-31","39341658","39341661","Total -- On-Budget","181094157838.90"
"2020","2019-11-30","39445519","39445520","Employment and General Retirement:","null"
"2020","2019-11-30","39445535","39445539","Self-Employment Contributions Act Taxes","23000000.00"
"2020","2019-11-30","39445535","39445547","Total -- Federal Disability Insurance Trust Fund","10094000000.00"
"2020","2019-11-30","39445549","39445551","Federal Insurance Contributions Act Taxes","23673000000.00"
"2020","2019-11-30","39445549","39445553","Self-Employment Contributions Act Taxes","61000000.00"
"2020","2019-11-30","39445513","39445514","Withheld","null"
"2020","2019-11-30","null","39445519","Social Insurance and Retirement Receipts:","null"
"2020","2019-11-30","39445520","39445549","Federal Hospital Insurance Trust Fund:","null"
"2020","2019-11-30","39445549","39445563","Total -- Federal Hospital Insurance Trust Fund","23734000000.00"
"2020","2019-11-30","39445520","39445565","Railroad Retirement:","null"
"2020","2019-11-30","39445565","39445567","Rail Pension and Supplemental Annuity","184257658.33"
"2020","2019-11-30","39445565","39445569","Social Security Equivalent Account","198802874.79"
"2020","2019-11-30","39445520","39445571","Total -- Employment and General Retirement","93654060533.12"
"2020","2019-11-30","39445573","39445575","Deposits by States","2566287502.68"
"2020","2020-03-31","40850860","40850864","Presidential Election Campaign Fund","null"
"2020","2019-11-30","39445573","39445577","Federal Unemployment Taxes","29113854.80"
"2020","2019-11-30","39445573","39445579","Railroad Unemployment Taxes","281859.54"
"2020","2019-11-30","39445573","39445584","Total -- Unemployment Insurance","2595683217.02"
"2020","2019-11-30","39445588","39445603","Total -- Other Retirement","485669101.17"
"2020","2019-11-30","39445519","39445605","Total -- Social Insurance and Retirement Receipts","96735412851.31"
"2020","2019-11-30","39445611","39445613","Miscellaneous Excise Taxes","1265603731.10"
"2020","2019-11-30","39445611","39445626","Black Lung Disability Trust Fund","18631000.00"
"2020","2019-11-30","39445611","39445628","Total -- Excise Taxes","7513294447.01"
"2020","2019-11-30","null","39445633","Estate and Gift Taxes","1238845490.88"
"2020","2019-11-30","null","39445635","Customs Duties","6940235991.01"
"2020","2019-11-30","39445640","39445642","Deposit of Earnings, Federal Reserve System","4521055530.98"
"2020","2019-11-30","39445640","39445649","Universal Service Fund","861686495.34"
"2020","2019-11-30","39445640","39445651","All Other","1078739073.68"
"2020","2019-11-30","39445640","39445657","Total -- Miscellaneous Receipts","6461481100.00"
"2020","2019-11-30","39445588","39445592","Federal Employees' Retirement--Employee Share","483423346.34"
"2020","2019-11-30","39445588","39445596","Non-Federal Employees Retirement","2245754.83"
"2020","2019-11-30","null","39445659","Total -- Receipts","225185415497.28"
"2020","2019-11-30","39445519","39445588","Other Retirement:","null"
"2020","2019-11-30","null","39445640","Miscellaneous Receipts:","null"
"2020","2019-11-30","39445659","39445664","Total -- On-Budget","155648415497.28"
"2020","2019-11-30","39445659","39445668","Total -- Off-Budget","69537000000.00"
"2020","2019-12-31","39789043","39789044","Withheld","null"
"2020","2019-12-31","39789043","39789046","Presidential Election Campaign Fund","null"
"2020","2019-12-31","39789043","39789048","Other","null"
"2020","2019-12-31","39789043","39789050","Total -- Individual Income Taxes","152705802773.78"
"2020","2019-12-31","null","39789052","Corporation Income Taxes","58310614783.87"
"2020","2019-12-31","null","39789054","Social Insurance and Retirement Receipts:","null"
"2020","2019-12-31","39789054","39789056","Employment and General Retirement:","null"
"2020","2019-12-31","39789056","39789058","Federal Old-Age and Survivors Insurance Trust Fund:","null"
"2020","2019-12-31","39789058","39789060","Federal Insurance Contributions Act Taxes","63099000000.00"
"2020","2019-12-31","39789058","39789062","Self-Employment Contributions Act Taxes","520000000.00"
"2020","2019-12-31","39789058","39789066","Adjustments Attributable to Prior Years-FICA","1506594519.67"
"2020","2019-12-31","39789058","39789068","Adjustments Attrbutable to Prior Years-SECA","'-120992948.27"
"2020","2019-12-31","39789058","39789070","Total -- Federal Old-Age and Survivors Insurance Trust Fund","65004601571.40"
"2020","2019-12-31","39789056","39789072","Federal Disability Insurance Trust Fund:","null"
"2020","2019-12-31","39789072","39789074","Federal Insurance Contributions Act Taxes","10714000000.00"
"2020","2019-12-31","39789072","39789076","Self-Employment Contributions Act Taxes","88000000.00"
"2020","2019-12-31","39789072","39789080","Adjustments Attributable to Prior Years-FICA","370523668.71"
"2020","2019-12-31","39789072","39789083","Adjustments Attributable to Prior Years-SECA","'-42328812.20"
"2020","2019-12-31","39789072","39789087","Total -- Federal Disability Insurance Trust Fund","11130194856.51"
"2020","2019-12-31","39789056","39789091","Federal Hospital Insurance Trust Fund:","null"
"2020","2019-12-31","39789091","39789095","Federal Insurance Contributions Act Taxes","25336000000.00"
"2020","2019-12-31","39789091","39789112","Adjustments Attributable to Prior Years-FICA","265995728.61"
"2020","2019-12-31","39789193","39789205","Non-Federal Employees Retirement","2903724.89"
"2020","2019-12-31","39789193","39789211","Total -- Other Retirement","448790685.61"
"2020","2019-12-31","39789054","39789217","Total -- Social Insurance and Retirement Receipts","103096344360.38"
"2020","2019-12-31","39789223","39789229","Miscellaneous Excise Taxes","1778597535.67"
"2020","2019-12-31","39789223","39789235","Airport and Airway Trust Fund","1416378000.00"
"2020","2019-12-31","39789223","39789241","Highway Trust Fund","3807095659.06"
"2020","2019-12-31","39789223","39789247","Black Lung Disability Trust Fund","15363000.00"
"2020","2019-12-31","39789223","39789253","Total -- Excise Taxes","7017434194.73"
"2020","2019-12-31","39789269","39789276","Universal Service Fund","727938560.67"
"2020","2019-12-31","39789269","39789279","All Other","548756104.75"
"2020","2019-12-31","39789269","39789283","Total -- Miscellaneous Receipts","6528542704.48"
"2020","2019-12-31","null","39789286","Total -- Receipts","335805401484.89"
"2020","2019-12-31","39789286","39789289","Total -- On-Budget","259670605056.98"
"2020","2020-01-31","null","40183385","Corporation Income Taxes","10491646726.92"
"2020","2020-01-31","null","40183390","Social Insurance and Retirement Receipts:","null"
"2020","2020-01-31","40183390","40183395","Employment and General Retirement:","null"
"2020","2020-01-31","40183395","40183400","Federal Old-Age and Survivors Insurance Trust Fund:","null"
"2020","2020-01-31","40183400","40183405","Federal Insurance Contributions Act Taxes","70495000000.00"
"2020","2020-01-31","40183400","40183410","Self-Employment Contributions Act Taxes","7075000000.00"
"2020","2020-01-31","40183400","40183419","Adjustments Attributable to Prior Years-FICA","null"
"2020","2020-03-31","40850860","40850866","Other","null"
"2020","2020-01-31","40183400","40183425","Adjustments Attrbutable to Prior Years-SECA","null"
"2020","2020-01-31","40183400","40183431","Total -- Federal Old-Age and Survivors Insurance Trust Fund","77570000000.00"
"2020","2020-01-31","40183395","40183436","Federal Disability Insurance Trust Fund:","null"
"2020","2020-01-31","40183436","40183441","Federal Insurance Contributions Act Taxes","11971000000.00"
"2020","2020-01-31","40183436","40183447","Self-Employment Contributions Act Taxes","1201000000.00"
"2020","2020-01-31","40183436","40183464","Adjustments Attributable to Prior Years-SECA","null"
"2020","2020-01-31","40183436","40183469","Total -- Federal Disability Insurance Trust Fund","13172000000.00"
"2020","2020-01-31","40183395","40183474","Federal Hospital Insurance Trust Fund:","null"
"2020","2020-01-31","40183474","40183478","Federal Insurance Contributions Act Taxes","23256000000.00"
"2020","2020-01-31","40183474","40183480","Self-Employment Contributions Act Taxes","3114000000.00"
"2020","2020-01-31","40183474","40183497","Adjustments Attributable to Prior Years-FICA","null"
"2020","2020-01-31","40183474","40183504","Adjustments Attributable to Prior Years-SECA","null"
"2020","2020-01-31","40183395","40183516","Railroad Retirement:","null"
"2020","2020-01-31","40183516","40183522","Rail Pension and Supplemental Annuity","257863106.55"
"2020","2020-01-31","40183516","40183528","Social Security Equivalent Account","234468365.49"
"2020","2020-01-31","40183395","40183534","Total -- Employment and General Retirement","117604331472.04"
"2020","2020-01-31","40183540","40183546","Deposits by States","1859382028.42"
"2020","2020-01-31","40183540","40183552","Federal Unemployment Taxes","1130219963.62"
"2020","2020-01-31","40183622","40183624","Miscellaneous Excise Taxes","955493404.50"
"2020","2020-01-31","40183622","40183630","Airport and Airway Trust Fund","1472662000.00"
"2020","2020-01-31","40183436","40183459","Adjustments Attributable to Prior Years-FICA","null"
"2020","2020-01-31","40183474","40183510","Total -- Federal Hospital Insurance Trust Fund","26370000000.00"
"2020","2020-01-31","40183390","40183540","Unemployment Insurance:","null"
"2020","2020-01-31","40183622","40183636","Highway Trust Fund","3863422384.78"
"2020","2020-01-31","40183622","40183642","Black Lung Disability Trust Fund","15973000.00"
"2020","2020-01-31","40183622","40183648","Total -- Excise Taxes","6307550789.28"
"2020","2020-01-31","null","40183654","Estate and Gift Taxes","2360593550.22"
"2020","2020-01-31","null","40183660","Customs Duties","6917631811.75"
"2020","2020-01-31","null","40183667","Miscellaneous Receipts:","null"
"2020","2020-01-31","40183667","40183685","All Other","1972880138.01"
"2020","2020-01-31","40183667","40183691","Total -- Miscellaneous Receipts","8505614043.60"
"2020","2020-01-31","null","40183697","Total -- Receipts","372287913768.70"
"2020","2020-01-31","40183697","40183702","Total -- On-Budget","281545913768.70"
"2020","2020-01-31","40183697","40183707","Total -- Off-Budget","90742000000.00"
"2020","2020-03-31","null","40850860","Individual Income Taxes","null"
"2020","2020-03-31","40850860","40850869","Total -- Individual Income Taxes","98315617516.33"
"2020","2020-03-31","null","40850871","Corporation Income Taxes","10389710968.14"
"2020","2020-03-31","40850876","40850880","Federal Old-Age and Survivors Insurance Trust Fund:","null"
"2020","2020-03-31","40850880","40850882","Federal Insurance Contributions Act Taxes","70388000000.00"
"2020","2020-03-31","40850880","40850891","Adjustments Attributable to Prior Years-FICA","9608456.92"
"2020","2020-03-31","40850880","40850893","Adjustments Attrbutable to Prior Years-SECA","'-120189.69"
"2020","2020-03-31","40850880","40850897","Total -- Federal Old-Age and Survivors Insurance Trust Fund","71548488267.23"
"2020","2020-03-31","40850876","40850899","Federal Disability Insurance Trust Fund:","null"
"2020","2020-03-31","40850899","40850903","Federal Insurance Contributions Act Taxes","11953000000.00"
"2020","2020-03-31","40850899","40850906","Self-Employment Contributions Act Taxes","195000000.00"
"2020","2020-03-31","40850899","40850913","Adjustments Attributable to Prior Years-FICA","1595230.58"
"2020","2020-03-31","40850899","40850916","Adjustments Attributable to Prior Years-SECA","'-22914.19"
"2020","2020-03-31","40850899","40850920","Total -- Federal Disability Insurance Trust Fund","12149572316.39"
"2020","2020-03-31","40850876","40850925","Federal Hospital Insurance Trust Fund:","null"
"2020","2020-03-31","40850925","40850928","Federal Insurance Contributions Act Taxes","22219000000.00"
"2020","2020-03-31","null","40850874","Social Insurance and Retirement Receipts:","null"
"2020","2020-03-31","40850874","40850876","Employment and General Retirement:","null"
"2020","2020-03-31","40850880","40850885","Self-Employment Contributions Act Taxes","1151000000.00"
"2020","2020-03-31","40850925","40850932","Self-Employment Contributions Act Taxes","751000000.00"
"2020","2020-03-31","40850925","40850944","Adjustments Attributable to Prior Years-FICA","1178593.17"
"2020","2020-03-31","40850925","40850948","Adjustments Attributable to Prior Years-SECA","529894.54"
"2020","2020-03-31","40850925","40850952","Total -- Federal Hospital Insurance Trust Fund","22971708487.71"
"2020","2020-03-31","40850876","40850957","Railroad Retirement:","null"
"2020","2020-03-31","40850957","40850960","Rail Pension and Supplemental Annuity","283330208.58"
"2020","2020-03-31","40850957","40850965","Social Security Equivalent Account","211756386.35"
"2020","2020-03-31","40850876","40850968","Total -- Employment and General Retirement","107164855666.26"
"2020","2020-03-31","40850874","40850971","Unemployment Insurance:","null"
"2020","2020-03-31","40850971","40850973","Deposits by States","273971726.20"
"2020","2020-03-31","40850971","40850977","Federal Unemployment Taxes","21768596.48"
"2020","2020-03-31","40850971","40850979","Railroad Unemployment Taxes","286161.16"
"2020","2020-03-31","40850971","40850985","Total -- Unemployment Insurance","296026483.84"
"2020","2020-03-31","40850874","40850989","Other Retirement:","null"
"2020","2020-03-31","40850989","40850991","Federal Employees' Retirement--Employee Share","402112356.43"
"2020","2020-03-31","40850989","40850995","Non-Federal Employees Retirement","2882247.25"
"2020","2020-03-31","40850989","40850997","Total -- Other Retirement","404994603.68"
"2020","2020-03-31","40850874","40851001","Total -- Social Insurance and Retirement Receipts","107865876753.78"
"2020","2020-03-31","null","40851003","Excise Taxes:","null"
"2020","2020-03-31","40851003","40851007","Miscellaneous Excise Taxes","1882663599.55"
"2020","2020-03-31","40851003","40851009","Airport and Airway Trust Fund","1291336000.00"
"2020","2020-03-31","40851003","40851013","Highway Trust Fund","3217389382.21"
"2020","2020-03-31","40851003","40851015","Black Lung Disability Trust Fund","23412000.00"
"2020","2020-03-31","40851003","40851019","Total -- Excise Taxes","6414800981.76"
"2020","2020-04-30","41382404","41382405","Federal Insurance Contributions Act Taxes","67579000000.00"
"2020","2020-04-30","41382404","41382407","Self-Employment Contributions Act Taxes","17743000000.00"
"2020","2020-04-30","41382404","41382412","Adjustments Attributable to Prior Years-FICA","null"
"2020","2020-04-30","41382404","41382415","Adjustments Attrbutable to Prior Years-SECA","null"
"2020","2020-04-30","41382404","41382418","Total -- Federal Old-Age and Survivors Insurance Trust Fund","85322000000.00"
"2020","2020-04-30","41382420","41382422","Federal Insurance Contributions Act Taxes","11476000000.00"
"2020","2020-04-30","41382420","41382424","Self-Employment Contributions Act Taxes","3013000000.00"
"2020","2020-04-30","41382420","41382428","Adjustments Attributable to Prior Years-FICA","null"
"2020","2020-04-30","41382420","41382430","Adjustments Attributable to Prior Years-SECA","null"
"2020","2020-04-30","41382420","41382432","Total -- Federal Disability Insurance Trust Fund","14489000000.00"
"2020","2020-03-31","null","40851021","Estate and Gift Taxes","1216903601.53"
"2020","2020-03-31","null","40851027","Miscellaneous Receipts:","null"
"2020","2020-04-30","41382402","41382434","Federal Hospital Insurance Trust Fund:","null"
"2020","2020-04-30","41382434","41382436","Federal Insurance Contributions Act Taxes","21974000000.00"
"2020","2020-04-30","41382434","41382438","Self-Employment Contributions Act Taxes","7805000000.00"
"2020","2020-04-30","41382434","41382444","Adjustments Attributable to Prior Years-FICA","null"
"2020","2020-04-30","41382434","41382446","Adjustments Attributable to Prior Years-SECA","null"
"2020","2020-04-30","41382434","41382448","Total -- Federal Hospital Insurance Trust Fund","29779000000.00"
"2020","2020-04-30","41382402","41382450","Railroad Retirement:","null"
"2020","2020-04-30","41382450","41382452","Rail Pension and Supplemental Annuity","228132315.84"
"2020","2020-04-30","41382450","41382456","Social Security Equivalent Account","163669063.63"
"2020","2020-04-30","41382402","41382460","Total -- Employment and General Retirement","129981801379.47"
"2020","2020-04-30","41382401","41382464","Unemployment Insurance:","null"
"2020","2020-04-30","41382464","41382470","Deposits by States","5595951601.48"
"2020","2020-04-30","41382464","41382478","Federal Unemployment Taxes","3458234628.83"
"2020","2020-04-30","41382464","41382486","Railroad Unemployment Taxes","8975905.57"
"2020","2020-04-30","41382464","41382502","Total -- Unemployment Insurance","9063162135.88"
"2020","2020-04-30","41382401","41382510","Other Retirement:","null"
"2020","2020-04-30","41382510","41382516","Federal Employees' Retirement--Employee Share","399787286.18"
"2020","2020-04-30","41382510","41382522","Non-Federal Employees Retirement","2182397.16"
"2020","2020-04-30","41382510","41382528","Total -- Other Retirement","401969683.34"
"2020","2020-04-30","41382401","41382534","Total -- Social Insurance and Retirement Receipts","139446933198.69"
"2020","2020-04-30","null","41382540","Excise Taxes:","null"
"2020","2020-04-30","41382540","41382546","Miscellaneous Excise Taxes","'-3348507559.79"
"2020","2020-04-30","41382540","41382552","Airport and Airway Trust Fund","661931000.00"
"2020","2020-04-30","41382540","41382558","Highway Trust Fund","3017986371.74"
"2020","2020-04-30","41382540","41382564","Black Lung Disability Trust Fund","22049000.00"
"2020","2020-04-30","41382540","41382570","Total -- Excise Taxes","353458811.95"
"2020","2020-04-30","null","41382576","Estate and Gift Taxes","12990064.74"
"2020","2020-04-30","null","41382582","Customs Duties","4113560502.16"
"2020","2020-04-30","41382588","41382594","Deposit of Earnings, Federal Reserve System","10005411345.74"
"2020","2020-04-30","41382588","41382600","Universal Service Fund","650814074.15"
"2020","2020-04-30","41382588","41382606","All Other","8082523686.09"
"2020","2020-03-31","null","40851025","Customs Duties","4814749992.11"
"2020","2020-04-30","null","41382588","Miscellaneous Receipts:","null"
"2020","2020-04-30","41382588","41382612","Total -- Miscellaneous Receipts","18738749105.98"
"2020","2020-04-30","null","41382618","Total -- Receipts","241863008315.92"
"2020","2020-04-30","41382618","41382624","Total -- On-Budget","142052008315.92"
"2020","2020-04-30","41382618","41382630","Total -- Off-Budget","99811000000.00"
"2020","2020-05-31","null","41816849","Individual Income Taxes","null"
"2020","2020-05-31","41816890","41816898","Adjustments Attributable to Prior Years-FICA","null"
"2020","2020-05-31","41816890","41816901","Adjustments Attributable to Prior Years-SECA","null"
"2020","2020-05-31","41816870","41816912","Federal Hospital Insurance Trust Fund:","null"
"2020","2020-03-31","40851027","40851031","Deposit of Earnings, Federal Reserve System","6068310417.47"
"2020","2020-03-31","40851027","40851033","Universal Service Fund","648245440.57"
"2020","2020-03-31","40851027","40851037","All Other","1032015860.11"
"2020","2020-03-31","40851027","40851039","Total -- Miscellaneous Receipts","7748571718.15"
"2020","2020-03-31","null","40851043","Total -- Receipts","236766231531.80"
"2020","2020-03-31","40851043","40851048","Total -- On-Budget","153068170948.18"
"2020","2020-03-31","40851043","40851053","Total -- Off-Budget","83698060583.62"
"2020","2020-04-30","null","41382391","Individual Income Taxes","null"
"2020","2020-04-30","41382391","41382392","Withheld","null"
"2020","2020-04-30","41382391","41382394","Presidential Election Campaign Fund","null"
"2020","2020-04-30","41382391","41382396","Other","null"
"2020","2020-04-30","41382391","41382397","Total -- Individual Income Taxes","75256925492.02"
"2020","2020-04-30","null","41382399","Corporation Income Taxes","3940391140.38"
"2020","2020-04-30","null","41382401","Social Insurance and Retirement Receipts:","null"
"2020","2020-04-30","41382401","41382402","Employment and General Retirement:","null"
"2020","2020-05-31","41816912","41816918","Federal Insurance Contributions Act Taxes","21366000000.00"
"2020","2020-05-31","41816912","41816924","Self-Employment Contributions Act Taxes","376000000.00"
"2020","2020-05-31","41816912","41816942","Adjustments Attributable to Prior Years-FICA","null"
"2020","2020-05-31","41816912","41816948","Adjustments Attributable to Prior Years-SECA","null"
"2020","2020-05-31","41816912","41816954","Total -- Federal Hospital Insurance Trust Fund","21742000000.00"
"2020","2020-05-31","41816960","41816966","Rail Pension and Supplemental Annuity","196570519.27"
"2020","2020-02-29","40470190","40470192","Federal Insurance Contributions Act Taxes","64395000000.00"
"2020","2020-02-29","40470190","40470194","Self-Employment Contributions Act Taxes","415000000.00"
"2020","2020-02-29","40470190","40470201","Adjustments Attributable to Prior Years-FICA","null"
"2020","2020-02-29","40470190","40470204","Adjustments Attrbutable to Prior Years-SECA","null"
"2020","2020-02-29","40470190","40470207","Total -- Federal Old-Age and Survivors Insurance Trust Fund","64810000000.00"
"2020","2020-02-29","40470188","40470210","Federal Disability Insurance Trust Fund:","null"
"2020","2020-02-29","40470210","40470213","Federal Insurance Contributions Act Taxes","10935000000.00"
"2020","2020-02-29","40470210","40470217","Self-Employment Contributions Act Taxes","70000000.00"
"2020","2020-02-29","40470390","40470407","Highway Trust Fund","3641103157.71"
"2020","2020-02-29","40470390","40470410","Black Lung Disability Trust Fund","23908600.00"
"2020","2020-02-29","40470390","40470415","Total -- Excise Taxes","6684551175.55"
"2020","2020-02-29","null","40470418","Estate and Gift Taxes","1584326830.71"
"2020","2020-02-29","null","40470421","Customs Duties","6286242573.35"
"2020","2020-02-29","40470426","40470430","Deposit of Earnings, Federal Reserve System","4133666664.21"
"2020","2020-02-29","40470426","40470434","Universal Service Fund","646566627.37"
"2020","2020-04-30","41382402","41382404","Federal Old-Age and Survivors Insurance Trust Fund:","null"
"2020","2020-04-30","41382402","41382420","Federal Disability Insurance Trust Fund:","null"
"2020","2020-05-31","41816870","41816890","Federal Disability Insurance Trust Fund:","null"
"2020","2020-05-31","41816890","41816892","Federal Insurance Contributions Act Taxes","11095000000.00"
"2020","2020-05-31","41816890","41816894","Self-Employment Contributions Act Taxes","145000000.00"
"2020","2020-05-31","41816849","41816852","Withheld","null"
"2020","2020-05-31","41816849","41816855","Presidential Election Campaign Fund","null"
"2020","2020-05-31","41816849","41816858","Other","null"
"2020","2020-05-31","41816849","41816861","Total -- Individual Income Taxes","47759907050.62"
"2020","2020-05-31","null","41816864","Corporation Income Taxes","'-1795033697.74"
"2020","2020-05-31","null","41816867","Social Insurance and Retirement Receipts:","null"
"2020","2020-05-31","41816867","41816870","Employment and General Retirement:","null"
"2020","2020-05-31","41816870","41816873","Federal Old-Age and Survivors Insurance Trust Fund:","null"
"2020","2020-05-31","41816873","41816876","Federal Insurance Contributions Act Taxes","65339000000.00"
"2020","2020-05-31","41816873","41816879","Self-Employment Contributions Act Taxes","854000000.00"
"2020","2020-05-31","41816873","41816884","Adjustments Attributable to Prior Years-FICA","null"
"2020","2020-05-31","41816873","41816886","Adjustments Attrbutable to Prior Years-SECA","null"
"2020","2020-05-31","41816873","41816888","Total -- Federal Old-Age and Survivors Insurance Trust Fund","66193000000.00"
"2020","2020-05-31","41816890","41816906","Total -- Federal Disability Insurance Trust Fund","11240000000.00"
"2020","2020-05-31","41816870","41816960","Railroad Retirement:","null"
"2020","2020-05-31","41816960","41816973","Social Security Equivalent Account","157820046.56"
"2020","2020-05-31","41816870","41816981","Total -- Employment and General Retirement","99529390565.83"
"2020","2020-05-31","41816989","41816997","Deposits by States","11607956057.75"
"2020","2020-05-31","41816989","41817005","Federal Unemployment Taxes","111831939.43"
"2020","2020-05-31","41816989","41817029","Total -- Unemployment Insurance","11720358305.27"
"2020","2020-05-31","41817037","41817045","Federal Employees' Retirement--Employee Share","503521045.20"
"2020","2020-05-31","41817037","41817053","Non-Federal Employees Retirement","1716916.03"
"2020","2020-05-31","41817037","41817061","Total -- Other Retirement","505237961.23"
"2020","2020-05-31","41816867","41817069","Total -- Social Insurance and Retirement Receipts","111754986832.33"
"2020","2020-05-31","41816867","41816989","Unemployment Insurance:","null"
"2020","2020-05-31","41816989","41817013","Railroad Unemployment Taxes","570308.09"
"2020","2020-05-31","41816867","41817037","Other Retirement:","null"
"2020","2020-05-31","null","41817077","Excise Taxes:","null"
"2020","2020-05-31","41817077","41817083","Miscellaneous Excise Taxes","2589051359.95"
"2020","2020-05-31","41817077","41817088","Airport and Airway Trust Fund","'-571489462.54"
"2020","2020-05-31","41817077","41817093","Highway Trust Fund","674808145.45"
"2020","2020-05-31","41817077","41817099","Black Lung Disability Trust Fund","8202373.00"
"2020","2020-05-31","41817077","41817105","Total -- Excise Taxes","2700572415.86"
"2020","2020-05-31","null","41817111","Estate and Gift Taxes","735734582.15"
"2020","2020-05-31","null","41817116","Customs Duties","3832899414.36"
"2020","2020-05-31","null","41817120","Miscellaneous Receipts:","null"
"2020","2020-06-30","42248630","42248641","Total -- Individual Income Taxes","92115922736.31"
"2020","2020-06-30","null","42248644","Corporation Income Taxes","5706996531.80"
"2020","2020-06-30","42248651","42248654","Federal Insurance Contributions Act Taxes","71482000000.00"
"2020","2020-06-30","42248651","42248657","Self-Employment Contributions Act Taxes","6297000000.00"
"2020","2020-06-30","42248651","42248662","Adjustments Attributable to Prior Years-FICA","3896108538.74"
"2020","2020-06-30","42248668","42248670","Federal Insurance Contributions Act Taxes","12139000000.00"
"2020","2020-06-30","42248668","42248672","Self-Employment Contributions Act Taxes","1069000000.00"
"2020","2020-09-30","43668617","43668744","Railroad Retirement:","null"
"2020","2020-06-30","42248668","42248678","Adjustments Attributable to Prior Years-SECA","'-58691177.58"
"2020","2020-06-30","42248668","42248680","Total -- Federal Disability Insurance Trust Fund","13717622663.54"
"2020","2020-06-30","42248648","42248682","Federal Hospital Insurance Trust Fund:","null"
"2020","2020-06-30","42248682","42248684","Federal Insurance Contributions Act Taxes","23360000000.00"
"2020","2020-06-30","42248682","42248686","Self-Employment Contributions Act Taxes","3372000000.00"
"2020","2020-06-30","42248682","42248688","Receipts from Railroad Retirement Board","582900000.00"
"2020","2020-06-30","42248682","42248692","Adjustments Attributable to Prior Years-FICA","1759769784.75"
"2020","2020-06-30","42248682","42248694","Adjustments Attributable to Prior Years-SECA","'-37145912.26"
"2020","2020-06-30","42248682","42248698","Total -- Federal Hospital Insurance Trust Fund","29037523872.49"
"2020","2020-05-31","41817120","41817124","Deposit of Earnings, Federal Reserve System","7586977370.64"
"2020","2020-06-30","42248648","42248651","Federal Old-Age and Survivors Insurance Trust Fund:","null"
"2020","2020-06-30","42248648","42248702","Railroad Retirement:","null"
"2020","2020-06-30","42248702","42248706","Rail Pension and Supplemental Annuity","208535469.10"
"2020","2020-06-30","42248702","42248711","Social Security Equivalent Account","'-426018359.51"
"2020","2020-06-30","42248648","42248717","Total -- Employment and General Retirement","124008534923.51"
"2020","2020-06-30","42248646","42248723","Unemployment Insurance:","null"
"2020","2020-06-30","42248723","42248729","Deposits by States","1749114237.86"
"2020","2020-06-30","42248723","42248735","Federal Unemployment Taxes","30701411.94"
"2020","2020-06-30","42248723","42248741","Railroad Unemployment Taxes","111997.50"
"2020","2020-06-30","42248723","42248750","Total -- Unemployment Insurance","1779927647.30"
"2020","2020-06-30","42248646","42248756","Other Retirement:","null"
"2020","2020-06-30","42248756","42248762","Federal Employees' Retirement--Employee Share","468016931.23"
"2020","2020-06-30","42248646","42248784","Total -- Social Insurance and Retirement Receipts","126259109291.41"
"2020","2020-06-30","42248792","42248800","Miscellaneous Excise Taxes","1469913433.06"
"2020","2020-06-30","42248792","42248808","Airport and Airway Trust Fund","7713000.00"
"2020","2020-06-30","42248792","42248816","Highway Trust Fund","2180538391.07"
"2020","2020-06-30","42248792","42248824","Black Lung Disability Trust Fund","20170000.00"
"2020","2020-06-30","42248792","42248832","Total -- Excise Taxes","3678334824.13"
"2020","2020-06-30","null","42248840","Estate and Gift Taxes","630066486.77"
"2020","2020-06-30","null","42248848","Customs Duties","4480241632.31"
"2020","2020-06-30","42248856","42248864","Deposit of Earnings, Federal Reserve System","6544724614.13"
"2020","2020-06-30","42248856","42248871","Universal Service Fund","589106886.48"
"2020","2020-06-30","42248856","42248877","All Other","824165349.37"
"2020","2020-06-30","42248856","42248883","Total -- Miscellaneous Receipts","7957996849.98"
"2020","2020-06-30","null","42248889","Total -- Receipts","240828668352.71"
"2020","2020-06-30","42248889","42248894","Total -- On-Budget","145640174411.28"
"2020","2020-06-30","42248889","42248897","Total -- Off-Budget","95188493941.43"
"2020","2020-07-31","42657376","42657380","Self-Employment Contributions Act Taxes","111000000.00"
"2020","2020-07-31","42657376","42657386","Adjustments Attributable to Prior Years-SECA","null"
"2020","2020-07-31","42657360","42657390","Federal Hospital Insurance Trust Fund:","null"
"2020","2020-07-31","42657390","42657394","Self-Employment Contributions Act Taxes","288000000.00"
"2020","2020-07-31","42657390","42657396","Receipts from Railroad Retirement Board","null"
"2020","2020-07-31","42657390","42657400","Adjustments Attributable to Prior Years-FICA","null"
"2020","2020-07-31","42657390","42657402","Adjustments Attributable to Prior Years-SECA","null"
"2020","2020-07-31","42657390","42657406","Total -- Federal Hospital Insurance Trust Fund","21356000000.00"
"2020","2020-05-31","41817120","41817128","Universal Service Fund","593849704.14"
"2020","2020-05-31","41817120","41817132","All Other","690663266.21"
"2020","2020-05-31","41817120","41817136","Total -- Miscellaneous Receipts","8871490340.99"
"2020","2020-05-31","null","41817140","Total -- Receipts","173860556938.57"
"2020","2020-05-31","41817140","41817143","Total -- On-Budget","96427556938.57"
"2020","2020-05-31","41817140","41817146","Total -- Off-Budget","77433000000.00"
"2020","2020-06-30","null","42248630","Individual Income Taxes","null"
"2020","2020-06-30","42248630","42248633","Withheld","null"
"2020","2020-06-30","42248630","42248635","Presidential Election Campaign Fund","null"
"2020","2020-06-30","42248630","42248638","Other","null"
"2020","2020-06-30","null","42248646","Social Insurance and Retirement Receipts:","null"
"2020","2020-07-31","42657360","42657410","Railroad Retirement:","null"
"2020","2020-07-31","42657410","42657420","Social Security Equivalent Account","233068317.31"
"2020","2020-06-30","42248646","42248648","Employment and General Retirement:","null"
"2020","2020-06-30","42248651","42248664","Adjustments Attrbutable to Prior Years-SECA","'-204237260.85"
"2020","2020-06-30","42248651","42248666","Total -- Federal Old-Age and Survivors Insurance Trust Fund","81470871277.89"
"2020","2020-06-30","42248648","42248668","Federal Disability Insurance Trust Fund:","null"
"2020","2020-06-30","42248668","42248676","Adjustments Attributable to Prior Years-FICA","568313841.12"
"2020","2020-06-30","42248756","42248768","Non-Federal Employees Retirement","2629789.37"
"2020","2020-06-30","42248756","42248776","Total -- Other Retirement","470646720.60"
"2020","2020-06-30","null","42248792","Excise Taxes:","null"
"2020","2020-06-30","null","42248856","Miscellaneous Receipts:","null"
"2020","2020-07-31","null","42657346","Individual Income Taxes","null"
"2020","2020-07-31","42657390","42657392","Federal Insurance Contributions Act Taxes","21068000000.00"
"2020","2020-07-31","null","42657467","Excise Taxes:","null"
"2020","2020-02-29","40470426","40470438","All Other","1111795842.37"
"2020","2020-02-29","40470426","40470442","Total -- Miscellaneous Receipts","5892029133.95"
"2020","2020-02-29","null","40470446","Total -- Receipts","187950539650.05"
"2020","2020-02-29","40470446","40470449","Total -- On-Budget","112135539650.05"
"2020","2020-02-29","40470446","40470452","Total -- Off-Budget","75815000000.00"
"2020","2020-07-31","42657346","42657348","Withheld","null"
"2020","2020-07-31","42657346","42657350","Presidential Election Campaign Fund","null"
"2020","2020-07-31","42657346","42657352","Other","null"
"2020","2020-07-31","42657346","42657354","Total -- Individual Income Taxes","373106163509.13"
"2020","2020-07-31","null","42657356","Corporation Income Taxes","67990824846.11"
"2020","2020-07-31","null","42657358","Social Insurance and Retirement Receipts:","null"
"2020","2020-07-31","42657358","42657360","Employment and General Retirement:","null"
"2020","2020-07-31","42657360","42657362","Federal Old-Age and Survivors Insurance Trust Fund:","null"
"2020","2020-07-31","42657362","42657364","Federal Insurance Contributions Act Taxes","61301000000.00"
"2020","2020-07-31","42657362","42657366","Self-Employment Contributions Act Taxes","654000000.00"
"2020","2020-07-31","42657362","42657370","Adjustments Attributable to Prior Years-FICA","null"
"2020","2020-07-31","42657362","42657372","Adjustments Attrbutable to Prior Years-SECA","null"
"2020","2020-07-31","42657362","42657374","Total -- Federal Old-Age and Survivors Insurance Trust Fund","61955000000.00"
"2020","2020-07-31","42657360","42657376","Federal Disability Insurance Trust Fund:","null"
"2020","2020-07-31","42657376","42657378","Federal Insurance Contributions Act Taxes","10409000000.00"
"2020","2020-07-31","42657376","42657384","Adjustments Attributable to Prior Years-FICA","null"
"2020","2020-07-31","42657376","42657388","Total -- Federal Disability Insurance Trust Fund","10520000000.00"
"2020","2020-07-31","42657360","42657426","Total -- Employment and General Retirement","94360214305.05"
"2020","2020-07-31","42657358","42657432","Unemployment Insurance:","null"
"2020","2020-07-31","42657432","42657438","Deposits by States","3174501590.15"
"2020","2020-07-31","42657432","42657444","Federal Unemployment Taxes","556839068.20"
"2020","2020-07-31","42657432","42657454","Total -- Unemployment Insurance","3740470906.75"
"2020","2020-07-31","42657358","42657456","Other Retirement:","null"
"2020","2020-07-31","42657456","42657458","Federal Employees' Retirement--Employee Share","433385678.45"
"2020","2020-07-31","42657410","42657414","Rail Pension and Supplemental Annuity","296145987.74"
"2020","2020-07-31","42657432","42657450","Railroad Unemployment Taxes","9130248.40"
"2020","2020-07-31","42657456","42657460","Non-Federal Employees Retirement","2512575.74"
"2020","2020-07-31","42657456","42657462","Total -- Other Retirement","435898254.19"
"2020","2020-07-31","42657358","42657464","Total -- Social Insurance and Retirement Receipts","98536583465.99"
"2020","2020-07-31","42657467","42657470","Miscellaneous Excise Taxes","2337105480.47"
"2020","2020-07-31","42657467","42657475","Airport and Airway Trust Fund","13464000.00"
"2020","2020-07-31","42657467","42657481","Highway Trust Fund","3840229690.38"
"2020","2020-07-31","42657467","42657487","Black Lung Disability Trust Fund","35210000.00"
"2020","2020-07-31","42657467","42657493","Total -- Excise Taxes","6226009170.85"
"2020","2020-07-31","null","42657499","Estate and Gift Taxes","2871010479.62"
"2020","2020-07-31","null","42657505","Customs Duties","5012827681.79"
"2020","2020-07-31","42657541","42657546","Total -- On-Budget","491020663140.69"
"2020","2020-08-31","43166844","43166850","Presidential Election Campaign Fund","null"
"2020","2020-08-31","43166844","43166855","Total -- Individual Income Taxes","89484899028.43"
"2020","2020-08-31","null","43166857","Corporation Income Taxes","2087528224.22"
"2020","2020-08-31","null","43166860","Social Insurance and Retirement Receipts:","null"
"2020","2020-08-31","43166860","43166862","Employment and General Retirement:","null"
"2020","2020-08-31","43166862","43166865","Federal Old-Age and Survivors Insurance Trust Fund:","null"
"2020","2020-08-31","43166865","43166867","Federal Insurance Contributions Act Taxes","62742000000.00"
"2020","2020-08-31","43166865","43166870","Self-Employment Contributions Act Taxes","740000000.00"
"2020","2020-08-31","43166865","43166876","Adjustments Attributable to Prior Years-FICA","null"
"2020","2020-08-31","43166865","43166878","Adjustments Attrbutable to Prior Years-SECA","null"
"2020","2020-08-31","43166865","43166881","Total -- Federal Old-Age and Survivors Insurance Trust Fund","63482000000.00"
"2020","2020-08-31","43166862","43166883","Federal Disability Insurance Trust Fund:","null"
"2020","2020-08-31","43166883","43166885","Federal Insurance Contributions Act Taxes","10654000000.00"
"2020","2020-08-31","43166883","43166887","Self-Employment Contributions Act Taxes","126000000.00"
"2020","2020-07-31","null","42657511","Miscellaneous Receipts:","null"
"2020","2020-08-31","null","43166844","Individual Income Taxes","null"
"2020","2020-08-31","43166883","43166891","Adjustments Attributable to Prior Years-FICA","null"
"2020","2020-08-31","43166883","43166894","Adjustments Attributable to Prior Years-SECA","null"
"2020","2020-08-31","43166883","43166898","Total -- Federal Disability Insurance Trust Fund","10780000000.00"
"2020","2020-08-31","43166862","43166900","Federal Hospital Insurance Trust Fund:","null"
"2020","2020-08-31","43166900","43166906","Federal Insurance Contributions Act Taxes","21648000000.00"
"2020","2020-08-31","43166900","43166920","Adjustments Attributable to Prior Years-FICA","null"
"2020","2020-08-31","43166900","43166922","Adjustments Attributable to Prior Years-SECA","null"
"2020","2020-08-31","43166862","43166928","Railroad Retirement:","null"
"2020","2020-08-31","43166928","43166932","Rail Pension and Supplemental Annuity","96031232.90"
"2020","2020-08-31","43166928","43166934","Social Security Equivalent Account","106073820.26"
"2020","2020-08-31","43166862","43166937","Total -- Employment and General Retirement","96438105053.16"
"2020","2020-08-31","43166939","43166942","Deposits by States","3493922839.50"
"2020","2020-08-31","43166939","43166947","Railroad Unemployment Taxes","128064.60"
"2020","2020-08-31","43166939","43166952","Total -- Unemployment Insurance","3523876202.08"
"2020","2020-08-31","43166860","43166954","Other Retirement:","null"
"2020","2020-08-31","43166954","43166957","Federal Employees' Retirement--Employee Share","411676865.49"
"2020","2020-08-31","43166954","43166959","Non-Federal Employees Retirement","2222655.57"
"2020","2020-08-31","43166954","43166963","Total -- Other Retirement","413899521.06"
"2020","2020-08-31","43166860","43166965","Total -- Social Insurance and Retirement Receipts","100375880776.30"
"2020","2020-07-31","42657511","42657517","Deposit of Earnings, Federal Reserve System","8265911164.13"
"2020","2020-07-31","42657511","42657523","Universal Service Fund","597229708.02"
"2020","2020-07-31","42657541","42657551","Total -- Off-Budget","72475000000.00"
"2020","2020-08-31","43166844","43166846","Withheld","null"
"2020","2020-08-31","null","43166969","Excise Taxes:","null"
"2020","2020-08-31","43166969","43166971","Miscellaneous Excise Taxes","2903714479.27"
"2020","2020-08-31","43166969","43166975","Airport and Airway Trust Fund","10288283.45"
"2020","2020-08-31","43166969","43166977","Highway Trust Fund","4699406185.65"
"2020","2020-08-31","null","43166987","Estate and Gift Taxes","1436223837.75"
"2020","2020-08-31","null","43166989","Customs Duties","5896052805.30"
"2020","2020-08-31","null","43166993","Miscellaneous Receipts:","null"
"2020","2020-08-31","43166993","43166995","Deposit of Earnings, Federal Reserve System","8742959546.98"
"2020","2020-08-31","43166993","43166999","Universal Service Fund","669785409.55"
"2020","2020-08-31","43166993","43167001","All Other","6876044433.27"
"2020","2020-08-31","43166993","43167005","Total -- Miscellaneous Receipts","16288789389.80"
"2020","2020-08-31","null","43167007","Total -- Receipts","223221277010.17"
"2020","2020-08-31","43167007","43167010","Total -- On-Budget","148959277010.17"
"2020","2020-08-31","43167007","43167013","Total -- Off-Budget","74262000000.00"
"2020","2020-09-30","null","43668598","Individual Income Taxes","null"
"2020","2020-09-30","43668620","43668640","Adjustments Attrbutable to Prior Years-SECA","183175.25"
"2020","2020-09-30","43668617","43668648","Federal Disability Insurance Trust Fund:","null"
"2020","2020-09-30","43668648","43668652","Federal Insurance Contributions Act Taxes","11277000000.00"
"2020","2020-09-30","43668648","43668671","Adjustments Attributable to Prior Years-SECA","27672.16"
"2020","2020-09-30","43668648","43668679","Total -- Federal Disability Insurance Trust Fund","12471472910.30"
"2020","2020-09-30","43668687","43668695","Federal Insurance Contributions Act Taxes","22992000000.00"
"2020","2020-09-30","43668687","43668703","Self-Employment Contributions Act Taxes","3366000000.00"
"2020","2020-07-31","42657511","42657529","All Other","889103115.05"
"2020","2020-07-31","42657511","42657535","Total -- Miscellaneous Receipts","9752243987.20"
"2020","2020-07-31","null","42657541","Total -- Receipts","563495663140.69"
"2020","2020-08-31","43166844","43166852","Other","null"
"2020","2020-08-31","43166900","43166908","Self-Employment Contributions Act Taxes","326000000.00"
"2020","2020-08-31","43166900","43166914","Receipts from Railroad Retirement Board","null"
"2020","2020-08-31","43166900","43166926","Total -- Federal Hospital Insurance Trust Fund","21974000000.00"
"2020","2020-08-31","43166860","43166939","Unemployment Insurance:","null"
"2020","2020-08-31","43166939","43166944","Federal Unemployment Taxes","29825297.98"
"2020","2020-08-31","43166969","43166981","Black Lung Disability Trust Fund","38494000.00"
"2020","2020-08-31","43166969","43166983","Total -- Excise Taxes","7651902948.37"
"2020","2020-09-30","43668598","43668600","Withheld","null"
"2020","2020-09-30","43668620","43668623","Federal Insurance Contributions Act Taxes","66405000000.00"
"2020","2020-09-30","43668620","43668628","Self-Employment Contributions Act Taxes","7026000000.00"
"2020","2020-09-30","43668598","43668601","Presidential Election Campaign Fund","null"
"2020","2020-09-30","43668620","43668636","Adjustments Attributable to Prior Years-FICA","2611845.98"
"2020","2020-09-30","43668687","43668711","Receipts from Railroad Retirement Board","null"
"2020","2020-09-30","43668648","43668656","Self-Employment Contributions Act Taxes","1194000000.00"
"2020","2020-09-30","43668598","43668605","Other","null"
"2020","2020-09-30","43668598","43668608","Total -- Individual Income Taxes","161478035083.22"
"2020","2020-09-30","null","43668611","Corporation Income Taxes","49660133580.85"
"2020","2020-09-30","null","43668614","Social Insurance and Retirement Receipts:","null"
"2020","2020-09-30","43668614","43668617","Employment and General Retirement:","null"
"2020","2020-09-30","43668617","43668620","Federal Old-Age and Survivors Insurance Trust Fund:","null"
"2020","2020-09-30","43668648","43668665","Adjustments Attributable to Prior Years-FICA","445238.14"
"2020","2020-09-30","43668620","43668644","Total -- Federal Old-Age and Survivors Insurance Trust Fund","73433795021.23"
"2020","2020-09-30","43668617","43668687","Federal Hospital Insurance Trust Fund:","null"
"2020","2020-09-30","43668687","43668728","Adjustments Attributable to Prior Years-FICA","803335.58"
"2020","2020-09-30","43668687","43668733","Adjustments Attributable to Prior Years-SECA","108897.09"
"2020","2020-09-30","43668687","43668738","Total -- Federal Hospital Insurance Trust Fund","26358912232.67"
"2020","2020-09-30","43668744","43668750","Rail Pension and Supplemental Annuity","211039468.46"
"2020","2020-09-30","43668744","43668756","Social Security Equivalent Account","124708308.15"
"2020","2020-09-30","43668617","43668762","Total -- Employment and General Retirement","112599927940.81"
"2020","2020-09-30","43668614","43668768","Unemployment Insurance:","null"
"2020","2020-09-30","43668768","43668774","Deposits by States","2055035403.51"
"2020","2020-09-30","43668768","43668780","Federal Unemployment Taxes","25698360.77"
"2020","2020-09-30","43668768","43668786","Railroad Unemployment Taxes","79063.75"
"2020","2020-09-30","43668768","43668798","Total -- Unemployment Insurance","2080812828.03"
"2020","2020-09-30","43668804","43668810","Federal Employees' Retirement--Employee Share","419947015.75"
"2020","2020-09-30","43668804","43668816","Non-Federal Employees Retirement","2360985.47"
"2020","2020-09-30","43668804","43668822","Total -- Other Retirement","422308001.22"
"2020","2020-09-30","43668614","43668828","Total -- Social Insurance and Retirement Receipts","115103048770.06"
"2020","2020-09-30","43668834","43668839","Miscellaneous Excise Taxes","17801646306.04"
"2020","2020-09-30","43668614","43668804","Other Retirement:","null"
"2020","2020-09-30","43668834","43668844","Airport and Airway Trust Fund","'-115597623.65"
"2020","2020-09-30","43668834","43668850","Highway Trust Fund","8435013376.80"
"2020","2020-09-30","null","43668834","Excise Taxes:","null"
"2020","2020-09-30","43668834","43668856","Black Lung Disability Trust Fund","76584441.00"
"2020","2020-09-30","43668834","43668862","Total -- Excise Taxes","26197646500.19"
"2020","2020-09-30","null","43668867","Estate and Gift Taxes","2149233426.03"
"2020","2020-09-30","null","43668872","Customs Duties","6049394549.12"
"2020","2020-09-30","null","43668878","Miscellaneous Receipts:","null"
"2020","2020-09-30","43668878","43668883","Deposit of Earnings, Federal Reserve System","9725504260.67"
"2020","2020-09-30","43668878","43668889","Universal Service Fund","628994382.82"
"2020","2020-09-30","43668878","43668895","All Other","2177356259.29"
"2020","2020-09-30","43668878","43668901","Total -- Miscellaneous Receipts","12531854902.78"
"2020","2020-09-30","null","43668907","Total -- Receipts","373169346812.25"
"2020","2020-09-30","43668907","43668910","Total -- On-Budget","287264078880.72"
"2020","2020-09-30","43668907","43668913","Total -- Off-Budget","85905267931.53"
"2020","2020-02-29","40470360","40470372","Non-Federal Employees Retirement","2354672.40"
"2020","2020-02-29","40470360","40470378","Total -- Other Retirement","400113144.06"
"2020","2020-02-29","40470186","40470384","Total -- Social Insurance and Retirement Receipts","99918402993.86"
"2020","2019-10-31","null","39341392","Individual Income Taxes","null"
"2020","2019-10-31","39341392","39341395","Other","null"
"2020","2019-10-31","39341392","39341396","Total -- Individual Income Taxes","126388998380.96"
"2020","2019-10-31","null","39341397","Corporation Income Taxes","6570667363.56"
"2020","2019-10-31","null","39341398","Social Insurance and Retirement Receipts:","null"
"2020","2019-10-31","39341398","39341399","Employment and General Retirement:","null"
"2020","2019-10-31","39341399","39341400","Federal Old-Age and Survivors Insurance Trust Fund:","null"
"2020","2019-10-31","39341398","39341580","Total -- Social Insurance and Retirement Receipts","89816684444.74"
"2020","2019-10-31","null","39341586","Excise Taxes:","null"
"2020","2019-10-31","39341586","39341592","Miscellaneous Excise Taxes","4899612476.01"
"2020","2019-10-31","39341586","39341598","Airport and Airway Trust Fund","256867000.00"
"2020","2019-10-31","39341586","39341604","Highway Trust Fund","875757328.17"
"2020","2019-10-31","39341586","39341610","Black Lung Disability Trust Fund","3450000.00"
"2020","2019-10-31","39341586","39341616","Total -- Excise Taxes","6035686804.18"
"2020","2019-10-31","null","39341622","Estate and Gift Taxes","1690552278.47"
"2020","2019-10-31","39341629","39341640","Universal Service Fund","895112500.96"
"2020","2020-02-29","40470360","40470366","Federal Employees' Retirement--Employee Share","397758471.66"
"2020","2019-11-30","39445611","39445619","Airport and Airway Trust Fund","1717834000.00"
"2020","2019-11-30","39445611","39445621","Highway Trust Fund","4511225715.91"
"2020","2019-12-31","39789091","39789119","Adjustments Attributable to Prior Years-SECA","'-17768526.08"
"2020","2019-12-31","39789091","39789126","Total -- Federal Hospital Insurance Trust Fund","25841227202.53"
"2020","2019-12-31","39789056","39789132","Railroad Retirement:","null"
"2020","2019-12-31","39789132","39789138","Rail Pension and Supplemental Annuity","212021470.93"
"2020","2019-12-31","39789132","39789145","Social Security Equivalent Account","211101117.68"
"2020","2019-12-31","39789056","39789151","Total -- Employment and General Retirement","102399146219.05"
"2020","2019-12-31","39789054","39789157","Unemployment Insurance:","null"
"2020","2019-10-31","39341398","39341556","Other Retirement:","null"
"2020","2020-02-29","null","40470184","Corporation Income Taxes","'-2041301783.06"
"2020","2020-02-29","null","40470186","Social Insurance and Retirement Receipts:","null"
"2020","2020-02-29","40470186","40470188","Employment and General Retirement:","null"
"2020","2020-02-29","40470188","40470190","Federal Old-Age and Survivors Insurance Trust Fund:","null"
"2020","2019-10-31","39341444","39341490","Total -- Federal Hospital Insurance Trust Fund","21841000000.00"
"2020","2019-10-31","39341399","39341496","Railroad Retirement:","null"
"2020","2019-10-31","39341496","39341502","Rail Pension and Supplemental Annuity","224447994.60"
"2020","2019-10-31","39341496","39341508","Social Security Equivalent Account","179232803.93"
"2020","2019-10-31","39341399","39341514","Total -- Employment and General Retirement","86670680798.53"
"2020","2019-10-31","39341398","39341520","Unemployment Insurance:","null"
"2020","2019-10-31","39341520","39341526","Deposits by States","2096081174.66"
"2020","2019-10-31","39341520","39341532","Federal Unemployment Taxes","630592143.51"
"2020","2019-11-30","null","39445611","Excise Taxes:","null"
"2020","2019-12-31","null","39789259","Estate and Gift Taxes","1697675392.91"
"2020","2019-12-31","null","39789265","Customs Duties","6448987274.74"
"2020","2019-12-31","null","39789269","Miscellaneous Receipts:","null"
"2020","2019-12-31","39789269","39789272","Deposit of Earnings, Federal Reserve System","5251848039.06"
"2020","2019-12-31","39789091","39789099","Self-Employment Contributions Act Taxes","257000000.00"
"2020","2019-10-31","39341392","39341394","Presidential Election Campaign Fund","null"
"2020","2019-10-31","39341400","39341401","Federal Insurance Contributions Act Taxes","54796000000.00"
"2020","2019-10-31","39341400","39341402","Self-Employment Contributions Act Taxes","278000000.00"
"2020","2019-10-31","39341400","39341408","Total -- Federal Old-Age and Survivors Insurance Trust Fund","55074000000.00"
"2020","2019-10-31","39341399","39341410","Federal Disability Insurance Trust Fund:","null"
"2020","2019-10-31","39341410","39341412","Federal Insurance Contributions Act Taxes","9305000000.00"
"2020","2019-10-31","39341410","39341416","Self-Employment Contributions Act Taxes","47000000.00"
"2020","2019-11-30","39445519","39445573","Unemployment Insurance:","null"
"2020","2019-12-31","39789157","39789163","Deposits by States","229258320.24"
"2020","2019-12-31","39789157","39789169","Federal Unemployment Taxes","18911030.11"
"2020","2019-12-31","39789157","39789175","Railroad Unemployment Taxes","238105.37"
"2020","2019-12-31","39789157","39789187","Total -- Unemployment Insurance","248407455.72"
"2020","2019-12-31","39789054","39789193","Other Retirement:","null"
"2020","2019-12-31","39789193","39789199","Federal Employees' Retirement--Employee Share","445886960.72"
"2020","2019-12-31","null","39789223","Excise Taxes:","null"
"2020","2019-12-31","39789286","39789292","Total -- Off-Budget","76134796427.91"
"2020","2020-01-31","null","40183364","Individual Income Taxes","null"
"2020","2020-01-31","40183364","40183367","Withheld","null"
"2020","2020-01-31","40183364","40183370","Presidential Election Campaign Fund","null"
"2020","2020-01-31","40183364","40183375","Other","null"
"2020","2020-01-31","40183364","40183380","Total -- Individual Income Taxes","216659704210.38"
"2020","2020-01-31","40183540","40183558","Railroad Unemployment Taxes","29092370.08"
"2020","2020-01-31","40183540","40183573","Total -- Unemployment Insurance","3018694362.12"
"2020","2020-01-31","40183390","40183581","Other Retirement:","null"
"2020","2020-01-31","40183581","40183589","Federal Employees' Retirement--Employee Share","419732895.34"
"2020","2020-01-31","40183581","40183597","Non-Federal Employees Retirement","2413907.05"
"2020","2020-01-31","40183581","40183605","Total -- Other Retirement","422146802.39"
"2020","2020-01-31","40183390","40183614","Total -- Social Insurance and Retirement Receipts","121045172636.55"
"2020","2020-01-31","null","40183622","Excise Taxes:","null"
"2020","2020-01-31","40183667","40183673","Deposit of Earnings, Federal Reserve System","5803305379.06"
"2020","2020-01-31","40183667","40183679","Universal Service Fund","729428526.53"
"2021","2020-10-31","44313284","44313372","Federal Hospital Insurance Trust Fund:","null"
"2021","2021-07-31","47702065","47702079","Receipts from Railroad Retirement Board","null"
"2021","2020-10-31","44313262","44313270","Total -- Individual Income Taxes","108747579136.83"
"2021","2020-10-31","null","44313273","Corporation Income Taxes","9152029869.32"
"2021","2020-10-31","44313279","44313284","Employment and General Retirement:","null"
"2021","2020-10-31","44313284","44313289","Federal Old-Age and Survivors Insurance Trust Fund:","null"
"2021","2020-10-31","44313289","44313294","Federal Insurance Contributions Act Taxes","59085000000.00"
"2021","2020-10-31","44313262","44313265","Presidential Election Campaign Fund","null"
"2021","2020-10-31","44313262","44313266","Other","null"
"2021","2020-10-31","44313289","44313299","Self-Employment Contributions Act Taxes","295000000.00"
"2021","2020-10-31","44313322","44313326","Federal Insurance Contributions Act Taxes","10033000000.00"
"2021","2020-10-31","44313322","44313364","Total -- Federal Disability Insurance Trust Fund","10083000000.00"
"2021","2020-10-31","44313372","44313380","Federal Insurance Contributions Act Taxes","23544000000.00"
"2021","2020-10-31","44313372","44313385","Self-Employment Contributions Act Taxes","130000000.00"
"2021","2020-10-31","44313372","44313414","Total -- Federal Hospital Insurance Trust Fund","23674000000.00"
"2021","2020-10-31","44313420","44313426","Rail Pension and Supplemental Annuity","165588080.83"
"2021","2020-10-31","44313420","44313432","Social Security Equivalent Account","152406873.83"
"2021","2020-10-31","44313284","44313438","Total -- Employment and General Retirement","93454994954.66"
"2021","2020-10-31","44313279","44313444","Unemployment Insurance:","null"
"2021","2020-10-31","44313444","44313450","Deposits by States","1706395515.12"
"2021","2020-10-31","44313444","44313456","Federal Unemployment Taxes","176121227.86"
"2021","2020-10-31","44313444","44313462","Railroad Unemployment Taxes","8868513.47"
"2021","2020-10-31","44313444","44313474","Total -- Unemployment Insurance","1891385256.45"
"2021","2020-10-31","44313279","44313480","Other Retirement:","null"
"2021","2020-10-31","44313480","44313486","Federal Employees' Retirement--Employee Share","519000065.21"
"2021","2020-10-31","44313480","44313492","Non-Federal Employees Retirement","2668272.52"
"2021","2020-10-31","44313480","44313498","Total -- Other Retirement","521668337.73"
"2021","2020-10-31","44313279","44313503","Total -- Social Insurance and Retirement Receipts","95868048548.84"
"2021","2020-10-31","null","44313508","Excise Taxes:","null"
"2021","2020-10-31","44313508","44313514","Miscellaneous Excise Taxes","3750768448.69"
"2021","2020-10-31","44313508","44313520","Airport and Airway Trust Fund","2557000.00"
"2021","2020-10-31","44313508","44313527","Highway Trust Fund","985894648.67"
"2021","2020-10-31","44313508","44313534","Black Lung Disability Trust Fund","8115000.00"
"2021","2020-10-31","44313508","44313541","Total -- Excise Taxes","4747335097.36"
"2021","2020-10-31","null","44313548","Estate and Gift Taxes","2148508995.31"
"2021","2020-10-31","null","44313555","Customs Duties","6155928279.56"
"2021","2020-10-31","null","44313561","Miscellaneous Receipts:","null"
"2021","2020-10-31","44313561","44313567","Deposit of Earnings, Federal Reserve System","7429158006.09"
"2021","2020-10-31","44313561","44313574","Universal Service Fund","656781883.29"
"2021","2020-10-31","44313561","44313580","All Other","2792596590.50"
"2021","2020-10-31","44313561","44313586","Total -- Miscellaneous Receipts","10878536479.88"
"2021","2020-10-31","null","44313592","Total -- Receipts","237697966407.10"
"2021","2020-10-31","44313592","44313597","Total -- On-Budget","168234966407.10"
"2021","2020-11-30","44489121","44489126","Total -- Individual Income Taxes","93775289361.01"
"2021","2020-11-30","null","44489127","Corporation Income Taxes","'-3192121638.32"
"2021","2020-11-30","44489132","44489136","Federal Old-Age and Survivors Insurance Trust Fund:","null"
"2021","2020-11-30","44489136","44489138","Federal Insurance Contributions Act Taxes","64204000000.00"
"2021","2020-11-30","44489136","44489146","Self-Employment Contributions Act Taxes","147000000.00"
"2021","2020-11-30","44489136","44489182","Total -- Federal Old-Age and Survivors Insurance Trust Fund","64351000000.00"
"2021","2020-11-30","44489192","44489214","Self-Employment Contributions Act Taxes","25000000.00"
"2021","2020-11-30","44489192","44489246","Total -- Federal Disability Insurance Trust Fund","10928000000.00"
"2021","2020-11-30","44489253","44489259","Federal Insurance Contributions Act Taxes","25750000000.00"
"2021","2020-11-30","44489253","44489293","Total -- Federal Hospital Insurance Trust Fund","25814000000.00"
"2021","2020-11-30","44489298","44489304","Rail Pension and Supplemental Annuity","177835585.66"
"2021","2020-10-31","null","44313262","Individual Income Taxes","null"
"2021","2020-10-31","44313262","44313263","Withheld","null"
"2021","2020-10-31","null","44313279","Social Insurance and Retirement Receipts:","null"
"2021","2020-10-31","44313289","44313318","Total -- Federal Old-Age and Survivors Insurance Trust Fund","59380000000.00"
"2021","2020-10-31","44313284","44313322","Federal Disability Insurance Trust Fund:","null"
"2021","2020-10-31","44313322","44313332","Self-Employment Contributions Act Taxes","50000000.00"
"2021","2020-10-31","44313284","44313420","Railroad Retirement:","null"
"2021","2020-10-31","44313592","44313603","Total -- Off-Budget","69463000000.00"
"2021","2020-11-30","null","44489121","Individual Income Taxes","null"
"2021","2020-11-30","44489121","44489122","Withheld","null"
"2021","2020-11-30","44489121","44489123","Presidential Election Campaign Fund","null"
"2021","2020-11-30","44489121","44489124","Other","null"
"2021","2020-11-30","null","44489129","Social Insurance and Retirement Receipts:","null"
"2021","2020-11-30","44489192","44489204","Federal Insurance Contributions Act Taxes","10903000000.00"
"2021","2020-11-30","44489129","44489132","Employment and General Retirement:","null"
"2021","2020-11-30","44489132","44489192","Federal Disability Insurance Trust Fund:","null"
"2021","2020-11-30","44489132","44489253","Federal Hospital Insurance Trust Fund:","null"
"2021","2020-11-30","44489253","44489265","Self-Employment Contributions Act Taxes","64000000.00"
"2021","2020-11-30","44489298","44489310","Social Security Equivalent Account","174339342.80"
"2021","2020-11-30","44489132","44489316","Total -- Employment and General Retirement","101445174928.46"
"2021","2020-11-30","44489322","44489328","Deposits by States","3432961349.91"
"2021","2020-11-30","44489322","44489334","Federal Unemployment Taxes","376889244.56"
"2021","2020-11-30","44489322","44489340","Railroad Unemployment Taxes","116660.14"
"2021","2020-11-30","44489132","44489298","Railroad Retirement:","null"
"2021","2020-11-30","44489129","44489322","Unemployment Insurance:","null"
"2021","2020-11-30","44489322","44489352","Total -- Unemployment Insurance","3809967254.61"
"2021","2020-11-30","44489129","44489358","Other Retirement:","null"
"2021","2020-11-30","44489358","44489364","Federal Employees' Retirement--Employee Share","464357663.89"
"2021","2020-11-30","44489358","44489369","Non-Federal Employees Retirement","1802827.34"
"2021","2020-11-30","44489358","44489375","Total -- Other Retirement","466160491.23"
"2021","2020-11-30","44489129","44489381","Total -- Social Insurance and Retirement Receipts","105721302674.30"
"2021","2020-11-30","null","44489387","Excise Taxes:","null"
"2021","2020-11-30","44489387","44489393","Miscellaneous Excise Taxes","1497439122.04"
"2021","2020-11-30","44489387","44489399","Airport and Airway Trust Fund","15226000.00"
"2021","2020-11-30","44489387","44489405","Highway Trust Fund","4056743057.70"
"2021","2020-11-30","44489387","44489411","Black Lung Disability Trust Fund","32200000.00"
"2021","2020-11-30","44489387","44489417","Total -- Excise Taxes","5601608179.74"
"2021","2020-11-30","null","44489424","Estate and Gift Taxes","1838586407.65"
"2021","2020-11-30","44489452","44489455","Total -- On-Budget","144273595588.10"
"2021","2020-11-30","44489452","44489458","Total -- Off-Budget","75279000000.00"
"2021","2020-12-31","44802220","44802240","Total -- Individual Income Taxes","144480589277.61"
"2021","2020-12-31","null","44802246","Corporation Income Taxes","62920419835.68"
"2021","2020-12-31","null","44802251","Social Insurance and Retirement Receipts:","null"
"2021","2020-12-31","44802251","44802255","Employment and General Retirement:","null"
"2021","2020-12-31","44802255","44802259","Federal Old-Age and Survivors Insurance Trust Fund:","null"
"2021","2020-12-31","44802259","44802262","Federal Insurance Contributions Act Taxes","65141474700.00"
"2021","2020-12-31","44802259","44802264","Self-Employment Contributions Act Taxes","552000000.00"
"2021","2020-12-31","44802259","44802268","Adjustments Attributable to Prior Years-FICA","4003752620.53"
"2021","2020-12-31","44802259","44802270","Adjustments Attrbutable to Prior Years-SECA","45759791.25"
"2021","2020-12-31","44802274","44802276","Federal Insurance Contributions Act Taxes","11061329300.00"
"2021","2020-12-31","44802274","44802285","Adjustments Attributable to Prior Years-FICA","728553841.15"
"2021","2020-12-31","44802274","44802291","Adjustments Attributable to Prior Years-SECA","13163322.95"
"2021","2020-12-31","44802274","44802297","Total -- Federal Disability Insurance Trust Fund","11897046464.10"
"2021","2020-12-31","44802303","44802309","Federal Insurance Contributions Act Taxes","27629000000.00"
"2021","2020-12-31","44802303","44802315","Self-Employment Contributions Act Taxes","270000000.00"
"2021","2020-12-31","44802303","44802333","Adjustments Attributable to Prior Years-FICA","1219204519.83"
"2021","2020-12-31","44802303","44802338","Adjustments Attributable to Prior Years-SECA","99872938.60"
"2021","2020-12-31","44802303","44802343","Total -- Federal Hospital Insurance Trust Fund","29218077458.43"
"2021","2020-12-31","44802255","44802349","Railroad Retirement:","null"
"2021","2020-12-31","44802349","44802355","Rail Pension and Supplemental Annuity","168175903.75"
"2021","2020-11-30","null","44489428","Customs Duties","5965298349.11"
"2021","2020-11-30","null","44489432","Miscellaneous Receipts:","null"
"2021","2020-12-31","44802349","44802361","Social Security Equivalent Account","162393085.02"
"2021","2020-12-31","null","44802220","Individual Income Taxes","null"
"2021","2020-12-31","44802220","44802235","Other","null"
"2021","2020-12-31","44802255","44802367","Total -- Employment and General Retirement","111188680023.08"
"2021","2020-12-31","44802251","44802373","Unemployment Insurance:","null"
"2021","2020-12-31","44802373","44802379","Deposits by States","3637438370.29"
"2021","2020-12-31","44802373","44802385","Federal Unemployment Taxes","28209799.55"
"2021","2020-12-31","44802373","44802391","Railroad Unemployment Taxes","16325.94"
"2021","2020-12-31","44802373","44802406","Total -- Unemployment Insurance","3665664495.78"
"2021","2020-12-31","44802251","44802414","Other Retirement:","null"
"2021","2020-12-31","44802414","44802422","Federal Employees' Retirement--Employee Share","474543105.54"
"2021","2020-12-31","44802414","44802430","Non-Federal Employees Retirement","2251325.65"
"2021","2020-12-31","44802414","44802438","Total -- Other Retirement","476794431.19"
"2021","2020-12-31","44802251","44802444","Total -- Social Insurance and Retirement Receipts","115331138950.05"
"2021","2020-12-31","null","44802450","Excise Taxes:","null"
"2021","2020-12-31","44802450","44802456","Miscellaneous Excise Taxes","1816115019.66"
"2021","2020-12-31","44802450","44802463","Airport and Airway Trust Fund","13063000.00"
"2021","2020-12-31","44802450","44802469","Highway Trust Fund","3476693809.14"
"2021","2020-12-31","44802450","44802474","Black Lung Disability Trust Fund","27627000.00"
"2021","2020-12-31","44802450","44802479","Total -- Excise Taxes","5333498828.80"
"2021","2020-12-31","null","44802484","Estate and Gift Taxes","2212324960.09"
"2021","2020-12-31","null","44802489","Customs Duties","6047110081.33"
"2021","2020-12-31","44802493","44802497","Deposit of Earnings, Federal Reserve System","8176818263.30"
"2021","2020-11-30","44489432","44489436","Deposit of Earnings, Federal Reserve System","7447597650.69"
"2021","2020-12-31","44802220","44802227","Withheld","null"
"2021","2020-12-31","44802493","44802501","Universal Service Fund","740141309.58"
"2021","2020-12-31","44802493","44802509","Total -- Miscellaneous Receipts","9794146463.35"
"2021","2020-12-31","null","44802513","Total -- Receipts","346119228396.91"
"2021","2020-12-31","44802513","44802515","Total -- On-Budget","264479194821.03"
"2021","2020-12-31","44802513","44802518","Total -- Off-Budget","81640033575.88"
"2021","2021-01-31","45189711","45189712","Withheld","null"
"2021","2021-01-31","45189711","45189713","Presidential Election Campaign Fund","null"
"2021","2021-01-31","45189718","45189720","Employment and General Retirement:","null"
"2021","2021-01-31","45189720","45189722","Federal Old-Age and Survivors Insurance Trust Fund:","null"
"2021","2021-01-31","45189722","45189724","Federal Insurance Contributions Act Taxes","69160000000.00"
"2021","2021-01-31","45189722","45189734","Adjustments Attrbutable to Prior Years-SECA","null"
"2021","2021-01-31","45189741","45189744","Federal Insurance Contributions Act Taxes","11744000000.00"
"2021","2021-01-31","45189741","45189748","Self-Employment Contributions Act Taxes","1224000000.00"
"2021","2021-01-31","45189741","45189756","Adjustments Attributable to Prior Years-FICA","null"
"2021","2020-12-31","44802220","44802233","Presidential Election Campaign Fund","null"
"2021","2020-11-30","44489432","44489440","Universal Service Fund","717039077.55"
"2021","2020-11-30","44489432","44489444","All Other","1677995526.37"
"2021","2020-11-30","44489432","44489448","Total -- Miscellaneous Receipts","9842632254.61"
"2021","2020-11-30","null","44489452","Total -- Receipts","219552595588.10"
"2021","2020-12-31","44802274","44802278","Self-Employment Contributions Act Taxes","94000000.00"
"2021","2020-12-31","44802259","44802272","Total -- Federal Old-Age and Survivors Insurance Trust Fund","69742987111.78"
"2021","2020-12-31","44802255","44802274","Federal Disability Insurance Trust Fund:","null"
"2021","2020-12-31","44802255","44802303","Federal Hospital Insurance Trust Fund:","null"
"2021","2020-12-31","null","44802493","Miscellaneous Receipts:","null"
"2021","2020-12-31","44802493","44802505","All Other","877186890.47"
"2021","2021-01-31","null","45189711","Individual Income Taxes","null"
"2021","2021-01-31","45189722","45189737","Total -- Federal Old-Age and Survivors Insurance Trust Fund","76370000000.00"
"2021","2021-01-31","45189741","45189758","Adjustments Attributable to Prior Years-SECA","null"
"2021","2021-01-31","45189722","45189726","Self-Employment Contributions Act Taxes","7210000000.00"
"2021","2021-01-31","45189720","45189741","Federal Disability Insurance Trust Fund:","null"
"2021","2021-01-31","45189711","45189714","Other","null"
"2021","2021-01-31","45189711","45189715","Total -- Individual Income Taxes","231568684407.65"
"2021","2021-01-31","null","45189716","Corporation Income Taxes","16463234507.28"
"2021","2021-01-31","null","45189718","Social Insurance and Retirement Receipts:","null"
"2021","2021-01-31","45189722","45189731","Adjustments Attributable to Prior Years-FICA","null"
"2021","2021-01-31","45189741","45189760","Total -- Federal Disability Insurance Trust Fund","12968000000.00"
"2021","2021-01-31","45189720","45189762","Federal Hospital Insurance Trust Fund:","null"
"2021","2021-01-31","45189762","45189764","Federal Insurance Contributions Act Taxes","22597000000.00"
"2021","2021-01-31","45189762","45189765","Self-Employment Contributions Act Taxes","3207000000.00"
"2021","2021-01-31","45189762","45189772","Adjustments Attributable to Prior Years-FICA","null"
"2021","2021-01-31","45189762","45189775","Adjustments Attributable to Prior Years-SECA","null"
"2021","2021-01-31","45189720","45189781","Railroad Retirement:","null"
"2021","2021-01-31","45189781","45189783","Rail Pension and Supplemental Annuity","230288816.17"
"2021","2021-01-31","45189781","45189785","Social Security Equivalent Account","197646485.20"
"2021","2021-01-31","45189720","45189788","Total -- Employment and General Retirement","115569935301.37"
"2021","2021-01-31","45189718","45189790","Unemployment Insurance:","null"
"2021","2021-01-31","45189790","45189792","Deposits by States","1713398450.75"
"2021","2021-01-31","45189762","45189778","Total -- Federal Hospital Insurance Trust Fund","25804000000.00"
"2021","2021-01-31","45189790","45189795","Federal Unemployment Taxes","451076668.05"
"2021","2021-01-31","45189790","45189798","Railroad Unemployment Taxes","7423050.47"
"2021","2021-01-31","45189790","45189803","Total -- Unemployment Insurance","2171898169.27"
"2021","2021-01-31","45189718","45189805","Other Retirement:","null"
"2021","2021-01-31","45189805","45189808","Federal Employees' Retirement--Employee Share","426784146.78"
"2021","2021-01-31","45189805","45189810","Non-Federal Employees Retirement","2139492.89"
"2021","2021-01-31","45189805","45189812","Total -- Other Retirement","428923639.67"
"2021","2021-01-31","45189718","45189814","Total -- Social Insurance and Retirement Receipts","118170757110.31"
"2021","2021-01-31","null","45189816","Excise Taxes:","null"
"2021","2021-01-31","45189816","45189818","Miscellaneous Excise Taxes","'-1017212759.27"
"2021","2021-01-31","45189816","45189820","Airport and Airway Trust Fund","1139596949.56"
"2021","2021-01-31","45189816","45189822","Highway Trust Fund","3346739422.46"
"2021","2021-01-31","45189816","45189825","Black Lung Disability Trust Fund","9438801.00"
"2021","2021-01-31","45189816","45189829","Total -- Excise Taxes","3478562413.75"
"2021","2021-01-31","null","45189833","Estate and Gift Taxes","1679754365.92"
"2021","2021-01-31","null","45189839","Customs Duties","5870767385.11"
"2021","2021-01-31","null","45189845","Miscellaneous Receipts:","null"
"2021","2021-02-28","45568156","45568160","Presidential Election Campaign Fund","null"
"2021","2021-02-28","45568156","45568164","Other","null"
"2021","2021-02-28","45568156","45568168","Total -- Individual Income Taxes","125827061468.63"
"2021","2021-02-28","null","45568172","Corporation Income Taxes","3779772797.78"
"2021","2021-02-28","45568176","45568180","Employment and General Retirement:","null"
"2021","2021-02-28","45568180","45568184","Federal Old-Age and Survivors Insurance Trust Fund:","null"
"2021","2021-02-28","45568184","45568188","Federal Insurance Contributions Act Taxes","63231000000.00"
"2021","2021-02-28","45568184","45568192","Self-Employment Contributions Act Taxes","422000000.00"
"2021","2021-02-28","45568184","45568200","Adjustments Attributable to Prior Years-FICA","null"
"2021","2021-02-28","45568184","45568207","Total -- Federal Old-Age and Survivors Insurance Trust Fund","63653000000.00"
"2021","2021-02-28","45568180","45568211","Federal Disability Insurance Trust Fund:","null"
"2021","2021-02-28","45568211","45568215","Federal Insurance Contributions Act Taxes","10737000000.00"
"2021","2021-02-28","45568211","45568217","Self-Employment Contributions Act Taxes","72000000.00"
"2021","2021-02-28","45568211","45568221","Adjustments Attributable to Prior Years-FICA","null"
"2021","2021-02-28","45568211","45568223","Adjustments Attributable to Prior Years-SECA","null"
"2021","2021-02-28","45568211","45568225","Total -- Federal Disability Insurance Trust Fund","10809000000.00"
"2021","2021-02-28","45568180","45568227","Federal Hospital Insurance Trust Fund:","null"
"2021","2021-02-28","45568227","45568229","Federal Insurance Contributions Act Taxes","20027000000.00"
"2021","2021-02-28","45568227","45568231","Self-Employment Contributions Act Taxes","188000000.00"
"2021","2021-02-28","45568227","45568237","Adjustments Attributable to Prior Years-FICA","null"
"2021","2021-02-28","45568227","45568239","Adjustments Attributable to Prior Years-SECA","null"
"2021","2021-01-31","45189845","45189850","Deposit of Earnings, Federal Reserve System","5114909802.05"
"2021","2021-02-28","null","45568156","Individual Income Taxes","null"
"2021","2021-01-31","45189845","45189855","Universal Service Fund","744016741.12"
"2021","2021-01-31","45189845","45189861","All Other","1560092224.93"
"2021","2021-02-28","45568227","45568241","Total -- Federal Hospital Insurance Trust Fund","20215000000.00"
"2021","2021-02-28","45568180","45568243","Railroad Retirement:","null"
"2021","2021-02-28","45568243","45568245","Rail Pension and Supplemental Annuity","357955597.13"
"2021","2021-02-28","45568243","45568247","Social Security Equivalent Account","288237041.30"
"2021","2021-02-28","45568180","45568249","Total -- Employment and General Retirement","95323192638.43"
"2021","2021-02-28","45568176","45568251","Unemployment Insurance:","null"
"2021","2021-02-28","45568251","45568253","Deposits by States","2905614010.81"
"2021","2021-02-28","45568251","45568255","Federal Unemployment Taxes","774092405.13"
"2021","2021-02-28","45568251","45568257","Railroad Unemployment Taxes","1471914.97"
"2021","2021-02-28","45568251","45568261","Total -- Unemployment Insurance","3681178330.91"
"2021","2021-02-28","45568264","45568266","Federal Employees' Retirement--Employee Share","431759004.48"
"2021","2021-02-28","45568264","45568268","Non-Federal Employees Retirement","1812047.53"
"2021","2021-02-28","45568264","45568270","Total -- Other Retirement","433571052.01"
"2021","2021-02-28","45568176","45568272","Total -- Social Insurance and Retirement Receipts","99437942021.35"
"2021","2021-02-28","null","45568274","Excise Taxes:","null"
"2021","2021-02-28","45568274","45568276","Miscellaneous Excise Taxes","565731429.45"
"2021","2021-02-28","45568274","45568278","Airport and Airway Trust Fund","1057849000.00"
"2021","2021-02-28","45568274","45568281","Highway Trust Fund","3253924096.75"
"2021","2021-02-28","45568274","45568284","Black Lung Disability Trust Fund","26245000.00"
"2021","2021-02-28","45568274","45568287","Total -- Excise Taxes","4903749526.20"
"2021","2021-02-28","null","45568290","Estate and Gift Taxes","1151533701.29"
"2021","2021-02-28","null","45568293","Customs Duties","6323345583.92"
"2021","2021-02-28","null","45568296","Miscellaneous Receipts:","null"
"2021","2021-02-28","45568296","45568299","Deposit of Earnings, Federal Reserve System","4847172672.42"
"2021","2021-02-28","45568296","45568306","All Other","1231713476.80"
"2021","2021-02-28","45568296","45568309","Total -- Miscellaneous Receipts","6890651677.01"
"2021","2021-02-28","45568156","45568158","Withheld","null"
"2021","2021-02-28","null","45568311","Total -- Receipts","248314056776.18"
"2021","2021-02-28","45568311","45568319","Total -- On-Budget","173852056776.18"
"2021","2021-02-28","45568311","45568322","Total -- Off-Budget","74462000000.00"
"2021","2021-03-31","null","45890963","Individual Income Taxes","null"
"2021","2021-03-31","null","45890973","Corporation Income Taxes","15255474247.76"
"2021","2021-03-31","45890975","45890977","Employment and General Retirement:","null"
"2021","2021-03-31","45890979","45890981","Federal Insurance Contributions Act Taxes","69129000000.00"
"2021","2021-03-31","45890979","45890987","Adjustments Attributable to Prior Years-FICA","15596311.19"
"2021","2021-03-31","45890979","45890989","Adjustments Attrbutable to Prior Years-SECA","'-614995.85"
"2021","2021-01-31","45189845","45189867","Total -- Miscellaneous Receipts","7419018768.10"
"2021","2021-01-31","null","45189873","Total -- Receipts","384650778958.12"
"2021","2021-01-31","45189873","45189878","Total -- On-Budget","295312778958.12"
"2021","2021-01-31","45189873","45189884","Total -- Off-Budget","89338000000.00"
"2021","2021-02-28","null","45568176","Social Insurance and Retirement Receipts:","null"
"2021","2021-02-28","45568184","45568203","Adjustments Attrbutable to Prior Years-SECA","null"
"2021","2021-02-28","45568176","45568264","Other Retirement:","null"
"2021","2021-02-28","45568296","45568303","Universal Service Fund","811765527.79"
"2021","2021-03-31","45890977","45890979","Federal Old-Age and Survivors Insurance Trust Fund:","null"
"2021","2021-03-31","45890979","45890983","Self-Employment Contributions Act Taxes","1164000000.00"
"2021","2021-03-31","45890963","45890965","Withheld","null"
"2021","2021-03-31","45890963","45890967","Presidential Election Campaign Fund","null"
"2021","2021-03-31","45890963","45890969","Other","null"
"2021","2021-03-31","45890963","45890971","Total -- Individual Income Taxes","120313573646.22"
"2021","2021-03-31","null","45890975","Social Insurance and Retirement Receipts:","null"
"2021","2021-03-31","45890979","45890991","Total -- Federal Old-Age and Survivors Insurance Trust Fund","70307981315.34"
"2021","2021-03-31","45890977","45890993","Federal Disability Insurance Trust Fund:","null"
"2021","2021-03-31","45890993","45890995","Federal Insurance Contributions Act Taxes","11739360000.00"
"2021","2021-03-31","45890993","45890997","Self-Employment Contributions Act Taxes","198000000.00"
"2021","2021-03-31","45890993","45891001","Adjustments Attributable to Prior Years-FICA","2268872.04"
"2021","2021-03-31","45890993","45891003","Adjustments Attributable to Prior Years-SECA","'-106809.44"
"2021","2021-03-31","45890993","45891005","Total -- Federal Disability Insurance Trust Fund","11939522062.60"
"2021","2021-03-31","45891007","45891009","Federal Insurance Contributions Act Taxes","21639000000.00"
"2021","2021-03-31","45891007","45891011","Self-Employment Contributions Act Taxes","777000000.00"
"2021","2021-03-31","45890977","45891007","Federal Hospital Insurance Trust Fund:","null"
"2021","2021-03-31","45891007","45891017","Adjustments Attributable to Prior Years-FICA","1683687.10"
"2021","2021-03-31","45891007","45891019","Adjustments Attributable to Prior Years-SECA","'-23767.57"
"2021","2021-03-31","45891007","45891021","Total -- Federal Hospital Insurance Trust Fund","22417659919.53"
"2021","2021-03-31","45890977","45891023","Railroad Retirement:","null"
"2021","2021-03-31","45891023","45891025","Rail Pension and Supplemental Annuity","297598152.32"
"2021","2021-03-31","45891023","45891027","Social Security Equivalent Account","190117947.17"
"2021","2021-03-31","45890977","45891029","Total -- Employment and General Retirement","105152879396.96"
"2021","2021-03-31","45890975","45891031","Unemployment Insurance:","null"
"2021","2021-03-31","45891031","45891033","Deposits by States","1096671142.95"
"2021","2021-03-31","45891031","45891035","Federal Unemployment Taxes","42213887.98"
"2021","2021-03-31","45891031","45891039","Railroad Unemployment Taxes","43028.89"
"2021","2021-03-31","45891031","45891047","Total -- Unemployment Insurance","1138928059.82"
"2021","2021-03-31","45890975","45891051","Other Retirement:","null"
"2021","2021-03-31","45891051","45891053","Federal Employees' Retirement--Employee Share","428714421.34"
"2021","2021-03-31","45891051","45891057","Non-Federal Employees Retirement","2032378.86"
"2021","2021-03-31","45890975","45891065","Total -- Social Insurance and Retirement Receipts","106722554256.98"
"2021","2021-03-31","null","45891069","Excise Taxes:","null"
"2021","2021-03-31","45891069","45891077","Airport and Airway Trust Fund","912057000.00"
"2021","2021-03-31","45891051","45891061","Total -- Other Retirement","430746800.20"
"2021","2021-03-31","45891069","45891073","Miscellaneous Excise Taxes","2698170145.55"
"2021","2021-03-31","45891069","45891081","Highway Trust Fund","2801557321.66"
"2021","2021-03-31","45891069","45891084","Black Lung Disability Trust Fund","22628000.00"
"2021","2021-03-31","45891069","45891086","Total -- Excise Taxes","6434412467.21"
"2021","2021-03-31","null","45891088","Estate and Gift Taxes","2447876248.41"
"2021","2021-03-31","null","45891090","Customs Duties","6275426244.54"
"2021","2021-03-31","null","45891092","Miscellaneous Receipts:","null"
"2021","2021-03-31","45891102","45891121","Total -- On-Budget","185366815705.31"
"2021","2021-03-31","45891102","45891124","Total -- Off-Budget","82247503377.94"
"2021","2021-04-30","46429708","46429716","Presidential Election Campaign Fund","null"
"2021","2021-04-30","46429708","46429720","Other","null"
"2021","2021-04-30","46429708","46429725","Total -- Individual Income Taxes","194649596434.12"
"2021","2021-04-30","null","46429727","Corporation Income Taxes","72768883362.89"
"2021","2021-04-30","null","46429734","Social Insurance and Retirement Receipts:","null"
"2021","2021-04-30","46429734","46429736","Employment and General Retirement:","null"
"2021","2021-04-30","46429736","46429744","Federal Old-Age and Survivors Insurance Trust Fund:","null"
"2021","2021-04-30","46429744","46429746","Federal Insurance Contributions Act Taxes","69463000000.00"
"2021","2021-04-30","46429744","46429761","Adjustments Attributable to Prior Years-FICA","null"
"2021","2021-04-30","46429744","46429765","Adjustments Attrbutable to Prior Years-SECA","null"
"2021","2021-04-30","46429744","46429769","Total -- Federal Old-Age and Survivors Insurance Trust Fund","87433000000.00"
"2021","2021-04-30","46429773","46429777","Federal Insurance Contributions Act Taxes","11796000000.00"
"2021","2021-04-30","46429773","46429781","Self-Employment Contributions Act Taxes","3052000000.00"
"2021","2021-04-30","46429773","46429789","Adjustments Attributable to Prior Years-FICA","null"
"2021","2021-04-30","46429773","46429791","Adjustments Attributable to Prior Years-SECA","null"
"2021","2021-04-30","46429773","46429794","Total -- Federal Disability Insurance Trust Fund","14848000000.00"
"2021","2021-04-30","46429736","46429796","Federal Hospital Insurance Trust Fund:","null"
"2021","2021-04-30","46429796","46429799","Federal Insurance Contributions Act Taxes","22664000000.00"
"2021","2021-04-30","46429796","46429801","Self-Employment Contributions Act Taxes","7997000000.00"
"2021","2021-04-30","46429796","46429811","Adjustments Attributable to Prior Years-FICA","null"
"2021","2021-04-30","46429796","46429813","Adjustments Attributable to Prior Years-SECA","null"
"2021","2021-04-30","null","46429708","Individual Income Taxes","null"
"2021","2021-04-30","46429708","46429711","Withheld","null"
"2021","2021-04-30","46429796","46429817","Total -- Federal Hospital Insurance Trust Fund","30661000000.00"
"2021","2021-04-30","46429736","46429819","Railroad Retirement:","null"
"2021","2021-04-30","46429819","46429823","Rail Pension and Supplemental Annuity","244381705.72"
"2021","2021-04-30","46429819","46429825","Social Security Equivalent Account","211487576.88"
"2021","2021-04-30","46429736","46429829","Total -- Employment and General Retirement","133397869282.60"
"2021","2021-04-30","46429734","46429831","Unemployment Insurance:","null"
"2021","2021-04-30","46429831","46429835","Deposits by States","6644277233.24"
"2021","2021-04-30","46429831","46429837","Federal Unemployment Taxes","3340368654.95"
"2021","2021-04-30","46429831","46429841","Railroad Unemployment Taxes","44985163.56"
"2021","2021-04-30","46429831","46429847","Total -- Unemployment Insurance","10029631051.75"
"2021","2021-04-30","46429734","46429849","Other Retirement:","null"
"2021","2021-04-30","46429849","46429853","Federal Employees' Retirement--Employee Share","543846323.03"
"2021","2021-04-30","46429849","46429855","Non-Federal Employees Retirement","2597842.35"
"2021","2021-04-30","46429849","46429859","Total -- Other Retirement","546444165.38"
"2021","2021-04-30","46429734","46429861","Total -- Social Insurance and Retirement Receipts","143973944499.73"
"2021","2021-04-30","null","46429865","Excise Taxes:","null"
"2021","2021-04-30","46429865","46429867","Miscellaneous Excise Taxes","4497102928.46"
"2021","2021-04-30","46429865","46429871","Airport and Airway Trust Fund","1147569150.86"
"2021","2021-04-30","46429865","46429873","Highway Trust Fund","252971863.29"
"2021","2021-04-30","46429865","46429877","Black Lung Disability Trust Fund","'-8639395.00"
"2021","2021-04-30","46429865","46429879","Total -- Excise Taxes","5889004547.61"
"2021","2021-04-30","null","46429883","Estate and Gift Taxes","4576466980.24"
"2021","2021-04-30","null","46429885","Customs Duties","7128113887.03"
"2021","2021-04-30","null","46429889","Miscellaneous Receipts:","null"
"2021","2021-04-30","46429889","46429895","Universal Service Fund","822849391.67"
"2021","2021-04-30","46429889","46429897","All Other","2133544734.68"
"2021","2021-04-30","46429889","46429901","Total -- Miscellaneous Receipts","10200185600.86"
"2021","2021-04-30","null","46429904","Total -- Receipts","439186195312.48"
"2021","2021-04-30","46429904","46429933","Total -- On-Budget","336905195312.48"
"2021","2021-04-30","46429904","46429936","Total -- Off-Budget","102281000000.00"
"2021","2021-05-31","47005164","47005168","Withheld","null"
"2021","2021-05-31","47005164","47005178","Presidential Election Campaign Fund","null"
"2021","2021-05-31","47005164","47005181","Other","null"
"2021","2021-05-31","47005202","47005205","Employment and General Retirement:","null"
"2021","2021-05-31","47005205","47005214","Federal Old-Age and Survivors Insurance Trust Fund:","null"
"2021","2021-05-31","47005214","47005217","Federal Insurance Contributions Act Taxes","67344000000.00"
"2021","2021-05-31","47005214","47005226","Self-Employment Contributions Act Taxes","863000000.00"
"2021","2021-03-31","45891092","45891094","Deposit of Earnings, Federal Reserve System","8248460139.26"
"2021","2021-03-31","45891092","45891096","Universal Service Fund","820755065.44"
"2021","2021-03-31","45891092","45891098","All Other","1095786767.43"
"2021","2021-03-31","45891092","45891100","Total -- Miscellaneous Receipts","10165001972.13"
"2021","2021-03-31","null","45891102","Total -- Receipts","267614319083.25"
"2021","2021-04-30","46429744","46429754","Self-Employment Contributions Act Taxes","17970000000.00"
"2021","2021-04-30","46429736","46429773","Federal Disability Insurance Trust Fund:","null"
"2021","2021-04-30","46429889","46429891","Deposit of Earnings, Federal Reserve System","7243791474.51"
"2021","2021-05-31","null","47005164","Individual Income Taxes","null"
"2021","2021-05-31","47005214","47005237","Adjustments Attributable to Prior Years-FICA","null"
"2021","2021-05-31","47005205","47005310","Railroad Retirement:","null"
"2021","2021-05-31","47005164","47005190","Total -- Individual Income Taxes","306460221428.19"
"2021","2021-05-31","null","47005193","Corporation Income Taxes","13807804800.64"
"2021","2021-05-31","null","47005202","Social Insurance and Retirement Receipts:","null"
"2021","2021-05-31","47005214","47005240","Adjustments Attrbutable to Prior Years-SECA","null"
"2021","2021-05-31","47005214","47005247","Total -- Federal Old-Age and Survivors Insurance Trust Fund","68207000000.00"
"2021","2021-05-31","47005205","47005249","Federal Disability Insurance Trust Fund:","null"
"2021","2021-05-31","47005249","47005255","Federal Insurance Contributions Act Taxes","11436000000.00"
"2021","2021-05-31","47005249","47005257","Self-Employment Contributions Act Taxes","147000000.00"
"2021","2021-05-31","47005249","47005271","Adjustments Attributable to Prior Years-SECA","null"
"2021","2021-05-31","47005249","47005273","Total -- Federal Disability Insurance Trust Fund","11583000000.00"
"2021","2021-05-31","47005205","47005279","Federal Hospital Insurance Trust Fund:","null"
"2021","2021-05-31","47005279","47005281","Federal Insurance Contributions Act Taxes","22101000000.00"
"2021","2021-05-31","47005279","47005296","Adjustments Attributable to Prior Years-FICA","null"
"2021","2021-05-31","47005249","47005265","Adjustments Attributable to Prior Years-FICA","null"
"2021","2021-05-31","47005279","47005287","Self-Employment Contributions Act Taxes","384000000.00"
"2021","2021-05-31","47005279","47005302","Adjustments Attributable to Prior Years-SECA","null"
"2021","2021-05-31","47005279","47005304","Total -- Federal Hospital Insurance Trust Fund","22485000000.00"
"2021","2021-05-31","47005310","47005312","Rail Pension and Supplemental Annuity","232992484.20"
"2021","2021-05-31","47005310","47005318","Social Security Equivalent Account","211577746.60"
"2021","2021-05-31","47005205","47005320","Total -- Employment and General Retirement","102719570230.80"
"2021","2021-05-31","47005202","47005326","Unemployment Insurance:","null"
"2021","2021-05-31","47005326","47005328","Deposits by States","12375070408.90"
"2021","2021-05-31","47005326","47005334","Federal Unemployment Taxes","93265083.09"
"2021","2021-05-31","47005326","47005338","Railroad Unemployment Taxes","986254.55"
"2021","2021-05-31","47005326","47005346","Total -- Unemployment Insurance","12469321746.54"
"2021","2021-05-31","47005202","47005350","Other Retirement:","null"
"2021","2021-05-31","47005350","47005355","Federal Employees' Retirement--Employee Share","437380024.70"
"2021","2021-05-31","47005350","47005361","Non-Federal Employees Retirement","2010884.96"
"2021","2021-05-31","47005350","47005366","Total -- Other Retirement","439390909.66"
"2021","2021-05-31","47005202","47005370","Total -- Social Insurance and Retirement Receipts","115628282887.00"
"2021","2021-05-31","null","47005374","Excise Taxes:","null"
"2021","2021-05-31","47005374","47005378","Miscellaneous Excise Taxes","1767362028.25"
"2021","2021-05-31","47005374","47005382","Airport and Airway Trust Fund","1537995000.00"
"2021","2021-05-31","47005374","47005385","Highway Trust Fund","3558795539.30"
"2021","2021-05-31","47005374","47005388","Black Lung Disability Trust Fund","32738000.00"
"2021","2021-05-31","47005374","47005391","Total -- Excise Taxes","6896890567.55"
"2021","2021-05-31","47005401","47005409","Universal Service Fund","1034304174.25"
"2021","2021-05-31","47005421","47005444","Total -- On-Budget","383954888353.77"
"2021","2021-05-31","47005421","47005447","Total -- Off-Budget","79790000000.00"
"2021","2021-06-30","null","47490849","Individual Income Taxes","null"
"2021","2021-06-30","47490849","47490850","Withheld","null"
"2021","2021-06-30","47490849","47490851","Presidential Election Campaign Fund","null"
"2021","2021-06-30","47490849","47490853","Other","null"
"2021","2021-06-30","47490849","47490854","Total -- Individual Income Taxes","264840197679.69"
"2021","2021-06-30","null","47490856","Corporation Income Taxes","74188859129.90"
"2021","2021-06-30","null","47490858","Social Insurance and Retirement Receipts:","null"
"2021","2021-06-30","47490858","47490861","Employment and General Retirement:","null"
"2021","2021-06-30","47490861","47490865","Federal Old-Age and Survivors Insurance Trust Fund:","null"
"2021","2021-06-30","47490865","47490869","Federal Insurance Contributions Act Taxes","73781000000.00"
"2021","2021-06-30","47490865","47490873","Self-Employment Contributions Act Taxes","6234000000.00"
"2021","2021-06-30","47490865","47490881","Adjustments Attributable to Prior Years-FICA","'-30586492706.29"
"2021","2021-06-30","47490865","47490885","Adjustments Attrbutable to Prior Years-SECA","205959228.47"
"2021","2021-06-30","47490865","47490888","Total -- Federal Old-Age and Survivors Insurance Trust Fund","49634466522.18"
"2021","2021-06-30","47490861","47490891","Federal Disability Insurance Trust Fund:","null"
"2021","2021-06-30","47490891","47490895","Federal Insurance Contributions Act Taxes","12528000000.00"
"2021","2021-06-30","47490891","47490899","Self-Employment Contributions Act Taxes","1059000000.00"
"2021","2021-06-30","47490891","47490907","Adjustments Attributable to Prior Years-FICA","'-5197008629.77"
"2021","2021-06-30","47490891","47490910","Adjustments Attributable to Prior Years-SECA","41635133.36"
"2021","2021-06-30","47490891","47490912","Total -- Federal Disability Insurance Trust Fund","8431626503.59"
"2021","2021-06-30","47490861","47490914","Federal Hospital Insurance Trust Fund:","null"
"2021","2021-06-30","47490914","47490916","Federal Insurance Contributions Act Taxes","24188000000.00"
"2021","2021-06-30","47490914","47490918","Self-Employment Contributions Act Taxes","3409000000.00"
"2021","2021-06-30","47490914","47490920","Receipts from Railroad Retirement Board","551800000.00"
"2021","2021-06-30","47490914","47490924","Adjustments Attributable to Prior Years-FICA","'-8202799279.78"
"2021","2021-06-30","47490914","47490926","Adjustments Attributable to Prior Years-SECA","75929675.08"
"2021","2021-06-30","47490914","47490928","Total -- Federal Hospital Insurance Trust Fund","20021930395.30"
"2021","2021-06-30","47490861","47490930","Railroad Retirement:","null"
"2021","2021-06-30","47490930","47490932","Rail Pension and Supplemental Annuity","262711649.18"
"2021","2021-06-30","47490930","47490934","Social Security Equivalent Account","'-368253838.05"
"2021","2021-06-30","47490861","47490936","Total -- Employment and General Retirement","77982481232.20"
"2021","2021-06-30","47490858","47490939","Unemployment Insurance:","null"
"2021","2021-06-30","47490939","47490943","Federal Unemployment Taxes","22072049.97"
"2021","2021-06-30","47490939","47490947","Railroad Unemployment Taxes","56487.81"
"2021","2021-06-30","47490939","47490953","Total -- Unemployment Insurance","1351981932.83"
"2021","2021-06-30","47490858","47490956","Other Retirement:","null"
"2021","2021-06-30","47490956","47490959","Federal Employees' Retirement--Employee Share","505039684.85"
"2021","2021-06-30","47490956","47490962","Non-Federal Employees Retirement","2367921.55"
"2021","2021-06-30","47490956","47490965","Total -- Other Retirement","507407606.40"
"2021","2021-06-30","47490858","47490968","Total -- Social Insurance and Retirement Receipts","79841870771.43"
"2021","2021-06-30","47490971","47490974","Miscellaneous Excise Taxes","1923522479.89"
"2021","2021-05-31","null","47005394","Estate and Gift Taxes","3036283722.36"
"2021","2021-05-31","null","47005397","Customs Duties","6432510562.52"
"2021","2021-05-31","null","47005401","Miscellaneous Receipts:","null"
"2021","2021-05-31","47005401","47005405","Deposit of Earnings, Federal Reserve System","9200808501.77"
"2021","2021-05-31","47005401","47005413","All Other","1247781709.49"
"2021","2021-05-31","47005401","47005417","Total -- Miscellaneous Receipts","11482894385.51"
"2021","2021-06-30","47490971","47490977","Airport and Airway Trust Fund","1551879000.00"
"2021","2021-06-30","47490971","47490980","Highway Trust Fund","3591148015.26"
"2021","2021-06-30","47490971","47490983","Black Lung Disability Trust Fund","33034000.00"
"2021","2021-06-30","47490971","47490986","Total -- Excise Taxes","7099583495.15"
"2021","2021-06-30","null","47490988","Estate and Gift Taxes","2385489791.09"
"2021","2021-06-30","null","47490990","Customs Duties","7149802016.54"
"2021","2021-06-30","null","47490992","Miscellaneous Receipts:","null"
"2021","2021-06-30","47490992","47490994","Deposit of Earnings, Federal Reserve System","11090108190.29"
"2021","2021-06-30","47490992","47490996","Universal Service Fund","591188623.94"
"2021","2021-06-30","47490992","47490998","All Other","2011566786.70"
"2021","2021-07-31","47701975","47701991","Total -- Individual Income Taxes","115079841668.17"
"2021","2021-07-31","null","47701996","Corporation Income Taxes","16941651171.06"
"2021","2021-05-31","null","47005421","Total -- Receipts","463744888353.77"
"2021","2021-06-30","47490939","47490941","Deposits by States","1329853395.05"
"2021","2021-06-30","null","47490971","Excise Taxes:","null"
"2021","2021-07-31","null","47701999","Social Insurance and Retirement Receipts:","null"
"2021","2021-06-30","47490992","47491000","Total -- Miscellaneous Receipts","13692863600.93"
"2021","2021-06-30","null","47491002","Total -- Receipts","449198666484.73"
"2021","2021-06-30","47491002","47491005","Total -- On-Budget","391132573458.96"
"2021","2021-06-30","47491002","47491008","Total -- Off-Budget","58066093025.77"
"2021","2021-07-31","null","47701975","Individual Income Taxes","null"
"2021","2021-07-31","47701975","47701980","Withheld","null"
"2021","2021-07-31","47701975","47701983","Presidential Election Campaign Fund","null"
"2021","2021-07-31","47701975","47701988","Other","null"
"2021","2021-07-31","47701999","47702004","Employment and General Retirement:","null"
"2021","2021-07-31","47702004","47702007","Federal Old-Age and Survivors Insurance Trust Fund:","null"
"2021","2021-07-31","47702007","47702012","Federal Insurance Contributions Act Taxes","63644000000.00"
"2021","2021-07-31","47702007","47702015","Self-Employment Contributions Act Taxes","658000000.00"
"2021","2021-07-31","47702007","47702024","Adjustments Attributable to Prior Years-FICA","null"
"2021","2021-07-31","47702007","47702030","Adjustments Attrbutable to Prior Years-SECA","null"
"2021","2021-07-31","47702007","47702033","Total -- Federal Old-Age and Survivors Insurance Trust Fund","64302000000.00"
"2021","2021-07-31","47702004","47702039","Federal Disability Insurance Trust Fund:","null"
"2021","2021-07-31","47702039","47702041","Federal Insurance Contributions Act Taxes","10808000000.00"
"2021","2021-07-31","47702039","47702055","Adjustments Attributable to Prior Years-FICA","null"
"2021","2021-07-31","47702039","47702057","Adjustments Attributable to Prior Years-SECA","null"
"2021","2021-07-31","47702039","47702047","Self-Employment Contributions Act Taxes","112000000.00"
"2021","2021-07-31","47702039","47702063","Total -- Federal Disability Insurance Trust Fund","10920000000.00"
"2021","2021-07-31","47702004","47702065","Federal Hospital Insurance Trust Fund:","null"
"2021","2021-07-31","47702065","47702071","Federal Insurance Contributions Act Taxes","21862000000.00"
"2021","2021-07-31","47702065","47702073","Self-Employment Contributions Act Taxes","292000000.00"
"2021","2021-07-31","47702065","47702085","Adjustments Attributable to Prior Years-FICA","null"
"2021","2021-07-31","47702065","47702087","Adjustments Attributable to Prior Years-SECA","null"
"2021","2021-07-31","47702065","47702090","Total -- Federal Hospital Insurance Trust Fund","22154000000.00"
"2021","2021-07-31","47702004","47702092","Railroad Retirement:","null"
"2021","2021-07-31","47702092","47702094","Rail Pension and Supplemental Annuity","238459007.02"
"2021","2021-07-31","47702092","47702096","Social Security Equivalent Account","215041471.19"
"2021","2021-07-31","47702004","47702098","Total -- Employment and General Retirement","97829500478.21"
"2021","2021-07-31","47701999","47702100","Unemployment Insurance:","null"
"2021","2021-07-31","47702100","47702102","Deposits by States","4425342726.76"
"2021","2021-07-31","47702100","47702104","Federal Unemployment Taxes","234366960.19"
"2021","2021-07-31","47702100","47702106","Railroad Unemployment Taxes","38053171.09"
"2021","2021-07-31","47702100","47702110","Total -- Unemployment Insurance","4697762858.04"
"2021","2021-07-31","47701999","47702112","Other Retirement:","null"
"2021","2021-07-31","47702112","47702114","Federal Employees' Retirement--Employee Share","469206378.10"
"2021","2021-07-31","47702112","47702116","Non-Federal Employees Retirement","2295899.59"
"2021","2021-07-31","47702112","47702118","Total -- Other Retirement","471502277.69"
"2021","2021-07-31","47701999","47702120","Total -- Social Insurance and Retirement Receipts","102998765613.94"
"2021","2021-07-31","null","47702122","Excise Taxes:","null"
"2021","2021-07-31","47702122","47702124","Miscellaneous Excise Taxes","2772493348.71"
"2021","2021-07-31","47702122","47702126","Airport and Airway Trust Fund","1509655951.62"
"2021","2021-07-31","47702122","47702128","Highway Trust Fund","2523144323.83"
"2021","2021-07-31","47702122","47702130","Black Lung Disability Trust Fund","16355266.00"
"2021","2021-07-31","47702122","47702133","Total -- Excise Taxes","6821648890.16"
"2021","2021-07-31","null","47702135","Estate and Gift Taxes","1503038606.34"
"2021","2021-07-31","null","47702138","Customs Duties","7508859269.97"
"2021","2021-07-31","null","47702140","Miscellaneous Receipts:","null"
"2021","2021-07-31","47702154","47702183","Total -- On-Budget","186777699619.61"
"2021","2021-07-31","47702140","47702142","Deposit of Earnings, Federal Reserve System","9502641143.63"
"2021","2021-08-31","null","47895126","Individual Income Taxes","null"
"2021","2021-08-31","47895126","47895128","Withheld","null"
"2021","2021-08-31","null","47895136","Corporation Income Taxes","3032509989.10"
"2021","2021-08-31","47895138","47895140","Employment and General Retirement:","null"
"2021","2021-08-31","47895140","47895142","Federal Old-Age and Survivors Insurance Trust Fund:","null"
"2021","2021-08-31","47895142","47895146","Self-Employment Contributions Act Taxes","749000000.00"
"2021","2021-08-31","47895142","47895150","Adjustments Attributable to Prior Years-FICA","null"
"2021","2021-08-31","47895142","47895152","Adjustments Attrbutable to Prior Years-SECA","null"
"2021","2021-08-31","47895142","47895154","Total -- Federal Old-Age and Survivors Insurance Trust Fund","65948000000.00"
"2021","2021-08-31","47895140","47895156","Federal Disability Insurance Trust Fund:","null"
"2021","2021-08-31","47895156","47895158","Federal Insurance Contributions Act Taxes","11072000000.00"
"2021","2021-08-31","47895156","47895160","Self-Employment Contributions Act Taxes","127000000.00"
"2021","2021-08-31","47895156","47895164","Adjustments Attributable to Prior Years-FICA","null"
"2021","2021-08-31","47895156","47895166","Adjustments Attributable to Prior Years-SECA","null"
"2021","2021-08-31","47895156","47895168","Total -- Federal Disability Insurance Trust Fund","11199000000.00"
"2021","2021-08-31","47895140","47895170","Federal Hospital Insurance Trust Fund:","null"
"2021","2021-08-31","47895170","47895172","Federal Insurance Contributions Act Taxes","22480000000.00"
"2021","2021-08-31","47895170","47895174","Self-Employment Contributions Act Taxes","333000000.00"
"2021","2021-08-31","47895170","47895176","Receipts from Railroad Retirement Board","null"
"2021","2021-08-31","47895170","47895180","Adjustments Attributable to Prior Years-FICA","null"
"2021","2021-08-31","47895170","47895182","Adjustments Attributable to Prior Years-SECA","null"
"2021","2021-08-31","47895170","47895185","Total -- Federal Hospital Insurance Trust Fund","22813000000.00"
"2021","2021-08-31","47895140","47895189","Railroad Retirement:","null"
"2021","2021-08-31","47895189","47895194","Rail Pension and Supplemental Annuity","260260862.18"
"2021","2021-08-31","47895189","47895199","Social Security Equivalent Account","205935017.77"
"2021","2021-08-31","47895140","47895204","Total -- Employment and General Retirement","100426195879.95"
"2021","2021-08-31","47895138","47895209","Unemployment Insurance:","null"
"2021","2021-08-31","47895209","47895214","Deposits by States","5446131844.96"
"2021","2021-08-31","47895209","47895219","Federal Unemployment Taxes","576370836.09"
"2021","2021-07-31","47702140","47702144","Universal Service Fund","836185997.50"
"2021","2021-08-31","47895126","47895130","Presidential Election Campaign Fund","null"
"2021","2021-08-31","47895209","47895222","Railroad Unemployment Taxes","8662484.88"
"2021","2021-08-31","47895209","47895228","Total -- Unemployment Insurance","6031165165.93"
"2021","2021-08-31","47895138","47895233","Other Retirement:","null"
"2021","2021-08-31","47895233","47895238","Federal Employees' Retirement--Employee Share","451636110.61"
"2021","2021-08-31","47895233","47895243","Non-Federal Employees Retirement","2081674.97"
"2021","2021-08-31","47895126","47895132","Other","null"
"2021","2021-08-31","47895233","47895250","Total -- Other Retirement","453717785.58"
"2021","2021-08-31","47895138","47895255","Total -- Social Insurance and Retirement Receipts","106911078831.46"
"2021","2021-08-31","null","47895258","Excise Taxes:","null"
"2021","2021-08-31","47895258","47895260","Miscellaneous Excise Taxes","1968560350.22"
"2021","2021-08-31","47895258","47895262","Airport and Airway Trust Fund","1427804000.00"
"2021","2021-08-31","47895258","47895264","Highway Trust Fund","4011878186.16"
"2021","2021-08-31","47895258","47895266","Black Lung Disability Trust Fund","33032000.00"
"2021","2021-08-31","47895258","47895268","Total -- Excise Taxes","7441274536.38"
"2021","2021-08-31","null","47895270","Estate and Gift Taxes","1727671943.18"
"2021","2021-08-31","null","47895272","Customs Duties","7270443116.84"
"2021","2021-08-31","47895274","47895276","Deposit of Earnings, Federal Reserve System","10408799885.47"
"2021","2021-08-31","47895274","47895278","Universal Service Fund","740240049.60"
"2021","2021-08-31","47895274","47895280","All Other","6999484113.33"
"2021","2021-07-31","47702140","47702148","All Other","807067258.84"
"2021","2021-07-31","47702140","47702150","Total -- Miscellaneous Receipts","11145894399.97"
"2021","2021-07-31","null","47702154","Total -- Receipts","261999699619.61"
"2021","2021-08-31","47895126","47895134","Total -- Individual Income Taxes","123846580432.43"
"2021","2021-08-31","47895274","47895282","Total -- Miscellaneous Receipts","18148524048.40"
"2021","2021-08-31","null","47895284","Total -- Receipts","268378082897.79"
"2021","2021-08-31","47895284","47895289","Total -- On-Budget","191231082897.79"
"2021","2021-07-31","47702154","47702187","Total -- Off-Budget","75222000000.00"
"2021","2021-08-31","null","47895138","Social Insurance and Retirement Receipts:","null"
"2021","2021-08-31","47895142","47895144","Federal Insurance Contributions Act Taxes","65199000000.00"
"2021","2021-08-31","null","47895274","Miscellaneous Receipts:","null"
"2021","2021-08-31","47895284","47895292","Total -- Off-Budget","77147000000.00"
"2021","2021-09-30","null","48213618","Individual Income Taxes","null"
"2021","2021-09-30","48213618","48213620","Withheld","null"
"2021","2021-09-30","48213618","48213622","Presidential Election Campaign Fund","null"
"2021","2021-09-30","48213618","48213624","Other","null"
"2021","2021-09-30","48213618","48213626","Total -- Individual Income Taxes","214787822728.66"
"2021","2021-09-30","null","48213628","Corporation Income Taxes","86712836649.35"
"2021","2021-09-30","null","48213630","Social Insurance and Retirement Receipts:","null"
"2021","2021-09-30","48213630","48213632","Employment and General Retirement:","null"
"2021","2021-09-30","48213632","48213634","Federal Old-Age and Survivors Insurance Trust Fund:","null"
"2021","2021-09-30","48213634","48213636","Federal Insurance Contributions Act Taxes","67451678200.00"
"2021","2021-09-30","48213634","48213638","Self-Employment Contributions Act Taxes","7245000000.00"
"2021","2021-09-30","48213634","48213642","Adjustments Attributable to Prior Years-FICA","8775300.75"
"2021","2021-09-30","48213634","48213644","Adjustments Attrbutable to Prior Years-SECA","'-737515.81"
"2021","2021-09-30","48213634","48213646","Total -- Federal Old-Age and Survivors Insurance Trust Fund","74704715984.94"
"2021","2021-09-30","48213632","48213648","Federal Disability Insurance Trust Fund:","null"
"2021","2021-09-30","48213648","48213650","Federal Insurance Contributions Act Taxes","11450503800.00"
"2021","2021-09-30","48213648","48213652","Self-Employment Contributions Act Taxes","1230000000.00"
"2021","2021-09-30","48213648","48213656","Adjustments Attributable to Prior Years-FICA","1498112.26"
"2021","2021-09-30","48213648","48213658","Adjustments Attributable to Prior Years-SECA","'-124705.77"
"2021","2021-09-30","48213648","48213660","Total -- Federal Disability Insurance Trust Fund","12681877206.49"
"2021","2021-09-30","48213632","48213662","Federal Hospital Insurance Trust Fund:","null"
"2021","2021-09-30","48213662","48213664","Federal Insurance Contributions Act Taxes","25978000000.00"
"2021","2021-09-30","48213662","48213666","Self-Employment Contributions Act Taxes","3560000000.00"
"2021","2021-09-30","48213662","48213668","Receipts from Railroad Retirement Board","null"
"2021","2021-09-30","48213662","48213672","Adjustments Attributable to Prior Years-FICA","2060559.35"
"2021","2021-09-30","48213662","48213674","Adjustments Attributable to Prior Years-SECA","582141.92"
"2021","2021-09-30","48213662","48213676","Total -- Federal Hospital Insurance Trust Fund","29540642701.27"
"2021","2021-09-30","48213632","48213678","Railroad Retirement:","null"
"2021","2021-09-30","48213678","48213680","Rail Pension and Supplemental Annuity","238313373.79"
"2021","2021-09-30","48213678","48213682","Social Security Equivalent Account","201727229.68"
"2021","2021-09-30","48213632","48213684","Total -- Employment and General Retirement","117367276496.17"
"2021","2021-09-30","48213630","48213686","Unemployment Insurance:","null"
"2021","2021-09-30","48213686","48213688","Deposits by States","5636572136.65"
"2021","2021-09-30","48213686","48213690","Federal Unemployment Taxes","26092077.40"
"2021","2021-09-30","48213686","48213692","Railroad Unemployment Taxes","260413.49"
"2021","2021-09-30","48213686","48213696","Total -- Unemployment Insurance","5662924627.54"
"2021","2021-09-30","48213630","48213698","Other Retirement:","null"
"2021","2021-09-30","48213698","48213700","Federal Employees' Retirement--Employee Share","450648299.99"
"2021","2021-09-30","48213698","48213702","Non-Federal Employees Retirement","2310324.57"
"2021","2021-09-30","48213698","48213704","Total -- Other Retirement","452958624.56"
"2021","2021-09-30","48213630","48213706","Total -- Social Insurance and Retirement Receipts","123483159748.27"
"2021","2021-09-30","null","48213708","Excise Taxes:","null"
"2021","2021-09-30","48213708","48213710","Miscellaneous Excise Taxes","1341183353.99"
"2021","2021-09-30","48213708","48213712","Airport and Airway Trust Fund","617743751.90"
"2021","2021-09-30","48213708","48213715","Highway Trust Fund","8626641049.66"
"2021","2021-09-30","48213708","48213718","Black Lung Disability Trust Fund","38047874.00"
"2021","2021-09-30","48213708","48213720","Total -- Excise Taxes","10623616029.55"
"2021","2021-09-30","null","48213722","Estate and Gift Taxes","2432539484.27"
"2021","2021-09-30","null","48213726","Customs Duties","7857224709.83"
"2021","2021-09-30","null","48213730","Miscellaneous Receipts:","null"
"2021","2021-09-30","48213730","48213735","Deposit of Earnings, Federal Reserve System","11343882867.75"
"2021","2021-09-30","48213730","48213742","Universal Service Fund","679759353.21"
"2021","2021-09-30","48213730","48213747","All Other","1602248379.26"
"2021","2021-09-30","48213730","48213753","Total -- Miscellaneous Receipts","13625890600.22"
"2021","2021-09-30","null","48213759","Total -- Receipts","459523089950.15"
"2021","2021-09-30","48213759","48213768","Total -- On-Budget","372136496758.72"
"2021","2021-09-30","48213759","48213772","Total -- Off-Budget","87386593191.43"
"2022","2022-03-31","null","49119094","Individual Income Taxes","null"
"2022","2022-03-31","49119094","49119096","Withheld","null"
"2022","2022-03-31","49119094","49119098","Presidential Election Campaign Fund","null"
"2022","2022-03-31","49119094","49119100","Other","null"
"2022","2022-03-31","49119094","49119102","Total -- Individual Income Taxes","150572606977.36"
"2022","2022-03-31","null","49119104","Corporation Income Taxes","10187564701.23"
"2022","2022-03-31","null","49119106","Social Insurance and Retirement Receipts:","null"
"2022","2022-03-31","49119106","49119108","Employment and General Retirement:","null"
"2022","2022-03-31","49119108","49119110","Federal Old-Age and Survivors Insurance Trust Fund:","null"
"2022","2022-03-31","49119110","49119112","Federal Insurance Contributions Act Taxes","75244000000.00"
"2022","2022-03-31","49119110","49119114","Self-Employment Contributions Act Taxes","1346000000.00"
"2022","2022-03-31","49119110","49119118","Adjustments Attributable to Prior Years-FICA","15470776.22"
"2022","2022-03-31","49119110","49119120","Adjustments Attrbutable to Prior Years-SECA","'-113445.78"
"2022","2022-03-31","49119110","49119122","Total -- Federal Old-Age and Survivors Insurance Trust Fund","76605357330.44"
"2022","2022-03-31","49119108","49119124","Federal Disability Insurance Trust Fund:","null"
"2022","2022-03-31","49119124","49119126","Federal Insurance Contributions Act Taxes","12778000000.00"
"2022","2022-03-31","49119124","49119128","Self-Employment Contributions Act Taxes","229000000.00"
"2022","2022-03-31","49119124","49119132","Adjustments Attributable to Prior Years-FICA","2602252.92"
"2022","2022-03-31","49119124","49119134","Adjustments Attributable to Prior Years-SECA","'-21522.87"
"2022","2022-03-31","49119124","49119136","Total -- Federal Disability Insurance Trust Fund","13009580730.05"
"2022","2022-03-31","49119108","49119138","Federal Hospital Insurance Trust Fund:","null"
"2022","2022-03-31","49119138","49119140","Federal Insurance Contributions Act Taxes","24426000000.00"
"2022","2022-03-31","49119138","49119142","Self-Employment Contributions Act Taxes","825000000.00"
"2022","2022-03-31","49119138","49119148","Adjustments Attributable to Prior Years-FICA","1590886.77"
"2022","2022-03-31","49119138","49119150","Adjustments Attributable to Prior Years-SECA","785677.46"
"2022","2022-03-31","49119138","49119152","Total -- Federal Hospital Insurance Trust Fund","25253376564.23"
"2022","2022-03-31","49119108","49119154","Railroad Retirement:","null"
"2022","2022-03-31","49119154","49119156","Rail Pension and Supplemental Annuity","314788949.82"
"2022","2022-03-31","49119154","49119158","Social Security Equivalent Account","172396649.26"
"2022","2022-03-31","49119108","49119160","Total -- Employment and General Retirement","115355500223.80"
"2022","2022-03-31","49119106","49119163","Unemployment Insurance:","null"
"2022","2022-03-31","49119163","49119167","Deposits by States","4236600532.56"
"2022","2022-03-31","49119163","49119173","Federal Unemployment Taxes","49208873.68"
"2022","2022-03-31","49119163","49119181","Railroad Unemployment Taxes","413855.98"
"2022","2022-03-31","49119163","49119197","Total -- Unemployment Insurance","4286223262.22"
"2022","2022-03-31","49119106","49119205","Other Retirement:","null"
"2022","2022-03-31","49119205","49119213","Federal Employees' Retirement--Employee Share","469077098.68"
"2022","2022-03-31","49119205","49119221","Non-Federal Employees Retirement","2029419.21"
"2022","2022-03-31","49119205","49119229","Total -- Other Retirement","471106517.89"
"2022","2022-03-31","49119106","49119235","Total -- Social Insurance and Retirement Receipts","120112830003.91"
"2022","2022-03-31","null","49119241","Excise Taxes:","null"
"2022","2022-03-31","49119241","49119247","Miscellaneous Excise Taxes","3155432975.99"
"2022","2022-03-31","49119241","49119253","Airport and Airway Trust Fund","479599000.00"
"2022","2022-03-31","49119241","49119259","Highway Trust Fund","3781842731.48"
"2022","2022-03-31","49119241","49119265","Black Lung Disability Trust Fund","9194000.00"
"2022","2022-03-31","49119241","49119271","Total -- Excise Taxes","7426068707.47"
"2022","2022-03-31","null","49119277","Estate and Gift Taxes","3614533394.93"
"2022","2022-03-31","null","49119283","Customs Duties","8151250444.13"
"2022","2022-03-31","null","49119289","Miscellaneous Receipts:","null"
"2022","2022-03-31","49119289","49119295","Deposit of Earnings, Federal Reserve System","13125946534.94"
"2022","2022-03-31","49119289","49119301","Universal Service Fund","622624173.37"
"2022","2022-03-31","49119289","49119307","All Other","1358731227.38"
"2022","2022-03-31","49119289","49119313","Total -- Miscellaneous Receipts","15107301935.69"
"2022","2022-03-31","null","49119319","Total -- Receipts","315172156164.72"
"2022","2022-03-31","49119319","49119336","Total -- On-Budget","225557218104.23"
"2022","2022-03-31","49119319","49119339","Total -- Off-Budget","89614938060.49"
"2022","2022-04-30","null","49306786","Individual Income Taxes","null"
"2022","2022-04-30","49306786","49306787","Withheld","null"
"2022","2022-04-30","49306786","49306788","Presidential Election Campaign Fund","null"
"2022","2022-04-30","49306786","49306790","Other","null"
"2022","2022-04-30","49306786","49306792","Total -- Individual Income Taxes","593289832105.08"
"2022","2022-04-30","null","49306794","Corporation Income Taxes","88530643163.13"
"2022","2022-04-30","null","49306796","Social Insurance and Retirement Receipts:","null"
"2022","2022-04-30","49306796","49306798","Employment and General Retirement:","null"
"2022","2022-04-30","49306798","49306800","Federal Old-Age and Survivors Insurance Trust Fund:","null"
"2022","2022-04-30","49306800","49306802","Federal Insurance Contributions Act Taxes","74251000000.00"
"2022","2022-04-30","49306800","49306804","Self-Employment Contributions Act Taxes","19629000000.00"
"2022","2022-04-30","49306800","49306808","Adjustments Attributable to Prior Years-FICA","null"
"2022","2022-04-30","49306800","49306810","Adjustments Attrbutable to Prior Years-SECA","null"
"2022","2022-04-30","49306800","49306812","Total -- Federal Old-Age and Survivors Insurance Trust Fund","93880000000.00"
"2022","2022-04-30","49306798","49306814","Federal Disability Insurance Trust Fund:","null"
"2022","2022-04-30","49306814","49306816","Federal Insurance Contributions Act Taxes","12609000000.00"
"2022","2022-04-30","49306814","49306818","Self-Employment Contributions Act Taxes","3333000000.00"
"2022","2022-04-30","49306814","49306822","Adjustments Attributable to Prior Years-FICA","null"
"2022","2022-04-30","49306814","49306824","Adjustments Attributable to Prior Years-SECA","null"
"2022","2022-04-30","49306814","49306826","Total -- Federal Disability Insurance Trust Fund","15942000000.00"
"2022","2022-04-30","49306798","49306828","Federal Hospital Insurance Trust Fund:","null"
"2022","2022-04-30","49306828","49306830","Federal Insurance Contributions Act Taxes","24977000000.00"
"2022","2022-04-30","49306828","49306832","Self-Employment Contributions Act Taxes","8643000000.00"
"2022","2022-04-30","49306828","49306838","Adjustments Attributable to Prior Years-FICA","null"
"2022","2022-04-30","49306828","49306840","Adjustments Attributable to Prior Years-SECA","null"
"2022","2022-04-30","49306828","49306842","Total -- Federal Hospital Insurance Trust Fund","33620000000.00"
"2022","2022-04-30","49306798","49306844","Railroad Retirement:","null"
"2022","2022-04-30","49306844","49306846","Rail Pension and Supplemental Annuity","252293429.46"
"2022","2022-04-30","49306844","49306848","Social Security Equivalent Account","243167195.74"
"2022","2022-04-30","49306798","49306850","Total -- Employment and General Retirement","143937460625.20"
"2022","2022-04-30","49306796","49306852","Unemployment Insurance:","null"
"2022","2022-04-30","49306852","49306854","Deposits by States","4225820341.24"
"2022","2022-04-30","49306852","49306856","Federal Unemployment Taxes","818245102.62"
"2022","2022-04-30","49306852","49306858","Railroad Unemployment Taxes","64862052.41"
"2022","2022-04-30","49306852","49306862","Total -- Unemployment Insurance","5108927496.27"
"2022","2022-04-30","49306796","49306864","Other Retirement:","null"
"2022","2022-04-30","49306864","49306866","Federal Employees' Retirement--Employee Share","592542363.34"
"2022","2022-04-30","49306864","49306868","Non-Federal Employees Retirement","2098091.55"
"2022","2022-04-30","49306864","49306870","Total -- Other Retirement","594640454.89"
"2022","2022-04-30","49306796","49306872","Total -- Social Insurance and Retirement Receipts","149641028576.36"
"2022","2022-04-30","null","49306874","Excise Taxes:","null"
"2022","2022-04-30","49306874","49306876","Miscellaneous Excise Taxes","1483742947.02"
"2022","2022-04-30","49306874","49306878","Airport and Airway Trust Fund","577583000.00"
"2022","2022-04-30","49306874","49306880","Highway Trust Fund","4553628161.02"
"2022","2022-04-30","49306874","49306882","Black Lung Disability Trust Fund","11072000.00"
"2022","2022-04-30","49306874","49306884","Total -- Excise Taxes","6626026108.04"
"2022","2022-04-30","null","49306886","Estate and Gift Taxes","4184483662.68"
"2022","2022-04-30","null","49306888","Customs Duties","9162389967.96"
"2022","2022-04-30","null","49306890","Miscellaneous Receipts:","null"
"2022","2022-04-30","49306890","49306892","Deposit of Earnings, Federal Reserve System","10294285400.85"
"2022","2022-04-30","49306890","49306894","Universal Service Fund","619633728.23"
"2022","2022-04-30","49306890","49306896","All Other","1300285850.77"
"2022","2022-04-30","49306890","49306898","Total -- Miscellaneous Receipts","12214204979.85"
"2022","2022-04-30","null","49306900","Total -- Receipts","863648608563.10"
"2022","2022-04-30","49306900","49306903","Total -- On-Budget","753826608563.10"
"2022","2022-04-30","49306900","49306906","Total -- Off-Budget","109822000000.00"
"2022","2022-05-31","null","49499116","Individual Income Taxes","null"
"2022","2022-05-31","49499116","49499119","Withheld","null"
"2022","2022-05-31","49499116","49499121","Presidential Election Campaign Fund","null"
"2022","2022-05-31","49499116","49499123","Other","null"
"2022","2022-05-31","49499116","49499126","Total -- Individual Income Taxes","216881662181.79"
"2022","2022-05-31","null","49499130","Corporation Income Taxes","7707517846.55"
"2022","2022-05-31","null","49499134","Social Insurance and Retirement Receipts:","null"
"2022","2022-05-31","49499134","49499138","Employment and General Retirement:","null"
"2022","2022-05-31","49499138","49499142","Federal Old-Age and Survivors Insurance Trust Fund:","null"
"2022","2022-05-31","49499142","49499147","Federal Insurance Contributions Act Taxes","71960000000.00"
"2022","2022-05-31","49499142","49499151","Self-Employment Contributions Act Taxes","942000000.00"
"2022","2022-05-31","49499142","49499161","Adjustments Attributable to Prior Years-FICA","null"
"2022","2022-05-31","49499142","49499166","Adjustments Attrbutable to Prior Years-SECA","null"
"2022","2022-05-31","49499142","49499171","Total -- Federal Old-Age and Survivors Insurance Trust Fund","72902000000.00"
"2022","2022-05-31","49499138","49499176","Federal Disability Insurance Trust Fund:","null"
"2022","2022-05-31","49499176","49499180","Federal Insurance Contributions Act Taxes","12220000000.00"
"2022","2022-05-31","49499176","49499183","Self-Employment Contributions Act Taxes","160000000.00"
"2022","2022-05-31","49499176","49499189","Adjustments Attributable to Prior Years-FICA","null"
"2022","2022-05-31","49499176","49499192","Adjustments Attributable to Prior Years-SECA","null"
"2022","2022-05-31","49499176","49499195","Total -- Federal Disability Insurance Trust Fund","12380000000.00"
"2022","2022-05-31","49499138","49499198","Federal Hospital Insurance Trust Fund:","null"
"2022","2022-05-31","49499198","49499201","Federal Insurance Contributions Act Taxes","24359000000.00"
"2022","2022-05-31","49499198","49499203","Self-Employment Contributions Act Taxes","415000000.00"
"2022","2022-05-31","49499198","49499209","Adjustments Attributable to Prior Years-FICA","null"
"2022","2022-05-31","49499198","49499211","Adjustments Attributable to Prior Years-SECA","null"
"2022","2022-05-31","49499198","49499213","Total -- Federal Hospital Insurance Trust Fund","24774000000.00"
"2022","2022-05-31","49499138","49499215","Railroad Retirement:","null"
"2022","2022-05-31","49499215","49499217","Rail Pension and Supplemental Annuity","277962823.30"
"2022","2022-05-31","49499215","49499219","Social Security Equivalent Account","219671186.74"
"2022","2022-05-31","49499138","49499221","Total -- Employment and General Retirement","110553634010.04"
"2022","2022-05-31","49499134","49499223","Unemployment Insurance:","null"
"2022","2022-05-31","49499223","49499225","Deposits by States","17422027113.36"
"2022","2022-05-31","49499223","49499227","Federal Unemployment Taxes","2969441833.19"
"2022","2022-05-31","49499223","49499229","Railroad Unemployment Taxes","25643889.13"
"2022","2022-05-31","49499223","49499233","Total -- Unemployment Insurance","20417112835.68"
"2022","2022-05-31","49499134","49499235","Other Retirement:","null"
"2022","2022-05-31","49499235","49499238","Federal Employees' Retirement--Employee Share","555615690.01"
"2022","2022-05-31","49499235","49499240","Non-Federal Employees Retirement","1794497.00"
"2022","2022-05-31","49499235","49499242","Total -- Other Retirement","557410187.01"
"2022","2022-05-31","49499134","49499246","Total -- Social Insurance and Retirement Receipts","131528157032.73"
"2022","2022-05-31","null","49499250","Excise Taxes:","null"
"2022","2022-05-31","49499250","49499253","Miscellaneous Excise Taxes","5619287496.77"
"2022","2022-05-31","49499250","49499256","Airport and Airway Trust Fund","'-779033564.84"
"2022","2022-05-31","49499250","49499260","Highway Trust Fund","3215212657.47"
"2022","2022-05-31","49499250","49499264","Black Lung Disability Trust Fund","'-9455508.00"
"2022","2022-05-31","49499250","49499268","Total -- Excise Taxes","8046011081.40"
"2022","2022-05-31","null","49499271","Estate and Gift Taxes","3172978642.69"
"2022","2022-05-31","null","49499274","Customs Duties","8095390673.38"
"2022","2022-05-31","null","49499277","Miscellaneous Receipts:","null"
"2022","2022-05-31","49499277","49499280","Deposit of Earnings, Federal Reserve System","11767614609.02"
"2022","2022-05-31","49499277","49499283","Universal Service Fund","561823104.82"
"2022","2022-05-31","49499277","49499287","All Other","1231992620.81"
"2022","2022-05-31","49499277","49499291","Total -- Miscellaneous Receipts","13561430334.65"
"2022","2022-05-31","null","49499295","Total -- Receipts","388993147793.19"
"2022","2022-05-31","49499295","49499304","Total -- On-Budget","303711147793.19"
"2022","2022-05-31","49499295","49499307","Total -- Off-Budget","85282000000.00"
"2022","2022-06-30","null","49748785","Individual Income Taxes","null"
"2022","2022-06-30","49748785","49748790","Withheld","null"
"2022","2022-06-30","49748785","49748793","Presidential Election Campaign Fund","null"
"2022","2022-06-30","49748785","49748796","Other","null"
"2022","2022-06-30","49748785","49748799","Total -- Individual Income Taxes","200815065184.60"
"2022","2022-06-30","null","49748802","Corporation Income Taxes","82555447608.51"
"2022","2022-06-30","null","49748806","Social Insurance and Retirement Receipts:","null"
"2022","2022-06-30","49748806","49748813","Employment and General Retirement:","null"
"2022","2022-06-30","49748813","49748817","Federal Old-Age and Survivors Insurance Trust Fund:","null"
"2022","2022-06-30","49748817","49748823","Federal Insurance Contributions Act Taxes","78830000000.00"
"2022","2022-06-30","49748817","49748827","Self-Employment Contributions Act Taxes","6817000000.00"
"2022","2022-06-30","49748817","49748838","Adjustments Attributable to Prior Years-FICA","5082544295.30"
"2022","2022-06-30","49748817","49748844","Adjustments Attrbutable to Prior Years-SECA","122425271.22"
"2022","2022-06-30","49748817","49748848","Total -- Federal Old-Age and Survivors Insurance Trust Fund","90851969566.52"
"2022","2022-06-30","49748813","49748855","Federal Disability Insurance Trust Fund:","null"
"2022","2022-06-30","49748855","49748857","Federal Insurance Contributions Act Taxes","13386000000.00"
"2022","2022-06-30","49748855","49748864","Self-Employment Contributions Act Taxes","1158000000.00"
"2022","2022-06-30","49748855","49748873","Adjustments Attributable to Prior Years-FICA","890975529.77"
"2022","2022-06-30","49748855","49748875","Adjustments Attributable to Prior Years-SECA","26120605.90"
"2022","2022-06-30","49748855","49748882","Total -- Federal Disability Insurance Trust Fund","15461096135.67"
"2022","2022-06-30","49748813","49748884","Federal Hospital Insurance Trust Fund:","null"
"2022","2022-06-30","49748884","49748891","Federal Insurance Contributions Act Taxes","26638000000.00"
"2022","2022-06-30","49748884","49748893","Self-Employment Contributions Act Taxes","3716000000.00"
"2022","2022-06-30","49748884","49748900","Receipts from Railroad Retirement Board","505300000.00"
"2022","2022-06-30","49748884","49748909","Adjustments Attributable to Prior Years-FICA","7196390110.00"
"2022","2022-06-30","49748884","49748911","Adjustments Attributable to Prior Years-SECA","67027022.04"
"2022","2022-06-30","49748884","49748915","Total -- Federal Hospital Insurance Trust Fund","38122717132.04"
"2022","2022-06-30","49748813","49748917","Railroad Retirement:","null"
"2022","2022-06-30","49748917","49748921","Rail Pension and Supplemental Annuity","270591157.67"
"2022","2022-06-30","49748917","49748923","Social Security Equivalent Account","'-321848136.45"
"2022","2022-06-30","49748813","49748928","Total -- Employment and General Retirement","144384525855.45"
"2022","2022-06-30","49748806","49748933","Unemployment Insurance:","null"
"2022","2022-06-30","49748933","49748939","Deposits by States","1605815640.11"
"2022","2022-06-30","49748933","49748945","Federal Unemployment Taxes","10263626.18"
"2022","2022-06-30","49748933","49748951","Railroad Unemployment Taxes","164190.64"
"2022","2022-06-30","49748933","49748960","Total -- Unemployment Insurance","1616243456.93"
"2022","2022-06-30","49748806","49748964","Other Retirement:","null"
"2022","2022-06-30","49748964","49748968","Federal Employees' Retirement--Employee Share","512584443.44"
"2022","2022-06-30","49748964","49748972","Non-Federal Employees Retirement","2473274.26"
"2022","2022-06-30","49748964","49748976","Total -- Other Retirement","515057717.70"
"2022","2022-06-30","49748806","49748980","Total -- Social Insurance and Retirement Receipts","146515827030.08"
"2022","2022-06-30","null","49748984","Excise Taxes:","null"
"2022","2022-06-30","49748984","49748988","Miscellaneous Excise Taxes","2244305414.39"
"2022","2022-06-30","49748984","49748992","Airport and Airway Trust Fund","651876000.00"
"2022","2022-06-30","49748984","49748996","Highway Trust Fund","4736823026.21"
"2022","2022-06-30","49748984","49748998","Black Lung Disability Trust Fund","17882000.00"
"2022","2022-06-30","49748984","49749000","Total -- Excise Taxes","7650886440.60"
"2022","2022-06-30","null","49749002","Estate and Gift Taxes","2399050978.62"
"2022","2022-06-30","null","49749004","Customs Duties","8363581564.68"
"2022","2022-06-30","null","49749006","Miscellaneous Receipts:","null"
"2022","2022-06-30","49749006","49749008","Deposit of Earnings, Federal Reserve System","10338550819.38"
"2022","2022-06-30","49749006","49749010","Universal Service Fund","560048119.03"
"2022","2022-06-30","49749006","49749012","All Other","1562954121.96"
"2022","2022-06-30","49749006","49749014","Total -- Miscellaneous Receipts","12461553060.37"
"2022","2022-06-30","null","49749016","Total -- Receipts","460761411867.46"
"2022","2022-06-30","49749016","49749040","Total -- On-Budget","354448346165.27"
"2022","2022-06-30","49749016","49749043","Total -- Off-Budget","106313065702.19"
"2022","2022-07-31","null","49918239","Individual Income Taxes","null"
"2022","2022-07-31","49918239","49918240","Withheld","null"
"2022","2022-07-31","49918239","49918241","Presidential Election Campaign Fund","null"
"2022","2022-07-31","49918239","49918243","Other","null"
"2022","2022-07-31","49918239","49918245","Total -- Individual Income Taxes","128011595001.82"
"2022","2022-07-31","null","49918247","Corporation Income Taxes","8235124088.02"
"2022","2022-07-31","null","49918249","Social Insurance and Retirement Receipts:","null"
"2022","2022-07-31","49918249","49918251","Employment and General Retirement:","null"
"2022","2022-07-31","49918251","49918253","Federal Old-Age and Survivors Insurance Trust Fund:","null"
"2022","2022-07-31","49918253","49918255","Federal Insurance Contributions Act Taxes","67680000000.00"
"2022","2022-07-31","49918253","49918257","Self-Employment Contributions Act Taxes","719000000.00"
"2022","2022-07-31","49918253","49918261","Adjustments Attributable to Prior Years-FICA","null"
"2022","2022-07-31","49918253","49918263","Adjustments Attrbutable to Prior Years-SECA","null"
"2022","2022-07-31","49918253","49918265","Total -- Federal Old-Age and Survivors Insurance Trust Fund","68399000000.00"
"2022","2022-07-31","49918251","49918267","Federal Disability Insurance Trust Fund:","null"
"2022","2022-07-31","49918267","49918269","Federal Insurance Contributions Act Taxes","11493000000.00"
"2022","2022-07-31","49918267","49918271","Self-Employment Contributions Act Taxes","122000000.00"
"2022","2022-07-31","49918267","49918275","Adjustments Attributable to Prior Years-FICA","null"
"2022","2022-07-31","49918267","49918277","Adjustments Attributable to Prior Years-SECA","null"
"2022","2022-07-31","49918267","49918279","Total -- Federal Disability Insurance Trust Fund","11615000000.00"
"2022","2022-07-31","49918251","49918281","Federal Hospital Insurance Trust Fund:","null"
"2022","2022-07-31","49918281","49918283","Federal Insurance Contributions Act Taxes","23994000000.00"
"2022","2022-07-31","49918281","49918285","Self-Employment Contributions Act Taxes","316000000.00"
"2022","2022-07-31","49918281","49918287","Receipts from Railroad Retirement Board","null"
"2022","2022-07-31","49918281","49918291","Adjustments Attributable to Prior Years-FICA","null"
"2022","2022-07-31","49918281","49918293","Adjustments Attributable to Prior Years-SECA","null"
"2022","2022-07-31","49918281","49918295","Total -- Federal Hospital Insurance Trust Fund","24310000000.00"
"2022","2022-07-31","49918251","49918297","Railroad Retirement:","null"
"2022","2022-07-31","49918297","49918299","Rail Pension and Supplemental Annuity","238122306.02"
"2022","2022-07-31","49918297","49918301","Social Security Equivalent Account","232112804.60"
"2022","2022-07-31","49918251","49918303","Total -- Employment and General Retirement","104794235110.62"
"2022","2022-07-31","49918249","49918305","Unemployment Insurance:","null"
"2022","2022-07-31","49918305","49918307","Deposits by States","2706487910.93"
"2022","2022-07-31","49918305","49918309","Federal Unemployment Taxes","247922836.64"
"2022","2022-07-31","49918305","49918311","Railroad Unemployment Taxes","70311787.27"
"2022","2022-07-31","49918305","49918315","Total -- Unemployment Insurance","3024722534.84"
"2022","2022-07-31","49918249","49918317","Other Retirement:","null"
"2022","2022-07-31","49918317","49918319","Federal Employees' Retirement--Employee Share","485842578.58"
"2022","2022-07-31","49918317","49918321","Non-Federal Employees Retirement","1428438.86"
"2022","2022-07-31","49918317","49918323","Total -- Other Retirement","487271017.44"
"2022","2022-07-31","49918249","49918325","Total -- Social Insurance and Retirement Receipts","108306228662.90"
"2022","2022-07-31","null","49918327","Excise Taxes:","null"
"2022","2022-07-31","49918327","49918329","Miscellaneous Excise Taxes","1232025671.29"
"2022","2022-07-31","49918327","49918331","Airport and Airway Trust Fund","630545000.00"
"2022","2022-07-31","49918327","49918334","Highway Trust Fund","4581002918.79"
"2022","2022-07-31","49918327","49918336","Black Lung Disability Trust Fund","17297000.00"
"2022","2022-07-31","49918327","49918338","Total -- Excise Taxes","6460870590.08"
"2022","2022-07-31","null","49918340","Estate and Gift Taxes","2630073762.89"
"2022","2022-07-31","null","49918342","Customs Duties","8530321539.33"
"2022","2022-07-31","null","49918344","Miscellaneous Receipts:","null"
"2022","2022-07-31","49918344","49918347","Deposit of Earnings, Federal Reserve System","5922089389.83"
"2022","2022-07-31","49918344","49918351","Universal Service Fund","564570959.17"
"2022","2022-07-31","49918344","49918354","All Other","674179897.54"
"2022","2022-07-31","49918344","49918358","Total -- Miscellaneous Receipts","7160840246.54"
"2022","2022-07-31","null","49918362","Total -- Receipts","269335053891.58"
"2022","2022-07-31","49918362","49918365","Total -- On-Budget","189321053891.58"
"2022","2022-07-31","49918362","49918368","Total -- Off-Budget","80014000000.00"
"2022","2022-08-31","null","50168505","Individual Income Taxes","null"
"2022","2022-08-31","50168505","50168506","Withheld","null"
"2022","2022-08-31","50168505","50168508","Presidential Election Campaign Fund","null"
"2022","2022-08-31","50168505","50168510","Other","null"
"2022","2022-08-31","50168505","50168512","Total -- Individual Income Taxes","140935655362.90"
"2022","2022-08-31","null","50168514","Corporation Income Taxes","4635779225.60"
"2022","2022-08-31","null","50168516","Social Insurance and Retirement Receipts:","null"
"2022","2022-08-31","50168516","50168518","Employment and General Retirement:","null"
"2022","2022-08-31","50168518","50168520","Federal Old-Age and Survivors Insurance Trust Fund:","null"
"2022","2022-08-31","50168520","50168522","Federal Insurance Contributions Act Taxes","72844000000.00"
"2022","2022-08-31","50168520","50168524","Self-Employment Contributions Act Taxes","824000000.00"
"2022","2022-08-31","50168520","50168530","Adjustments Attributable to Prior Years-FICA","null"
"2022","2022-08-31","50168520","50168532","Adjustments Attrbutable to Prior Years-SECA","null"
"2022","2022-08-31","50168520","50168538","Total -- Federal Old-Age and Survivors Insurance Trust Fund","73668000000.00"
"2022","2022-08-31","50168518","50168544","Federal Disability Insurance Trust Fund:","null"
"2022","2022-08-31","50168544","50168550","Federal Insurance Contributions Act Taxes","12370000000.00"
"2022","2022-08-31","50168544","50168556","Self-Employment Contributions Act Taxes","140000000.00"
"2022","2022-08-31","50168544","50168567","Adjustments Attributable to Prior Years-FICA","null"
"2022","2022-08-31","50168544","50168570","Adjustments Attributable to Prior Years-SECA","null"
"2022","2022-08-31","50168544","50168575","Total -- Federal Disability Insurance Trust Fund","12510000000.00"
"2022","2022-08-31","50168518","50168579","Federal Hospital Insurance Trust Fund:","null"
"2022","2022-08-31","50168579","50168583","Federal Insurance Contributions Act Taxes","26495000000.00"
"2022","2022-08-31","50168579","50168587","Self-Employment Contributions Act Taxes","368000000.00"
"2022","2022-08-31","50168579","50168591","Receipts from Railroad Retirement Board","null"
"2022","2022-08-31","50168579","50168599","Adjustments Attributable to Prior Years-FICA","null"
"2022","2022-08-31","50168579","50168603","Adjustments Attributable to Prior Years-SECA","null"
"2022","2022-08-31","50168579","50168608","Total -- Federal Hospital Insurance Trust Fund","26863000000.00"
"2022","2022-08-31","50168518","50168612","Railroad Retirement:","null"
"2022","2022-08-31","50168612","50168617","Rail Pension and Supplemental Annuity","262588807.97"
"2022","2022-08-31","50168612","50168623","Social Security Equivalent Account","209122416.12"
"2022","2022-08-31","50168518","50168627","Total -- Employment and General Retirement","113512711224.09"
"2022","2022-08-31","50168516","50168630","Unemployment Insurance:","null"
"2022","2022-08-31","50168630","50168633","Deposits by States","8234972330.61"
"2022","2022-08-31","50168630","50168636","Federal Unemployment Taxes","615688164.43"
"2022","2022-08-31","50168630","50168639","Railroad Unemployment Taxes","22803222.34"
"2022","2022-08-31","50168630","50168644","Total -- Unemployment Insurance","8873463717.38"
"2022","2022-08-31","50168516","50168646","Other Retirement:","null"
"2022","2022-08-31","50168646","50168648","Federal Employees' Retirement--Employee Share","484142285.26"
"2022","2022-08-31","50168646","50168650","Non-Federal Employees Retirement","2476312.11"
"2022","2022-08-31","50168646","50168653","Total -- Other Retirement","486618597.37"
"2022","2022-08-31","50168516","50168656","Total -- Social Insurance and Retirement Receipts","122872793538.84"
"2022","2022-08-31","null","50168658","Excise Taxes:","null"
"2022","2022-08-31","50168658","50168660","Miscellaneous Excise Taxes","3124523484.42"
"2022","2022-08-31","50168658","50168663","Airport and Airway Trust Fund","3650679926.53"
"2022","2022-08-31","50168658","50168665","Highway Trust Fund","1757239808.15"
"2022","2022-08-31","50168658","50168667","Black Lung Disability Trust Fund","19680461.00"
"2022","2022-08-31","50168658","50168669","Total -- Excise Taxes","8552123680.10"
"2022","2022-08-31","null","50168671","Estate and Gift Taxes","2426342484.39"
"2022","2022-08-31","null","50168675","Customs Duties","8455571828.81"
"2022","2022-08-31","null","50168679","Miscellaneous Receipts:","null"
"2022","2022-08-31","50168679","50168682","Deposit of Earnings, Federal Reserve System","6611842300.56"
"2022","2022-08-31","50168679","50168685","Universal Service Fund","617057955.81"
"2022","2022-08-31","50168679","50168689","All Other","8619234217.83"
"2022","2022-08-31","50168679","50168693","Total -- Miscellaneous Receipts","15848134474.20"
"2022","2022-08-31","null","50168697","Total -- Receipts","303726400594.84"
"2022","2022-08-31","50168697","50168706","Total -- On-Budget","217548400594.84"
"2022","2022-08-31","50168697","50168709","Total -- Off-Budget","86178000000.00"
"2022","2022-09-30","null","50410086","Individual Income Taxes","null"
"2022","2022-09-30","50410086","50410088","Withheld","null"
"2022","2022-09-30","50410086","50410090","Presidential Election Campaign Fund","null"
"2022","2022-09-30","50410086","50410092","Other","null"
"2022","2022-09-30","50410086","50410094","Total -- Individual Income Taxes","227725954200.06"
"2022","2022-09-30","null","50410096","Corporation Income Taxes","105941313166.56"
"2022","2022-09-30","null","50410098","Social Insurance and Retirement Receipts:","null"
"2022","2022-09-30","50410098","50410101","Employment and General Retirement:","null"
"2022","2022-09-30","50410101","50410105","Federal Old-Age and Survivors Insurance Trust Fund:","null"
"2022","2022-09-30","50410105","50410110","Federal Insurance Contributions Act Taxes","72721869000.00"
"2022","2022-09-30","50410105","50410114","Self-Employment Contributions Act Taxes","7641000000.00"
"2022","2022-09-30","50410105","50410118","Adjustments Attributable to Prior Years-FICA","'-407967665.62"
"2022","2022-09-30","50410105","50410120","Adjustments Attrbutable to Prior Years-SECA","309846.96"
"2022","2022-09-30","50410105","50410122","Total -- Federal Old-Age and Survivors Insurance Trust Fund","79955211181.34"
"2022","2022-09-30","50410101","50410124","Federal Disability Insurance Trust Fund:","null"
"2022","2022-09-30","50410124","50410127","Federal Insurance Contributions Act Taxes","12348657000.00"
"2022","2022-09-30","50410124","50410131","Self-Employment Contributions Act Taxes","1298000000.00"
"2022","2022-09-30","50410124","50410137","Adjustments Attributable to Prior Years-FICA","'-71275601.33"
"2022","2022-09-30","50410124","50410141","Adjustments Attributable to Prior Years-SECA","49880.02"
"2022","2022-09-30","50410124","50410145","Total -- Federal Disability Insurance Trust Fund","13575431278.69"
"2022","2022-09-30","50410101","50410149","Federal Hospital Insurance Trust Fund:","null"
"2022","2022-09-30","50410149","50410152","Federal Insurance Contributions Act Taxes","28138000000.00"
"2022","2022-09-30","50410149","50410155","Self-Employment Contributions Act Taxes","3784000000.00"
"2022","2022-09-30","50410149","50410158","Receipts from Railroad Retirement Board","null"
"2022","2022-09-30","50410149","50410164","Adjustments Attributable to Prior Years-FICA","'-136374586.41"
"2022","2022-09-30","50410149","50410168","Adjustments Attributable to Prior Years-SECA","980315.35"
"2022","2022-09-30","50410149","50410172","Total -- Federal Hospital Insurance Trust Fund","31786605728.94"
"2022","2022-09-30","50410101","50410176","Railroad Retirement:","null"
"2022","2022-09-30","50410176","50410180","Rail Pension and Supplemental Annuity","281982771.30"
"2022","2022-09-30","50410176","50410184","Social Security Equivalent Account","258454890.13"
"2022","2022-09-30","50410101","50410188","Total -- Employment and General Retirement","125857685850.40"
"2022","2022-09-30","50410098","50410192","Unemployment Insurance:","null"
"2022","2022-09-30","50410192","50410196","Deposits by States","377124462.45"
"2022","2022-09-30","50410192","50410200","Federal Unemployment Taxes","22191641.00"
"2022","2022-09-30","50410192","50410204","Railroad Unemployment Taxes","221936.53"
"2022","2022-09-30","50410192","50410212","Total -- Unemployment Insurance","399538039.98"
"2022","2022-09-30","50410098","50410216","Other Retirement:","null"
"2022","2022-09-30","50410216","50410220","Federal Employees' Retirement--Employee Share","624497747.16"
"2022","2022-09-30","50410216","50410224","Non-Federal Employees Retirement","1949581.15"
"2022","2022-09-30","50410216","50410228","Total -- Other Retirement","626447328.31"
"2022","2022-09-30","50410098","50410231","Total -- Social Insurance and Retirement Receipts","126883671218.69"
"2022","2022-09-30","null","50410234","Excise Taxes:","null"
"2022","2022-09-30","50410234","50410238","Miscellaneous Excise Taxes","2820718200.60"
"2022","2022-09-30","50410234","50410241","Airport and Airway Trust Fund","1838703866.16"
"2022","2022-09-30","50410234","50410244","Highway Trust Fund","6997965154.05"
"2022","2022-09-30","50410234","50410247","Black Lung Disability Trust Fund","20848000.00"
"2022","2022-09-30","50410234","50410250","Total -- Excise Taxes","11678235220.81"
"2022","2022-09-30","null","50410253","Estate and Gift Taxes","3462429304.55"
"2022","2022-09-30","null","50410255","Customs Duties","8741053577.71"
"2022","2022-09-30","null","50410257","Miscellaneous Receipts:","null"
"2022","2022-09-30","50410257","50410259","Deposit of Earnings, Federal Reserve System","1058666243.29"
"2022","2022-09-30","50410257","50410261","Universal Service Fund","605397517.69"
"2022","2022-09-30","50410257","50410263","All Other","1626167782.68"
"2022","2022-09-30","50410257","50410265","Total -- Miscellaneous Receipts","3290231543.66"
"2022","2022-09-30","null","50410267","Total -- Receipts","487722888232.04"
"2022","2022-09-30","50410267","50410296","Total -- On-Budget","394192245772.01"
"2022","2022-09-30","50410267","50410299","Total -- Off-Budget","93530642460.03"
"2022","2021-10-31","null","48435520","Individual Income Taxes","null"
"2022","2021-10-31","48435520","48435521","Withheld","null"
"2022","2021-10-31","48435520","48435522","Presidential Election Campaign Fund","null"
"2022","2021-10-31","48435520","48435523","Other","null"
"2022","2021-10-31","48435535","48435536","Federal Insurance Contributions Act Taxes","10297000000.00"
"2022","2021-10-31","48435535","48435541","Total -- Federal Disability Insurance Trust Fund","10349000000.00"
"2022","2021-10-31","48435542","48435543","Federal Insurance Contributions Act Taxes","24738000000.00"
"2022","2021-10-31","48435542","48435544","Self-Employment Contributions Act Taxes","136000000.00"
"2022","2021-10-31","48435542","48435549","Total -- Federal Hospital Insurance Trust Fund","24874000000.00"
"2022","2021-10-31","48435527","48435550","Railroad Retirement:","null"
"2022","2021-10-31","48435550","48435551","Rail Pension and Supplemental Annuity","207643762.97"
"2022","2021-10-31","48435550","48435552","Social Security Equivalent Account","214675819.21"
"2022","2021-10-31","48435527","48435553","Total -- Employment and General Retirement","96588319582.18"
"2022","2021-10-31","48435526","48435554","Unemployment Insurance:","null"
"2022","2021-10-31","48435554","48435555","Deposits by States","2183355145.76"
"2022","2021-10-31","48435554","48435556","Federal Unemployment Taxes","217019509.77"
"2022","2021-10-31","48435554","48435557","Railroad Unemployment Taxes","32206893.30"
"2022","2021-10-31","48435554","48435559","Total -- Unemployment Insurance","2432581548.83"
"2022","2021-10-31","48435560","48435561","Federal Employees' Retirement--Employee Share","568507834.23"
"2022","2021-10-31","48435560","48435562","Non-Federal Employees Retirement","2175321.06"
"2022","2021-10-31","48435560","48435563","Total -- Other Retirement","570683155.29"
"2022","2021-10-31","48435526","48435564","Total -- Social Insurance and Retirement Receipts","99591584286.30"
"2022","2021-10-31","48435565","48435566","Miscellaneous Excise Taxes","4353738256.34"
"2022","2021-10-31","48435565","48435567","Airport and Airway Trust Fund","322419000.00"
"2022","2021-10-31","48435565","48435568","Highway Trust Fund","901904386.09"
"2022","2021-10-31","48435565","48435570","Total -- Excise Taxes","5585521642.43"
"2022","2021-10-31","null","48435571","Estate and Gift Taxes","2458044484.28"
"2022","2021-10-31","null","48435572","Customs Duties","7770037973.54"
"2022","2021-10-31","null","48435573","Miscellaneous Receipts:","null"
"2022","2021-10-31","48435573","48435574","Deposit of Earnings, Federal Reserve System","6850711704.59"
"2022","2021-10-31","48435573","48435575","Universal Service Fund","707083389.94"
"2022","2021-10-31","48435573","48435576","All Other","1349968864.19"
"2022","2021-10-31","48435573","48435577","Total -- Miscellaneous Receipts","8907763958.72"
"2022","2021-10-31","null","48435578","Total -- Receipts","283927361222.57"
"2022","2021-10-31","48435578","48435579","Total -- On-Budget","212635361222.57"
"2022","2021-10-31","48435578","48435580","Total -- Off-Budget","71292000000.00"
"2022","2021-11-30","null","48553815","Individual Income Taxes","null"
"2022","2021-11-30","48553903","48553905","Rail Pension and Supplemental Annuity","228860268.05"
"2022","2021-10-31","48435520","48435524","Total -- Individual Income Taxes","143907870360.76"
"2022","2021-10-31","null","48435525","Corporation Income Taxes","15706538516.54"
"2022","2021-10-31","null","48435526","Social Insurance and Retirement Receipts:","null"
"2022","2021-10-31","48435526","48435527","Employment and General Retirement:","null"
"2022","2021-10-31","48435527","48435528","Federal Old-Age and Survivors Insurance Trust Fund:","null"
"2022","2021-10-31","48435528","48435529","Federal Insurance Contributions Act Taxes","60639000000.00"
"2022","2021-10-31","48435528","48435530","Self-Employment Contributions Act Taxes","304000000.00"
"2022","2021-10-31","48435528","48435534","Total -- Federal Old-Age and Survivors Insurance Trust Fund","60943000000.00"
"2022","2021-10-31","48435527","48435535","Federal Disability Insurance Trust Fund:","null"
"2022","2021-10-31","48435535","48435537","Self-Employment Contributions Act Taxes","52000000.00"
"2022","2021-10-31","48435527","48435542","Federal Hospital Insurance Trust Fund:","null"
"2022","2021-10-31","48435526","48435560","Other Retirement:","null"
"2022","2021-10-31","null","48435565","Excise Taxes:","null"
"2022","2021-10-31","48435565","48435569","Black Lung Disability Trust Fund","7460000.00"
"2022","2021-11-30","48553815","48553818","Withheld","null"
"2022","2021-11-30","48553837","48553911","Unemployment Insurance:","null"
"2022","2021-11-30","48553815","48553822","Presidential Election Campaign Fund","null"
"2022","2021-11-30","48553815","48553825","Other","null"
"2022","2021-11-30","48553815","48553829","Total -- Individual Income Taxes","138186436289.81"
"2022","2021-11-30","null","48553833","Corporation Income Taxes","'-321051200.25"
"2022","2021-11-30","null","48553837","Social Insurance and Retirement Receipts:","null"
"2022","2021-11-30","48553837","48553840","Employment and General Retirement:","null"
"2022","2021-11-30","48553840","48553844","Federal Old-Age and Survivors Insurance Trust Fund:","null"
"2022","2021-11-30","48553844","48553848","Federal Insurance Contributions Act Taxes","65718000000.00"
"2022","2021-11-30","48553844","48553852","Self-Employment Contributions Act Taxes","151000000.00"
"2022","2021-11-30","48553844","48553867","Total -- Federal Old-Age and Survivors Insurance Trust Fund","65869000000.00"
"2022","2021-11-30","48553840","48553870","Federal Disability Insurance Trust Fund:","null"
"2022","2021-11-30","48553870","48553874","Federal Insurance Contributions Act Taxes","11160000000.00"
"2022","2021-11-30","48553870","48553877","Self-Employment Contributions Act Taxes","26000000.00"
"2022","2021-11-30","48553870","48553885","Total -- Federal Disability Insurance Trust Fund","11186000000.00"
"2022","2021-11-30","48553840","48553887","Federal Hospital Insurance Trust Fund:","null"
"2022","2021-11-30","48553887","48553889","Federal Insurance Contributions Act Taxes","26997000000.00"
"2022","2021-11-30","48553887","48553891","Self-Employment Contributions Act Taxes","68000000.00"
"2022","2021-11-30","48553887","48553901","Total -- Federal Hospital Insurance Trust Fund","27065000000.00"
"2022","2021-11-30","48553840","48553903","Railroad Retirement:","null"
"2022","2021-11-30","48553903","48553907","Social Security Equivalent Account","213653667.36"
"2022","2021-11-30","48553840","48553909","Total -- Employment and General Retirement","104562513935.41"
"2022","2021-11-30","48553911","48553913","Deposits by States","11007982813.41"
"2022","2021-11-30","48553911","48553915","Federal Unemployment Taxes","532718128.71"
"2022","2021-11-30","48553911","48553917","Railroad Unemployment Taxes","14120886.91"
"2022","2021-11-30","48553911","48553921","Total -- Unemployment Insurance","11554821829.03"
"2022","2021-11-30","48553837","48553923","Other Retirement:","null"
"2022","2021-11-30","48553923","48553925","Federal Employees' Retirement--Employee Share","561417169.69"
"2022","2021-11-30","48553923","48553927","Non-Federal Employees Retirement","1867317.05"
"2022","2021-11-30","48553923","48553929","Total -- Other Retirement","563284486.74"
"2022","2021-11-30","48553837","48553931","Total -- Social Insurance and Retirement Receipts","116680620251.18"
"2022","2021-11-30","null","48553933","Excise Taxes:","null"
"2022","2021-11-30","48553933","48553935","Miscellaneous Excise Taxes","1751142547.59"
"2022","2021-11-30","48553933","48553937","Airport and Airway Trust Fund","1645347000.00"
"2022","2021-11-30","48553933","48553939","Highway Trust Fund","4343774413.99"
"2022","2021-11-30","48553933","48553941","Black Lung Disability Trust Fund","34565000.00"
"2022","2021-11-30","48553933","48553943","Total -- Excise Taxes","7774828961.58"
"2022","2021-11-30","null","48553945","Estate and Gift Taxes","1803694160.44"
"2022","2021-11-30","null","48553947","Customs Duties","7816220157.21"
"2022","2021-11-30","null","48553949","Miscellaneous Receipts:","null"
"2022","2021-11-30","48553949","48553951","Deposit of Earnings, Federal Reserve System","7945040018.76"
"2022","2021-11-30","48553949","48553953","Universal Service Fund","744062378.64"
"2022","2021-11-30","48553949","48553955","All Other","578180812.45"
"2022","2021-12-31","48689204","48689207","Federal Old-Age and Survivors Insurance Trust Fund:","null"
"2022","2021-12-31","48689207","48689212","Federal Insurance Contributions Act Taxes","69999000000.00"
"2022","2021-12-31","48689207","48689219","Self-Employment Contributions Act Taxes","568000000.00"
"2022","2021-12-31","48689207","48689229","Adjustments Attributable to Prior Years-FICA","2549822938.46"
"2022","2021-12-31","48689207","48689233","Adjustments Attrbutable to Prior Years-SECA","492324569.18"
"2022","2021-12-31","48689207","48689237","Total -- Federal Old-Age and Survivors Insurance Trust Fund","73609147507.64"
"2022","2021-12-31","48689204","48689240","Federal Disability Insurance Trust Fund:","null"
"2022","2021-12-31","48689240","48689244","Federal Insurance Contributions Act Taxes","11887000000.00"
"2022","2021-12-31","48689240","48689248","Self-Employment Contributions Act Taxes","97000000.00"
"2022","2021-12-31","48689240","48689255","Adjustments Attributable to Prior Years-FICA","426309810.19"
"2022","2021-12-31","48689240","48689258","Adjustments Attributable to Prior Years-SECA","109813527.14"
"2022","2021-12-31","48689240","48689261","Total -- Federal Disability Insurance Trust Fund","12520123337.33"
"2022","2021-12-31","48689264","48689268","Federal Insurance Contributions Act Taxes","28918000000.00"
"2022","2021-12-31","48689264","48689272","Self-Employment Contributions Act Taxes","285000000.00"
"2022","2021-12-31","48689264","48689284","Adjustments Attributable to Prior Years-FICA","861382283.09"
"2022","2021-12-31","48689264","48689288","Adjustments Attributable to Prior Years-SECA","60326805.41"
"2022","2021-12-31","48689264","48689292","Total -- Federal Hospital Insurance Trust Fund","30124709088.50"
"2022","2021-12-31","48689204","48689296","Railroad Retirement:","null"
"2022","2021-12-31","48689204","48689264","Federal Hospital Insurance Trust Fund:","null"
"2022","2021-12-31","48689296","48689300","Rail Pension and Supplemental Annuity","266440350.32"
"2022","2021-12-31","48689296","48689304","Social Security Equivalent Account","379414108.87"
"2022","2021-12-31","48689204","48689308","Total -- Employment and General Retirement","116899834392.66"
"2022","2021-12-31","48689199","48689312","Unemployment Insurance:","null"
"2022","2021-12-31","48689312","48689316","Deposits by States","1497257246.80"
"2022","2021-12-31","48689312","48689320","Federal Unemployment Taxes","53983800.50"
"2022","2021-12-31","48689312","48689324","Railroad Unemployment Taxes","69517.05"
"2022","2021-12-31","48689312","48689331","Total -- Unemployment Insurance","1551310564.35"
"2022","2021-12-31","48689199","48689334","Other Retirement:","null"
"2022","2021-12-31","48689334","48689338","Federal Employees' Retirement--Employee Share","482533945.81"
"2022","2021-12-31","48689334","48689341","Non-Federal Employees Retirement","2220229.75"
"2022","2021-11-30","48553949","48553957","Total -- Miscellaneous Receipts","9267283209.85"
"2022","2021-11-30","null","48553959","Total -- Receipts","281208031829.82"
"2022","2021-11-30","48553959","48553987","Total -- On-Budget","204153031829.82"
"2022","2021-11-30","48553959","48553990","Total -- Off-Budget","77055000000.00"
"2022","2021-12-31","null","48689176","Individual Income Taxes","null"
"2022","2021-12-31","48689176","48689180","Withheld","null"
"2022","2021-12-31","48689176","48689182","Presidential Election Campaign Fund","null"
"2022","2021-12-31","48689176","48689187","Other","null"
"2022","2021-12-31","48689176","48689192","Total -- Individual Income Taxes","253303597242.13"
"2022","2021-12-31","null","48689197","Corporation Income Taxes","83285231946.99"
"2022","2021-12-31","null","48689199","Social Insurance and Retirement Receipts:","null"
"2022","2021-12-31","48689199","48689204","Employment and General Retirement:","null"
"2022","2021-12-31","48689334","48689344","Total -- Other Retirement","484754175.56"
"2022","2021-12-31","48689199","48689348","Total -- Social Insurance and Retirement Receipts","118935899132.57"
"2022","2021-12-31","null","48689351","Excise Taxes:","null"
"2022","2021-12-31","48689351","48689353","Miscellaneous Excise Taxes","1912406762.03"
"2022","2021-12-31","48689351","48689355","Airport and Airway Trust Fund","1432845000.00"
"2022","2021-12-31","48689351","48689357","Highway Trust Fund","3779357323.68"
"2022","2021-12-31","48689351","48689359","Black Lung Disability Trust Fund","30101000.00"
"2022","2021-12-31","48689351","48689361","Total -- Excise Taxes","7154710085.71"
"2022","2021-12-31","null","48689363","Estate and Gift Taxes","2353316226.94"
"2022","2021-12-31","null","48689365","Customs Duties","8186607425.89"
"2022","2021-12-31","null","48689367","Miscellaneous Receipts:","null"
"2022","2021-12-31","48689367","48689369","Deposit of Earnings, Federal Reserve System","11917772190.84"
"2022","2021-12-31","48689367","48689371","Universal Service Fund","749386842.33"
"2022","2021-12-31","48689367","48689373","All Other","851380464.14"
"2022","2021-12-31","48689367","48689375","Total -- Miscellaneous Receipts","13518539497.31"
"2022","2021-12-31","null","48689377","Total -- Receipts","486737901557.54"
"2022","2021-12-31","48689377","48689397","Total -- On-Budget","400608630712.57"
"2022","2022-01-31","48846438","48846495","Railroad Retirement:","null"
"2022","2021-12-31","48689377","48689400","Total -- Off-Budget","86129270844.97"
"2022","2022-01-31","null","48846423","Individual Income Taxes","null"
"2022","2022-01-31","48846423","48846426","Withheld","null"
"2022","2022-01-31","48846423","48846428","Presidential Election Campaign Fund","null"
"2022","2022-01-31","null","48846541","Miscellaneous Receipts:","null"
"2022","2022-01-31","48846423","48846430","Other","null"
"2022","2022-01-31","48846423","48846432","Total -- Individual Income Taxes","289173302009.98"
"2022","2022-01-31","null","48846434","Corporation Income Taxes","13577363733.67"
"2022","2022-01-31","null","48846436","Social Insurance and Retirement Receipts:","null"
"2022","2022-01-31","48846436","48846438","Employment and General Retirement:","null"
"2022","2022-01-31","48846438","48846440","Federal Old-Age and Survivors Insurance Trust Fund:","null"
"2022","2022-01-31","48846440","48846442","Federal Insurance Contributions Act Taxes","77399000000.00"
"2022","2022-01-31","48846440","48846444","Self-Employment Contributions Act Taxes","7805000000.00"
"2022","2022-01-31","48846440","48846448","Adjustments Attributable to Prior Years-FICA","null"
"2022","2022-01-31","48846440","48846450","Adjustments Attrbutable to Prior Years-SECA","null"
"2022","2022-01-31","48846440","48846452","Total -- Federal Old-Age and Survivors Insurance Trust Fund","85204000000.00"
"2022","2022-01-31","48846438","48846455","Federal Disability Insurance Trust Fund:","null"
"2022","2022-01-31","48846455","48846459","Federal Insurance Contributions Act Taxes","13143000000.00"
"2022","2022-01-31","48846455","48846462","Self-Employment Contributions Act Taxes","1325000000.00"
"2022","2022-01-31","48846455","48846470","Adjustments Attributable to Prior Years-FICA","null"
"2022","2022-01-31","48846455","48846474","Adjustments Attributable to Prior Years-SECA","null"
"2022","2022-01-31","48846455","48846477","Total -- Federal Disability Insurance Trust Fund","14468000000.00"
"2022","2022-01-31","48846438","48846479","Federal Hospital Insurance Trust Fund:","null"
"2022","2022-01-31","48846479","48846481","Federal Insurance Contributions Act Taxes","25961000000.00"
"2022","2022-01-31","48846479","48846483","Self-Employment Contributions Act Taxes","3497000000.00"
"2022","2022-01-31","48846479","48846489","Adjustments Attributable to Prior Years-FICA","null"
"2022","2022-01-31","48846479","48846491","Adjustments Attributable to Prior Years-SECA","null"
"2022","2022-01-31","48846479","48846493","Total -- Federal Hospital Insurance Trust Fund","29458000000.00"
"2022","2022-01-31","48846495","48846497","Rail Pension and Supplemental Annuity","305573588.93"
"2022","2022-01-31","48846495","48846499","Social Security Equivalent Account","230118994.45"
"2022","2022-01-31","48846438","48846501","Total -- Employment and General Retirement","129665692583.38"
"2022","2022-01-31","48846436","48846503","Unemployment Insurance:","null"
"2022","2022-01-31","48846503","48846505","Deposits by States","2800113180.57"
"2022","2022-01-31","48846503","48846507","Federal Unemployment Taxes","1282726944.38"
"2022","2022-01-31","48846503","48846509","Railroad Unemployment Taxes","45093345.47"
"2022","2022-01-31","48846503","48846513","Total -- Unemployment Insurance","4127933470.42"
"2022","2022-01-31","48846436","48846515","Other Retirement:","null"
"2022","2022-01-31","48846515","48846517","Federal Employees' Retirement--Employee Share","464329557.15"
"2022","2022-01-31","48846515","48846519","Non-Federal Employees Retirement","1631353.31"
"2022","2022-01-31","48846515","48846521","Total -- Other Retirement","465960910.46"
"2022","2022-01-31","48846436","48846523","Total -- Social Insurance and Retirement Receipts","134259586964.26"
"2022","2022-01-31","null","48846525","Excise Taxes:","null"
"2022","2022-01-31","48846525","48846527","Miscellaneous Excise Taxes","338143010.54"
"2022","2022-01-31","48846525","48846529","Airport and Airway Trust Fund","1352866000.00"
"2022","2022-01-31","48846525","48846531","Highway Trust Fund","3565940083.66"
"2022","2022-01-31","48846525","48846533","Black Lung Disability Trust Fund","28420000.00"
"2022","2022-01-31","48846525","48846535","Total -- Excise Taxes","5285369094.20"
"2022","2022-01-31","null","48846537","Estate and Gift Taxes","2335764426.88"
"2022","2022-01-31","null","48846539","Customs Duties","8586604577.46"
"2022","2022-01-31","48846541","48846543","Deposit of Earnings, Federal Reserve System","10152433788.53"
"2022","2022-01-31","48846541","48846545","Universal Service Fund","730373844.70"
"2022","2022-01-31","48846541","48846547","All Other","977973807.81"
"2022","2022-01-31","48846541","48846549","Total -- Miscellaneous Receipts","11860781441.04"
"2022","2022-01-31","null","48846551","Total -- Receipts","465078772247.49"
"2022","2022-01-31","48846551","48846576","Total -- On-Budget","365406772247.49"
"2022","2022-01-31","48846551","48846579","Total -- Off-Budget","99672000000.00"
"2022","2022-02-28","null","49014199","Individual Income Taxes","null"
"2022","2022-02-28","49014199","49014201","Withheld","null"
"2022","2022-02-28","49014199","49014203","Presidential Election Campaign Fund","null"
"2022","2022-02-28","49014199","49014205","Other","null"
"2022","2022-02-28","49014199","49014207","Total -- Individual Income Taxes","149341452655.84"
"2022","2022-02-28","null","49014209","Corporation Income Taxes","4823697103.36"
"2022","2022-02-28","null","49014211","Social Insurance and Retirement Receipts:","null"
"2022","2022-02-28","49014211","49014213","Employment and General Retirement:","null"
"2022","2022-02-28","49014213","49014215","Federal Old-Age and Survivors Insurance Trust Fund:","null"
"2022","2022-02-28","49014215","49014217","Federal Insurance Contributions Act Taxes","68842000000.00"
"2022","2022-02-28","49014215","49014219","Self-Employment Contributions Act Taxes","462000000.00"
"2022","2022-02-28","49014215","49014223","Adjustments Attributable to Prior Years-FICA","null"
"2022","2022-02-28","49014215","49014225","Adjustments Attrbutable to Prior Years-SECA","null"
"2022","2022-02-28","49014215","49014227","Total -- Federal Old-Age and Survivors Insurance Trust Fund","69304000000.00"
"2022","2022-02-28","49014213","49014230","Federal Disability Insurance Trust Fund:","null"
"2022","2022-02-28","49014230","49014232","Federal Insurance Contributions Act Taxes","11690000000.00"
"2022","2022-02-28","49014230","49014234","Self-Employment Contributions Act Taxes","78000000.00"
"2022","2022-02-28","49014230","49014240","Adjustments Attributable to Prior Years-FICA","null"
"2022","2022-02-28","49014230","49014243","Adjustments Attributable to Prior Years-SECA","null"
"2022","2022-02-28","49014230","49014246","Total -- Federal Disability Insurance Trust Fund","11768000000.00"
"2022","2022-02-28","49014213","49014250","Federal Hospital Insurance Trust Fund:","null"
"2022","2022-02-28","49014250","49014255","Federal Insurance Contributions Act Taxes","22691000000.00"
"2022","2022-02-28","49014250","49014259","Self-Employment Contributions Act Taxes","203000000.00"
"2022","2022-02-28","49014250","49014268","Adjustments Attributable to Prior Years-FICA","null"
"2022","2022-02-28","49014250","49014271","Adjustments Attributable to Prior Years-SECA","null"
"2022","2022-02-28","49014250","49014275","Total -- Federal Hospital Insurance Trust Fund","22894000000.00"
"2022","2022-02-28","49014213","49014278","Railroad Retirement:","null"
"2022","2022-02-28","49014278","49014280","Rail Pension and Supplemental Annuity","342500004.76"
"2022","2022-02-28","49014278","49014285","Social Security Equivalent Account","314638554.14"
"2022","2022-02-28","49014213","49014291","Total -- Employment and General Retirement","104623138558.90"
"2022","2022-02-28","49014211","49014298","Unemployment Insurance:","null"
"2022","2022-02-28","49014298","49014304","Deposits by States","2996414998.64"
"2022","2022-02-28","49014298","49014309","Federal Unemployment Taxes","107175861.94"
"2022","2022-02-28","49014298","49014313","Railroad Unemployment Taxes","983202.23"
"2022","2022-02-28","49014298","49014321","Total -- Unemployment Insurance","3104574062.81"
"2022","2022-02-28","49014211","49014325","Other Retirement:","null"
"2022","2022-02-28","49014325","49014329","Federal Employees' Retirement--Employee Share","469014869.37"
"2022","2022-02-28","49014325","49014333","Non-Federal Employees Retirement","2178577.47"
"2022","2022-02-28","49014325","49014337","Total -- Other Retirement","471193446.84"
"2022","2022-02-28","49014211","49014341","Total -- Social Insurance and Retirement Receipts","108198906068.55"
"2022","2022-02-28","null","49014344","Excise Taxes:","null"
"2022","2022-02-28","49014344","49014348","Miscellaneous Excise Taxes","1502383286.33"
"2022","2022-02-28","49014344","49014352","Airport and Airway Trust Fund","'-426804392.48"
"2022","2022-02-28","49014344","49014356","Highway Trust Fund","4416771267.26"
"2022","2022-02-28","49014344","49014358","Black Lung Disability Trust Fund","'-6743469.00"
"2022","2022-02-28","49014344","49014360","Total -- Excise Taxes","5485606692.11"
"2022","2022-02-28","null","49014362","Estate and Gift Taxes","1709686515.46"
"2022","2022-02-28","null","49014364","Customs Duties","8048536267.00"
"2022","2022-02-28","null","49014366","Miscellaneous Receipts:","null"
"2022","2022-02-28","49014366","49014368","Deposit of Earnings, Federal Reserve System","10689540046.75"
"2022","2022-02-28","49014366","49014370","Universal Service Fund","619491805.33"
"2022","2022-02-28","49014366","49014372","All Other","968826294.50"
"2022","2022-02-28","49014366","49014374","Total -- Miscellaneous Receipts","12277858146.58"
"2022","2022-02-28","null","49014376","Total -- Receipts","289885743448.90"
"2022","2022-02-28","49014376","49014388","Total -- On-Budget","208813743448.90"
"2022","2022-02-28","49014376","49014391","Total -- Off-Budget","81072000000.00"
"2023","2022-10-31","null","50648888","Individual Income Taxes","null"
"2023","2022-10-31","50648888","50648889","Withheld","null"
"2023","2022-10-31","50648888","50648890","Presidential Election Campaign Fund","null"
"2023","2022-10-31","50648888","50648891","Other","null"
"2023","2022-10-31","50648888","50648892","Total -- Individual Income Taxes","175349242554.17"
"2023","2022-10-31","null","50648893","Corporation Income Taxes","14629957118.97"
"2023","2022-10-31","null","50648894","Social Insurance and Retirement Receipts:","null"
"2023","2022-10-31","50648894","50648895","Employment and General Retirement:","null"
"2023","2022-10-31","50648895","50648896","Federal Old-Age and Survivors Insurance Trust Fund:","null"
"2023","2022-10-31","50648896","50648897","Federal Insurance Contributions Act Taxes","64540000000.00"
"2023","2022-10-31","50648896","50648898","Self-Employment Contributions Act Taxes","319000000.00"
"2023","2022-10-31","50648896","50648902","Total -- Federal Old-Age and Survivors Insurance Trust Fund","64859000000.00"
"2023","2022-10-31","50648895","50648903","Federal Disability Insurance Trust Fund:","null"
"2023","2022-10-31","50648903","50648904","Federal Insurance Contributions Act Taxes","10960000000.00"
"2023","2022-10-31","50648903","50648905","Self-Employment Contributions Act Taxes","54000000.00"
"2023","2022-10-31","50648903","50648909","Total -- Federal Disability Insurance Trust Fund","11014000000.00"
"2023","2022-10-31","50648895","50648910","Federal Hospital Insurance Trust Fund:","null"
"2023","2022-10-31","50648910","50648911","Federal Insurance Contributions Act Taxes","27236000000.00"
"2023","2022-10-31","50648910","50648912","Self-Employment Contributions Act Taxes","143000000.00"
"2023","2022-10-31","50648910","50648917","Total -- Federal Hospital Insurance Trust Fund","27379000000.00"
"2023","2022-10-31","50648895","50648918","Railroad Retirement:","null"
"2023","2022-10-31","50648918","50648919","Rail Pension and Supplemental Annuity","201701513.03"
"2023","2022-10-31","50648918","50648920","Social Security Equivalent Account","281729267.95"
"2023","2022-10-31","50648895","50648921","Total -- Employment and General Retirement","103735430780.98"
"2023","2022-10-31","50648894","50648922","Unemployment Insurance:","null"
"2023","2022-10-31","50648922","50648923","Deposits by States","2891847495.35"
"2023","2022-10-31","50648922","50648924","Federal Unemployment Taxes","755962822.40"
"2023","2022-10-31","50648922","50648925","Railroad Unemployment Taxes","93196982.77"
"2023","2022-10-31","50648922","50648927","Total -- Unemployment Insurance","3741007300.52"
"2023","2022-10-31","50648894","50648928","Other Retirement:","null"
"2023","2022-10-31","50648928","50648929","Federal Employees' Retirement--Employee Share","542440254.69"
"2023","2022-10-31","50648928","50648930","Non-Federal Employees Retirement","708339.44"
"2023","2022-10-31","50648928","50648931","Total -- Other Retirement","543148594.13"
"2023","2022-10-31","50648894","50648932","Total -- Social Insurance and Retirement Receipts","108019586675.63"
"2023","2022-10-31","null","50648933","Excise Taxes:","null"
"2023","2022-10-31","50648933","50648934","Miscellaneous Excise Taxes","4697471685.16"
"2023","2022-10-31","50648933","50648935","Airport and Airway Trust Fund","233063000.00"
"2023","2022-10-31","50648933","50648936","Highway Trust Fund","878985107.77"
"2023","2022-10-31","50648933","50648937","Black Lung Disability Trust Fund","2635000.00"
"2023","2022-10-31","50648933","50648938","Total -- Excise Taxes","5812154792.93"
"2023","2022-10-31","null","50648939","Estate and Gift Taxes","2805666262.48"
"2023","2022-10-31","null","50648940","Customs Duties","8163250209.25"
"2023","2022-10-31","null","50648941","Miscellaneous Receipts:","null"
"2023","2022-10-31","50648941","50648942","Deposit of Earnings, Federal Reserve System","111297010.07"
"2023","2022-10-31","50648941","50648943","Universal Service Fund","606512887.63"
"2023","2022-10-31","50648941","50648944","All Other","3078740149.74"
"2023","2022-10-31","50648941","50648945","Total -- Miscellaneous Receipts","3796550047.44"
"2023","2022-10-31","null","50648946","Total -- Receipts","318576407660.87"
"2023","2022-10-31","50648946","50648947","Total -- On-Budget","242703407660.87"
"2023","2022-10-31","50648946","50648948","Total -- Off-Budget","75873000000.00"
"2023","2022-11-30","null","50760227","Individual Income Taxes","null"
"2023","2022-11-30","50760227","50760231","Withheld","null"
"2023","2022-11-30","50760227","50760235","Presidential Election Campaign Fund","null"
"2023","2022-11-30","50760227","50760239","Other","null"
"2023","2022-11-30","50760402","50760406","Total -- Off-Budget","81638000000.00"
"2023","2022-11-30","50760227","50760243","Total -- Individual Income Taxes","113700784773.51"
"2023","2022-11-30","null","50760245","Corporation Income Taxes","2942855079.61"
"2023","2022-11-30","null","50760247","Social Insurance and Retirement Receipts:","null"
"2023","2022-11-30","50760247","50760249","Employment and General Retirement:","null"
"2023","2022-11-30","50760249","50760251","Federal Old-Age and Survivors Insurance Trust Fund:","null"
"2023","2022-11-30","50760251","50760253","Federal Insurance Contributions Act Taxes","69629000000.00"
"2023","2022-11-30","50760251","50760255","Self-Employment Contributions Act Taxes","158000000.00"
"2023","2022-11-30","50760251","50760263","Total -- Federal Old-Age and Survivors Insurance Trust Fund","69787000000.00"
"2023","2022-11-30","50760249","50760265","Federal Disability Insurance Trust Fund:","null"
"2023","2022-11-30","50760265","50760267","Federal Insurance Contributions Act Taxes","11824000000.00"
"2023","2022-11-30","50760265","50760269","Self-Employment Contributions Act Taxes","27000000.00"
"2023","2022-11-30","50760265","50760277","Total -- Federal Disability Insurance Trust Fund","11851000000.00"
"2023","2022-11-30","50760249","50760279","Federal Hospital Insurance Trust Fund:","null"
"2023","2022-11-30","50760279","50760281","Federal Insurance Contributions Act Taxes","29611000000.00"
"2023","2022-11-30","50760279","50760283","Self-Employment Contributions Act Taxes","71000000.00"
"2023","2022-11-30","50760279","50760293","Total -- Federal Hospital Insurance Trust Fund","29682000000.00"
"2023","2022-11-30","50760249","50760295","Railroad Retirement:","null"
"2023","2022-11-30","50760295","50760297","Rail Pension and Supplemental Annuity","225293577.28"
"2023","2022-11-30","50760295","50760299","Social Security Equivalent Account","249670714.01"
"2023","2022-11-30","50760249","50760301","Total -- Employment and General Retirement","111794964291.29"
"2023","2022-11-30","50760247","50760303","Unemployment Insurance:","null"
"2023","2022-11-30","50760303","50760305","Deposits by States","2978713635.41"
"2023","2022-11-30","50760303","50760307","Federal Unemployment Taxes","27323898.65"
"2023","2022-11-30","50760303","50760310","Railroad Unemployment Taxes","777832.74"
"2023","2022-11-30","50760303","50760314","Total -- Unemployment Insurance","3006815366.80"
"2023","2022-11-30","50760247","50760317","Other Retirement:","null"
"2023","2022-11-30","50760317","50760320","Federal Employees' Retirement--Employee Share","527557822.87"
"2023","2022-11-30","50760317","50760323","Non-Federal Employees Retirement","1112058.43"
"2023","2022-11-30","50760317","50760328","Total -- Other Retirement","528669881.30"
"2023","2022-11-30","50760247","50760331","Total -- Social Insurance and Retirement Receipts","115330449539.39"
"2023","2022-11-30","null","50760335","Excise Taxes:","null"
"2023","2022-11-30","50760335","50760341","Miscellaneous Excise Taxes","2146251851.06"
"2023","2022-11-30","50760335","50760347","Airport and Airway Trust Fund","1348391000.00"
"2023","2022-11-30","50760335","50760354","Highway Trust Fund","4519191696.78"
"2023","2022-11-30","50760335","50760361","Black Lung Disability Trust Fund","29340000.00"
"2023","2022-11-30","50760335","50760367","Total -- Excise Taxes","8043174547.84"
"2023","2022-11-30","null","50760373","Estate and Gift Taxes","2618243065.18"
"2023","2022-11-30","null","50760378","Customs Duties","7171471870.09"
"2023","2022-11-30","null","50760383","Miscellaneous Receipts:","null"
"2023","2022-11-30","50760383","50760389","Deposit of Earnings, Federal Reserve System","187845915.44"
"2023","2022-11-30","50760383","50760392","Universal Service Fund","637975144.54"
"2023","2022-11-30","50760383","50760396","All Other","1478009046.80"
"2023","2022-11-30","50760383","50760399","Total -- Miscellaneous Receipts","2303830106.78"
"2023","2022-11-30","null","50760402","Total -- Receipts","252110808982.40"
"2023","2022-11-30","50760402","50760404","Total -- On-Budget","170472808982.40"
"2023","2022-12-31","50913720","50913722","Withheld","null"
"2023","2022-12-31","50913720","50913724","Presidential Election Campaign Fund","null"
"2023","2022-12-31","50913720","50913726","Other","null"
"2023","2022-12-31","null","50913720","Individual Income Taxes","null"
"2023","2022-12-31","50913720","50913728","Total -- Individual Income Taxes","215538505311.62"
"2023","2022-12-31","null","50913730","Corporation Income Taxes","87817882996.26"
"2023","2022-12-31","null","50913732","Social Insurance and Retirement Receipts:","null"
"2023","2022-12-31","50913732","50913734","Employment and General Retirement:","null"
"2023","2022-12-31","50913734","50913736","Federal Old-Age and Survivors Insurance Trust Fund:","null"
"2023","2022-12-31","50913736","50913738","Federal Insurance Contributions Act Taxes","73902000000.00"
"2023","2022-12-31","50913736","50913740","Self-Employment Contributions Act Taxes","599000000.00"
"2023","2022-12-31","50913736","50913744","Adjustments Attributable to Prior Years-FICA","10188087682.50"
"2023","2022-12-31","50913736","50913746","Adjustments Attrbutable to Prior Years-SECA","'-1947839478.26"
"2023","2022-12-31","50913736","50913748","Total -- Federal Old-Age and Survivors Insurance Trust Fund","82741248204.24"
"2023","2022-12-31","50913734","50913750","Federal Disability Insurance Trust Fund:","null"
"2023","2022-12-31","50913750","50913752","Federal Insurance Contributions Act Taxes","12549000000.00"
"2023","2022-12-31","50913750","50913754","Self-Employment Contributions Act Taxes","102000000.00"
"2023","2022-12-31","50913750","50913758","Adjustments Attributable to Prior Years-FICA","1726709803.73"
"2023","2022-12-31","50913750","50913760","Adjustments Attributable to Prior Years-SECA","'-311754053.08"
"2023","2022-12-31","50913750","50913762","Total -- Federal Disability Insurance Trust Fund","14065955750.65"
"2023","2022-12-31","50913734","50913764","Federal Hospital Insurance Trust Fund:","null"
"2023","2022-12-31","50913764","50913766","Federal Insurance Contributions Act Taxes","31624000000.00"
"2023","2022-12-31","50913764","50913768","Self-Employment Contributions Act Taxes","303000000.00"
"2023","2022-12-31","50913764","50913774","Adjustments Attributable to Prior Years-FICA","2510402447.47"
"2023","2022-12-31","50913764","50913776","Adjustments Attributable to Prior Years-SECA","'-373808791.79"
"2023","2022-12-31","50913764","50913778","Total -- Federal Hospital Insurance Trust Fund","34063593655.68"
"2023","2022-12-31","50913734","50913780","Railroad Retirement:","null"
"2023","2022-12-31","50913780","50913782","Rail Pension and Supplemental Annuity","261071510.70"
"2023","2022-12-31","50913780","50913784","Social Security Equivalent Account","553163368.46"
"2023","2022-12-31","50913734","50913786","Total -- Employment and General Retirement","131685032489.73"
"2023","2022-12-31","50913732","50913788","Unemployment Insurance:","null"
"2023","2022-12-31","50913788","50913790","Deposits by States","471142686.32"
"2023","2022-12-31","50913788","50913792","Federal Unemployment Taxes","58431339.95"
"2023","2022-12-31","50913788","50913794","Railroad Unemployment Taxes","121464.45"
"2023","2022-12-31","50913788","50913798","Total -- Unemployment Insurance","529695490.72"
"2023","2022-12-31","50913732","50913800","Other Retirement:","null"
"2023","2022-12-31","50913800","50913802","Federal Employees' Retirement--Employee Share","531335251.26"
"2023","2022-12-31","50913800","50913804","Non-Federal Employees Retirement","2883217.99"
"2023","2022-12-31","50913800","50913806","Total -- Other Retirement","534218469.25"
"2023","2022-12-31","50913732","50913808","Total -- Social Insurance and Retirement Receipts","132748946449.70"
"2023","2022-12-31","null","50913810","Excise Taxes:","null"
"2023","2022-12-31","50913810","50913812","Miscellaneous Excise Taxes","1663400273.97"
"2023","2022-12-31","50913810","50913814","Airport and Airway Trust Fund","4354655629.36"
"2023","2022-12-31","50913810","50913816","Highway Trust Fund","1077414593.42"
"2023","2022-12-31","50913810","50913818","Black Lung Disability Trust Fund","10305875.00"
"2023","2022-12-31","50913810","50913820","Total -- Excise Taxes","7105776371.75"
"2023","2022-12-31","null","50913822","Estate and Gift Taxes","1610693781.33"
"2023","2022-12-31","null","50913824","Customs Duties","6552387161.58"
"2023","2022-12-31","null","50913826","Miscellaneous Receipts:","null"
"2023","2022-12-31","50913826","50913828","Deposit of Earnings, Federal Reserve System","154236751.80"
"2023","2022-12-31","50913826","50913830","Universal Service Fund","645917730.26"
"2023","2022-12-31","50913826","50913832","All Other","2768025105.22"
"2023","2022-12-31","50913826","50913834","Total -- Miscellaneous Receipts","3568179587.28"
"2023","2022-12-31","null","50913836","Total -- Receipts","454942371659.52"
"2023","2022-12-31","50913836","50913850","Total -- On-Budget","358135167704.63"
"2023","2022-12-31","50913836","50913853","Total -- Off-Budget","96807203954.89"
"2023","2023-01-31","null","51090673","Individual Income Taxes","null"
"2023","2023-01-31","51090673","51090675","Withheld","null"
"2023","2023-01-31","51090673","51090677","Presidential Election Campaign Fund","null"
"2023","2023-01-31","51090673","51090679","Other","null"
"2023","2023-01-31","51090673","51090681","Total -- Individual Income Taxes","262289948283.47"
"2023","2023-01-31","null","51090683","Corporation Income Taxes","20827935935.86"
"2023","2023-01-31","null","51090685","Social Insurance and Retirement Receipts:","null"
"2023","2023-01-31","51090685","51090687","Employment and General Retirement:","null"
"2023","2023-01-31","51090687","51090689","Federal Old-Age and Survivors Insurance Trust Fund:","null"
"2023","2023-01-31","51090689","51090691","Federal Insurance Contributions Act Taxes","84345000000.00"
"2023","2023-01-31","51090689","51090693","Self-Employment Contributions Act Taxes","8199000000.00"
"2023","2023-01-31","51090689","51090697","Adjustments Attributable to Prior Years-FICA","null"
"2023","2023-01-31","51090689","51090699","Adjustments Attrbutable to Prior Years-SECA","null"
"2023","2023-01-31","51090689","51090701","Total -- Federal Old-Age and Survivors Insurance Trust Fund","92544000000.00"
"2023","2023-01-31","51090687","51090703","Federal Disability Insurance Trust Fund:","null"
"2023","2023-01-31","51090703","51090705","Federal Insurance Contributions Act Taxes","14323000000.00"
"2023","2023-01-31","51090703","51090707","Self-Employment Contributions Act Taxes","1392000000.00"
"2023","2023-01-31","51090703","51090711","Adjustments Attributable to Prior Years-FICA","null"
"2023","2023-01-31","51090703","51090713","Adjustments Attributable to Prior Years-SECA","null"
"2023","2023-01-31","51090703","51090715","Total -- Federal Disability Insurance Trust Fund","15715000000.00"
"2023","2023-01-31","51090687","51090717","Federal Hospital Insurance Trust Fund:","null"
"2023","2023-01-31","51090717","51090719","Federal Insurance Contributions Act Taxes","28898000000.00"
"2023","2023-01-31","51090717","51090721","Self-Employment Contributions Act Taxes","3667000000.00"
"2023","2023-01-31","51090717","51090727","Adjustments Attributable to Prior Years-FICA","null"
"2023","2023-01-31","51090717","51090729","Adjustments Attributable to Prior Years-SECA","null"
"2023","2023-01-31","51090717","51090731","Total -- Federal Hospital Insurance Trust Fund","32565000000.00"
"2023","2023-01-31","51090687","51090733","Railroad Retirement:","null"
"2023","2023-01-31","51090733","51090735","Rail Pension and Supplemental Annuity","489948776.02"
"2023","2023-01-31","51090733","51090737","Social Security Equivalent Account","369610267.55"
"2023","2023-01-31","51090687","51090739","Total -- Employment and General Retirement","141683559043.57"
"2023","2023-01-31","51090685","51090741","Unemployment Insurance:","null"
"2023","2023-01-31","51090741","51090743","Deposits by States","3997452417.62"
"2023","2023-01-31","51090741","51090745","Federal Unemployment Taxes","1886244262.23"
"2023","2023-01-31","51090741","51090747","Railroad Unemployment Taxes","83926448.89"
"2023","2023-01-31","51090741","51090751","Total -- Unemployment Insurance","5967623128.74"
"2023","2023-01-31","51090685","51090753","Other Retirement:","null"
"2023","2023-01-31","51090753","51090755","Federal Employees' Retirement--Employee Share","513599697.79"
"2023","2023-01-31","51090753","51090757","Non-Federal Employees Retirement","1942223.01"
"2023","2023-01-31","51090753","51090759","Total -- Other Retirement","515541920.80"
"2023","2023-01-31","51090685","51090761","Total -- Social Insurance and Retirement Receipts","148166724093.11"
"2023","2023-01-31","null","51090763","Excise Taxes:","null"
"2023","2023-01-31","51090763","51090765","Miscellaneous Excise Taxes","523551239.07"
"2023","2023-01-31","51090763","51090767","Airport and Airway Trust Fund","1060376000.00"
"2023","2023-01-31","51090763","51090769","Highway Trust Fund","3547096375.26"
"2023","2023-01-31","51090763","51090771","Black Lung Disability Trust Fund","23073000.00"
"2023","2023-01-31","51090763","51090773","Total -- Excise Taxes","5154096614.33"
"2023","2023-01-31","null","51090775","Estate and Gift Taxes","2098797786.91"
"2023","2023-01-31","null","51090777","Customs Duties","6837686960.86"
"2023","2023-01-31","null","51090779","Miscellaneous Receipts:","null"
"2023","2023-01-31","51090779","51090781","Deposit of Earnings, Federal Reserve System","14674828.85"
"2023","2023-01-31","51090779","51090783","Universal Service Fund","816100284.85"
"2023","2023-01-31","51090779","51090787","All Other","1082353174.05"
"2023","2023-01-31","51090779","51090792","Total -- Miscellaneous Receipts","1913128287.75"
"2023","2023-01-31","null","51090800","Total -- Receipts","447288317962.29"
"2023","2023-01-31","51090800","51090806","Total -- On-Budget","339029317962.29"
"2023","2023-01-31","51090800","51090808","Total -- Off-Budget","108259000000.00"
"2023","2023-02-28","null","51224039","Individual Income Taxes","null"
"2023","2023-02-28","51224039","51224043","Withheld","null"
"2023","2023-02-28","51224039","51224046","Presidential Election Campaign Fund","null"
"2023","2023-02-28","51224039","51224050","Other","null"
"2023","2023-02-28","51224039","51224052","Total -- Individual Income Taxes","111985835689.65"
"2023","2023-02-28","null","51224056","Corporation Income Taxes","2288002805.93"
"2023","2023-02-28","null","51224058","Social Insurance and Retirement Receipts:","null"
"2023","2023-02-28","51224058","51224062","Employment and General Retirement:","null"
"2023","2023-02-28","51224062","51224064","Federal Old-Age and Survivors Insurance Trust Fund:","null"
"2023","2023-02-28","51224064","51224068","Federal Insurance Contributions Act Taxes","79798000000.00"
"2023","2023-02-28","51224064","51224070","Self-Employment Contributions Act Taxes","466000000.00"
"2023","2023-02-28","51224064","51224076","Adjustments Attributable to Prior Years-FICA","null"
"2023","2023-02-28","51224064","51224080","Adjustments Attrbutable to Prior Years-SECA","null"
"2023","2023-02-28","51224064","51224082","Total -- Federal Old-Age and Survivors Insurance Trust Fund","80264000000.00"
"2023","2023-02-28","51224062","51224086","Federal Disability Insurance Trust Fund:","null"
"2023","2023-02-28","51224086","51224088","Federal Insurance Contributions Act Taxes","13551000000.00"
"2023","2023-02-28","51224086","51224092","Self-Employment Contributions Act Taxes","79000000.00"
"2023","2023-02-28","51224086","51224096","Adjustments Attributable to Prior Years-FICA","null"
"2023","2023-02-28","51224086","51224098","Adjustments Attributable to Prior Years-SECA","null"
"2023","2023-02-28","51224086","51224100","Total -- Federal Disability Insurance Trust Fund","13630000000.00"
"2023","2023-02-28","51224062","51224102","Federal Hospital Insurance Trust Fund:","null"
"2023","2023-02-28","51224102","51224104","Federal Insurance Contributions Act Taxes","24877000000.00"
"2023","2023-02-28","51224102","51224106","Self-Employment Contributions Act Taxes","203000000.00"
"2023","2023-02-28","51224102","51224113","Adjustments Attributable to Prior Years-FICA","null"
"2023","2023-02-28","51224102","51224115","Adjustments Attributable to Prior Years-SECA","null"
"2023","2023-02-28","51224102","51224117","Total -- Federal Hospital Insurance Trust Fund","25080000000.00"
"2023","2023-02-28","51224062","51224119","Railroad Retirement:","null"
"2023","2023-02-28","51224119","51224123","Rail Pension and Supplemental Annuity","439237614.75"
"2023","2023-02-28","51224119","51224125","Social Security Equivalent Account","264800354.17"
"2023","2023-02-28","51224062","51224129","Total -- Employment and General Retirement","119678037968.92"
"2023","2023-02-28","51224058","51224132","Unemployment Insurance:","null"
"2023","2023-02-28","51224132","51224136","Deposits by States","2481585476.95"
"2023","2023-02-28","51224132","51224138","Federal Unemployment Taxes","97691209.51"
"2023","2023-02-28","51224132","51224142","Railroad Unemployment Taxes","11719402.43"
"2023","2023-02-28","51224132","51224148","Total -- Unemployment Insurance","2590996088.89"
"2023","2023-02-28","51224058","51224150","Other Retirement:","null"
"2023","2023-02-28","51224150","51224153","Federal Employees' Retirement--Employee Share","538072576.46"
"2023","2023-02-28","51224150","51224155","Non-Federal Employees Retirement","2272870.95"
"2023","2023-02-28","51224150","51224159","Total -- Other Retirement","540345447.41"
"2023","2023-02-28","51224058","51224162","Total -- Social Insurance and Retirement Receipts","122809379505.22"
"2023","2023-02-28","null","51224165","Excise Taxes:","null"
"2023","2023-02-28","51224165","51224168","Miscellaneous Excise Taxes","19992132.91"
"2023","2023-02-28","51224165","51224170","Airport and Airway Trust Fund","2612100511.79"
"2023","2023-02-28","51224165","51224174","Highway Trust Fund","3596167533.28"
"2023","2023-02-28","51224165","51224176","Black Lung Disability Trust Fund","30163787.00"
"2023","2023-02-28","51224165","51224180","Total -- Excise Taxes","6258423964.98"
"2023","2023-02-28","null","51224182","Estate and Gift Taxes","9645536824.44"
"2023","2023-02-28","null","51224186","Customs Duties","6349062416.75"
"2023","2023-02-28","null","51224188","Miscellaneous Receipts:","null"
"2023","2023-02-28","51224188","51224192","Deposit of Earnings, Federal Reserve System","39715455.13"
"2023","2023-02-28","51224188","51224194","Universal Service Fund","534824394.84"
"2023","2023-02-28","51224188","51224198","All Other","2203128438.94"
"2023","2023-02-28","51224188","51224200","Total -- Miscellaneous Receipts","2777668288.91"
"2023","2023-02-28","null","51224204","Total -- Receipts","262113909495.88"
"2023","2023-02-28","51224204","51224214","Total -- On-Budget","168219909495.88"
"2023","2023-02-28","51224204","51224217","Total -- Off-Budget","93894000000.00"
"2023","2023-03-31","null","51437539","Individual Income Taxes","null"
"2023","2023-03-31","51437539","51437542","Withheld","null"
"2023","2023-03-31","51437539","51437545","Presidential Election Campaign Fund","null"
"2023","2023-03-31","51437539","51437548","Other","null"
"2023","2023-03-31","51437539","51437551","Total -- Individual Income Taxes","150519707440.03"
"2023","2023-03-31","null","51437556","Corporation Income Taxes","11487153925.76"
"2023","2023-03-31","null","51437578","Social Insurance and Retirement Receipts:","null"
"2023","2023-03-31","51437578","51437583","Employment and General Retirement:","null"
"2023","2023-03-31","51437583","51437584","Federal Old-Age and Survivors Insurance Trust Fund:","null"
"2023","2023-03-31","51437584","51437586","Federal Insurance Contributions Act Taxes","87181000000.00"
"2023","2023-03-31","51437584","51437589","Self-Employment Contributions Act Taxes","1042000000.00"
"2023","2023-03-31","51437584","51437595","Adjustments Attributable to Prior Years-FICA","25630532.34"
"2023","2023-03-31","51437584","51437599","Adjustments Attrbutable to Prior Years-SECA","'-491633.07"
"2023","2023-03-31","51437584","51437603","Total -- Federal Old-Age and Survivors Insurance Trust Fund","88248138899.27"
"2023","2023-03-31","51437583","51437605","Federal Disability Insurance Trust Fund:","null"
"2023","2023-03-31","51437605","51437607","Federal Insurance Contributions Act Taxes","14804000000.00"
"2023","2023-03-31","51437605","51437609","Self-Employment Contributions Act Taxes","177000000.00"
"2023","2023-03-31","51437605","51437612","Adjustments Attributable to Prior Years-FICA","4338324.44"
"2023","2023-03-31","51437605","51437614","Adjustments Attributable to Prior Years-SECA","'-84339.90"
"2023","2023-03-31","51437605","51437616","Total -- Federal Disability Insurance Trust Fund","14985253984.54"
"2023","2023-03-31","51437583","51437618","Federal Hospital Insurance Trust Fund:","null"
"2023","2023-03-31","51437618","51437619","Federal Insurance Contributions Act Taxes","26842000000.00"
"2023","2023-03-31","51437618","51437623","Self-Employment Contributions Act Taxes","657000000.00"
"2023","2023-03-31","51437618","51437636","Adjustments Attributable to Prior Years-FICA","4139480.74"
"2023","2023-03-31","51437618","51437641","Adjustments Attributable to Prior Years-SECA","761400.01"
"2023","2023-03-31","51437618","51437660","Total -- Federal Hospital Insurance Trust Fund","27503900880.75"
"2023","2023-03-31","51437583","51437663","Railroad Retirement:","null"
"2023","2023-03-31","51437663","51437667","Rail Pension and Supplemental Annuity","299069336.47"
"2023","2023-03-31","51437663","51437672","Social Security Equivalent Account","256123054.05"
"2023","2023-03-31","51437583","51437676","Total -- Employment and General Retirement","131292486155.08"
"2023","2023-03-31","51437578","51437679","Unemployment Insurance:","null"
"2023","2023-03-31","51437679","51437685","Deposits by States","516238799.31"
"2023","2023-03-31","51437679","51437689","Federal Unemployment Taxes","62540375.15"
"2023","2023-03-31","51437679","51437694","Railroad Unemployment Taxes","130462.61"
"2023","2023-03-31","51437679","51437701","Total -- Unemployment Insurance","578909637.07"
"2023","2023-03-31","51437578","51437707","Other Retirement:","null"
"2023","2023-03-31","51437707","51437710","Federal Employees' Retirement--Employee Share","679193500.19"
"2023","2023-03-31","51437707","51437716","Non-Federal Employees Retirement","1942964.38"
"2023","2023-03-31","51437707","51437718","Total -- Other Retirement","681136464.57"
"2023","2023-03-31","51437578","51437722","Total -- Social Insurance and Retirement Receipts","132552532256.72"
"2023","2023-03-31","null","51437728","Excise Taxes:","null"
"2023","2023-03-31","51437728","51437731","Miscellaneous Excise Taxes","3002550270.55"
"2023","2023-03-31","51437728","51437735","Airport and Airway Trust Fund","1375107000.00"
"2023","2023-03-31","51437728","51437739","Highway Trust Fund","3336083429.02"
"2023","2023-03-31","51437728","51437742","Black Lung Disability Trust Fund","27390000.00"
"2023","2023-03-31","51437728","51437747","Total -- Excise Taxes","7741130699.57"
"2023","2023-03-31","null","51437751","Estate and Gift Taxes","2293945689.06"
"2023","2023-03-31","null","51437755","Customs Duties","6151606563.07"
"2023","2023-03-31","null","51437759","Miscellaneous Receipts:","null"
"2023","2023-03-31","51437759","51437762","Deposit of Earnings, Federal Reserve System","18724140.89"
"2023","2023-03-31","51437759","51437766","Universal Service Fund","712494288.01"
"2023","2023-03-31","51437759","51437769","All Other","1763069409.30"
"2023","2023-03-31","51437759","51437774","Total -- Miscellaneous Receipts","2494287838.20"
"2023","2023-03-31","null","51437777","Total -- Receipts","313240364412.41"
"2023","2023-03-31","51437777","51437803","Total -- On-Budget","210006971528.60"
"2023","2023-03-31","51437777","51437811","Total -- Off-Budget","103233392883.81"
"2023","2023-04-30","null","51585886","Individual Income Taxes","null"
"2023","2023-04-30","51585886","51585889","Withheld","null"
"2023","2023-04-30","51585886","51585891","Presidential Election Campaign Fund","null"
"2023","2023-04-30","51585886","51585893","Other","null"
"2023","2023-04-30","51585886","51585895","Total -- Individual Income Taxes","380938233742.69"
"2023","2023-04-30","null","51585896","Corporation Income Taxes","80580531694.05"
"2023","2023-04-30","null","51585897","Social Insurance and Retirement Receipts:","null"
"2023","2023-04-30","51585897","51585898","Employment and General Retirement:","null"
"2023","2023-04-30","51585898","51585899","Federal Old-Age and Survivors Insurance Trust Fund:","null"
"2023","2023-04-30","51585899","51585900","Federal Insurance Contributions Act Taxes","82951000000.00"
"2023","2023-04-30","51585899","51585901","Self-Employment Contributions Act Taxes","19751000000.00"
"2023","2023-04-30","51585899","51585903","Adjustments Attributable to Prior Years-FICA","null"
"2023","2023-04-30","51585899","51585904","Adjustments Attrbutable to Prior Years-SECA","null"
"2023","2023-04-30","51585899","51585905","Total -- Federal Old-Age and Survivors Insurance Trust Fund","102702000000.00"
"2023","2023-04-30","51585898","51585908","Federal Disability Insurance Trust Fund:","null"
"2023","2023-04-30","51585908","51585911","Federal Insurance Contributions Act Taxes","14086000000.00"
"2023","2023-04-30","51585908","51585916","Self-Employment Contributions Act Taxes","3354000000.00"
"2023","2023-04-30","51585908","51585920","Adjustments Attributable to Prior Years-FICA","null"
"2023","2023-04-30","51585908","51585924","Adjustments Attributable to Prior Years-SECA","null"
"2023","2023-04-30","51585908","51585927","Total -- Federal Disability Insurance Trust Fund","17440000000.00"
"2023","2023-04-30","51585898","51585931","Federal Hospital Insurance Trust Fund:","null"
"2023","2023-04-30","51585931","51585935","Federal Insurance Contributions Act Taxes","27308000000.00"
"2023","2023-04-30","51585931","51585937","Self-Employment Contributions Act Taxes","8582000000.00"
"2023","2023-04-30","51585931","51585946","Adjustments Attributable to Prior Years-FICA","null"
"2023","2023-04-30","51585931","51585950","Adjustments Attributable to Prior Years-SECA","null"
"2023","2023-04-30","51585931","51585953","Total -- Federal Hospital Insurance Trust Fund","35890000000.00"
"2023","2023-04-30","51585898","51585958","Railroad Retirement:","null"
"2023","2023-04-30","51585958","51585960","Rail Pension and Supplemental Annuity","293839613.26"
"2023","2023-04-30","51585958","51585964","Social Security Equivalent Account","242753066.26"
"2023","2023-04-30","51585898","51585967","Total -- Employment and General Retirement","156568592679.52"
"2023","2023-04-30","51585897","51585970","Unemployment Insurance:","null"
"2023","2023-04-30","51585970","51585975","Deposits by States","5158163474.13"
"2023","2023-04-30","51585970","51585976","Federal Unemployment Taxes","928128313.22"
"2023","2023-04-30","51585970","51585979","Railroad Unemployment Taxes","62161714.53"
"2023","2023-04-30","51585970","51585984","Total -- Unemployment Insurance","6148453501.88"
"2023","2023-04-30","51585897","51585987","Other Retirement:","null"
"2023","2023-04-30","51585987","51585988","Federal Employees' Retirement--Employee Share","525894388.29"
"2023","2023-04-30","51585987","51585990","Non-Federal Employees Retirement","1578913.39"
"2023","2023-04-30","51585987","51585992","Total -- Other Retirement","527473301.68"
"2023","2023-04-30","51585897","51585995","Total -- Social Insurance and Retirement Receipts","163244519483.08"
"2023","2023-04-30","null","51586015","Excise Taxes:","null"
"2023","2023-04-30","51586015","51586017","Miscellaneous Excise Taxes","'-1968966408.63"
"2023","2023-04-30","51586015","51586020","Airport and Airway Trust Fund","1540744000.00"
"2023","2023-04-30","51586015","51586023","Highway Trust Fund","3734368218.62"
"2023","2023-04-30","51586015","51586026","Black Lung Disability Trust Fund","30690000.00"
"2023","2023-04-30","51586015","51586029","Total -- Excise Taxes","3336835809.99"
"2023","2023-04-30","null","51586032","Estate and Gift Taxes","1959803251.01"
"2023","2023-04-30","null","51586035","Customs Duties","6349693066.66"
"2023","2023-04-30","null","51586037","Miscellaneous Receipts:","null"
"2023","2023-04-30","51586037","51586040","Deposit of Earnings, Federal Reserve System","29134707.12"
"2023","2023-04-30","51586037","51586043","Universal Service Fund","701240949.90"
"2023","2023-04-30","51586037","51586046","All Other","1380368454.01"
"2023","2023-04-30","51586037","51586050","Total -- Miscellaneous Receipts","2110744111.03"
"2023","2023-04-30","null","51586056","Total -- Receipts","638520361158.51"
"2023","2023-04-30","51586056","51586070","Total -- On-Budget","518378361158.51"
"2023","2023-04-30","51586056","51586075","Total -- Off-Budget","120142000000.00"
"2023","2023-05-31","null","51817178","Individual Income Taxes","null"
"2023","2023-05-31","51817178","51817179","Withheld","null"
"2023","2023-05-31","51817178","51817180","Presidential Election Campaign Fund","null"
"2023","2023-05-31","51817178","51817181","Other","null"
"2023","2023-05-31","51817178","51817182","Total -- Individual Income Taxes","134183886799.94"
"2023","2023-05-31","null","51817183","Corporation Income Taxes","13789862511.45"
"2023","2023-05-31","null","51817184","Social Insurance and Retirement Receipts:","null"
"2023","2023-05-31","51817184","51817185","Employment and General Retirement:","null"
"2023","2023-05-31","51817185","51817186","Federal Old-Age and Survivors Insurance Trust Fund:","null"
"2023","2023-05-31","51817186","51817187","Federal Insurance Contributions Act Taxes","79927000000.00"
"2023","2023-05-31","51817186","51817188","Self-Employment Contributions Act Taxes","947000000.00"
"2023","2023-05-31","51817186","51817190","Adjustments Attributable to Prior Years-FICA","null"
"2023","2023-05-31","51817186","51817191","Adjustments Attrbutable to Prior Years-SECA","null"
"2023","2023-05-31","51817186","51817192","Total -- Federal Old-Age and Survivors Insurance Trust Fund","80874000000.00"
"2023","2023-05-31","51817185","51817193","Federal Disability Insurance Trust Fund:","null"
"2023","2023-05-31","51817193","51817197","Federal Insurance Contributions Act Taxes","13573000000.00"
"2023","2023-05-31","51817193","51817198","Self-Employment Contributions Act Taxes","161000000.00"
"2023","2023-05-31","51817193","51817202","Adjustments Attributable to Prior Years-FICA","null"
"2023","2023-05-31","51817193","51817204","Adjustments Attributable to Prior Years-SECA","null"
"2023","2023-05-31","51817193","51817206","Total -- Federal Disability Insurance Trust Fund","13734000000.00"
"2023","2023-05-31","51817185","51817208","Federal Hospital Insurance Trust Fund:","null"
"2023","2023-05-31","51817208","51817210","Federal Insurance Contributions Act Taxes","26476000000.00"
"2023","2023-05-31","51817208","51817212","Self-Employment Contributions Act Taxes","411000000.00"
"2023","2023-05-31","51817208","51817223","Adjustments Attributable to Prior Years-FICA","null"
"2023","2023-05-31","51817208","51817224","Adjustments Attributable to Prior Years-SECA","null"
"2023","2023-05-31","51817208","51817225","Total -- Federal Hospital Insurance Trust Fund","26887000000.00"
"2023","2023-05-31","51817185","51817226","Railroad Retirement:","null"
"2023","2023-05-31","51817226","51817228","Rail Pension and Supplemental Annuity","330231280.21"
"2023","2023-05-31","51817226","51817230","Social Security Equivalent Account","256785381.60"
"2023","2023-05-31","51817185","51817232","Total -- Employment and General Retirement","122082016661.81"
"2023","2023-05-31","51817184","51817234","Unemployment Insurance:","null"
"2023","2023-05-31","51817234","51817235","Deposits by States","14381016109.20"
"2023","2023-05-31","51817234","51817237","Federal Unemployment Taxes","3116426037.02"
"2023","2023-05-31","51817234","51817239","Railroad Unemployment Taxes","8153605.67"
"2023","2023-05-31","51817234","51817243","Total -- Unemployment Insurance","17505595751.89"
"2023","2023-05-31","51817184","51817247","Other Retirement:","null"
"2023","2023-05-31","51817247","51817255","Federal Employees' Retirement--Employee Share","620614439.89"
"2023","2023-05-31","51817247","51817259","Non-Federal Employees Retirement","1440482.77"
"2023","2023-05-31","51817247","51817262","Total -- Other Retirement","622054922.66"
"2023","2023-05-31","51817184","51817275","Total -- Social Insurance and Retirement Receipts","140209667336.36"
"2023","2023-05-31","null","51817298","Excise Taxes:","null"
"2023","2023-05-31","51817298","51817302","Miscellaneous Excise Taxes","2178965349.60"
"2023","2023-05-31","51817298","51817306","Airport and Airway Trust Fund","3359174376.42"
"2023","2023-05-31","51817298","51817311","Highway Trust Fund","2629653477.65"
"2023","2023-05-31","51817298","51817316","Black Lung Disability Trust Fund","27428259.00"
"2023","2023-05-31","51817298","51817318","Total -- Excise Taxes","8195221462.67"
"2023","2023-05-31","null","51817322","Estate and Gift Taxes","3141779905.92"
"2023","2023-05-31","null","51817327","Customs Duties","6373091749.05"
"2023","2023-05-31","null","51817331","Miscellaneous Receipts:","null"
"2023","2023-05-31","51817331","51817334","Deposit of Earnings, Federal Reserve System","36317.08"
"2023","2023-05-31","51817331","51817337","Universal Service Fund","620963869.66"
"2023","2023-05-31","51817331","51817338","All Other","972370398.28"
"2023","2023-05-31","51817331","51817339","Total -- Miscellaneous Receipts","1593370585.02"
"2023","2023-05-31","null","51817340","Total -- Receipts","307486880350.41"
"2023","2023-05-31","51817340","51817344","Total -- On-Budget","212878880350.41"
"2023","2023-05-31","51817340","51817350","Total -- Off-Budget","94608000000.00"
"2023","2023-06-30","null","52061490","Individual Income Taxes","null"
"2023","2023-06-30","52061490","52061491","Withheld","null"
"2023","2023-06-30","52061490","52061492","Presidential Election Campaign Fund","null"
"2023","2023-06-30","52061490","52061493","Other","null"
"2023","2023-06-30","52061490","52061494","Total -- Individual Income Taxes","149037100920.64"
"2023","2023-06-30","null","52061495","Corporation Income Taxes","71528192719.05"
"2023","2023-06-30","null","52061496","Social Insurance and Retirement Receipts:","null"
"2023","2023-06-30","52061496","52061497","Employment and General Retirement:","null"
"2023","2023-06-30","52061497","52061498","Federal Old-Age and Survivors Insurance Trust Fund:","null"
"2023","2023-06-30","52061498","52061499","Federal Insurance Contributions Act Taxes","87307000000.00"
"2023","2023-06-30","52061498","52061500","Self-Employment Contributions Act Taxes","6788000000.00"
"2023","2023-06-30","52061498","52061502","Adjustments Attributable to Prior Years-FICA","29151464627.22"
"2023","2023-06-30","52061498","52061503","Adjustments Attrbutable to Prior Years-SECA","392302975.81"
"2023","2023-06-30","52061498","52061504","Total -- Federal Old-Age and Survivors Insurance Trust Fund","123638767603.03"
"2023","2023-06-30","52061497","52061507","Federal Disability Insurance Trust Fund:","null"
"2023","2023-06-30","52061507","52061509","Federal Insurance Contributions Act Taxes","14826000000.00"
"2023","2023-06-30","52061507","52061511","Self-Employment Contributions Act Taxes","1153000000.00"
"2023","2023-06-30","52061507","52061515","Adjustments Attributable to Prior Years-FICA","4952891664.18"
"2023","2023-06-30","52061507","52061517","Adjustments Attributable to Prior Years-SECA","77282713.31"
"2023","2023-06-30","52061507","52061519","Total -- Federal Disability Insurance Trust Fund","21009174377.49"
"2023","2023-06-30","52061497","52061521","Federal Hospital Insurance Trust Fund:","null"
"2023","2023-06-30","52061521","52061523","Federal Insurance Contributions Act Taxes","28865000000.00"
"2023","2023-06-30","52061521","52061526","Self-Employment Contributions Act Taxes","3639000000.00"
"2023","2023-06-30","52061521","52061528","Receipts from Railroad Retirement Board","573200000.00"
"2023","2023-06-30","52061521","52061533","Adjustments Attributable to Prior Years-FICA","1155169910.43"
"2023","2023-06-30","52061521","52061537","Adjustments Attributable to Prior Years-SECA","138990501.96"
"2023","2023-06-30","52061521","52061539","Total -- Federal Hospital Insurance Trust Fund","34371360412.39"
"2023","2023-06-30","52061497","52061541","Railroad Retirement:","null"
"2023","2023-06-30","52061541","52061544","Rail Pension and Supplemental Annuity","301948512.92"
"2023","2023-06-30","52061541","52061547","Social Security Equivalent Account","'-305040449.97"
"2023","2023-06-30","52061497","52061550","Total -- Employment and General Retirement","179016210455.86"
"2023","2023-06-30","52061496","52061555","Unemployment Insurance:","null"
"2023","2023-06-30","52061555","52061558","Deposits by States","927354521.20"
"2023","2023-06-30","52061555","52061561","Federal Unemployment Taxes","40401807.69"
"2023","2023-06-30","52061555","52061563","Railroad Unemployment Taxes","36804.54"
"2023","2023-06-30","52061555","52061566","Total -- Unemployment Insurance","967793133.43"
"2023","2023-06-30","52061496","52061569","Other Retirement:","null"
"2023","2023-06-30","52061569","52061571","Federal Employees' Retirement--Employee Share","576647582.17"
"2023","2023-06-30","52061569","52061572","Non-Federal Employees Retirement","2011873.29"
"2023","2023-06-30","52061569","52061575","Total -- Other Retirement","578659455.46"
"2023","2023-06-30","52061496","52061576","Total -- Social Insurance and Retirement Receipts","180562663044.75"
"2023","2023-06-30","null","52061586","Excise Taxes:","null"
"2023","2023-06-30","52061586","52061605","Miscellaneous Excise Taxes","2409258429.43"
"2023","2023-06-30","52061586","52061607","Airport and Airway Trust Fund","1658740000.00"
"2023","2023-06-30","52061586","52061608","Highway Trust Fund","3675176267.90"
"2023","2023-06-30","52061586","52061610","Black Lung Disability Trust Fund","27609244.00"
"2023","2023-06-30","52061586","52061612","Total -- Excise Taxes","7770783941.33"
"2023","2023-06-30","null","52061613","Estate and Gift Taxes","1656099271.30"
"2023","2023-06-30","null","52061615","Customs Duties","6475488282.78"
"2023","2023-06-30","null","52061616","Miscellaneous Receipts:","null"
"2023","2023-06-30","52061616","52061617","Deposit of Earnings, Federal Reserve System","null"
"2023","2023-06-30","52061616","52061620","Universal Service Fund","649658919.12"
"2023","2023-06-30","52061616","52061622","All Other","636915269.99"
"2023","2023-06-30","52061616","52061623","Total -- Miscellaneous Receipts","1286574189.11"
"2023","2023-06-30","null","52061646","Total -- Receipts","418316902368.96"
"2023","2023-06-30","52061646","52061659","Total -- On-Budget","273668960388.44"
"2023","2023-06-30","52061646","52061663","Total -- Off-Budget","144647941980.52"
"2023","2023-07-31","null","52227768","Individual Income Taxes","null"
"2023","2023-07-31","52227768","52227769","Withheld","null"
"2023","2023-07-31","52227768","52227770","Presidential Election Campaign Fund","null"
"2023","2023-07-31","52227768","52227771","Other","null"
"2023","2023-07-31","52227768","52227772","Total -- Individual Income Taxes","131656013767.79"
"2023","2023-07-31","null","52227773","Corporation Income Taxes","14252304707.68"
"2023","2023-07-31","null","52227774","Social Insurance and Retirement Receipts:","null"
"2023","2023-07-31","52227774","52227775","Employment and General Retirement:","null"
"2023","2023-07-31","52227775","52227776","Federal Old-Age and Survivors Insurance Trust Fund:","null"
"2023","2023-07-31","52227776","52227777","Federal Insurance Contributions Act Taxes","74355000000.00"
"2023","2023-07-31","52227776","52227778","Self-Employment Contributions Act Taxes","775000000.00"
"2023","2023-07-31","52227776","52227780","Adjustments Attributable to Prior Years-FICA","null"
"2023","2023-07-31","52227776","52227781","Adjustments Attrbutable to Prior Years-SECA","null"
"2023","2023-07-31","52227776","52227782","Total -- Federal Old-Age and Survivors Insurance Trust Fund","75130000000.00"
"2023","2023-07-31","52227775","52227783","Federal Disability Insurance Trust Fund:","null"
"2023","2023-07-31","52227783","52227784","Federal Insurance Contributions Act Taxes","12627000000.00"
"2023","2023-07-31","52227783","52227788","Self-Employment Contributions Act Taxes","132000000.00"
"2023","2023-07-31","52227783","52227790","Adjustments Attributable to Prior Years-FICA","null"
"2023","2023-07-31","52227783","52227791","Adjustments Attributable to Prior Years-SECA","null"
"2023","2023-07-31","52227783","52227792","Total -- Federal Disability Insurance Trust Fund","12759000000.00"
"2023","2023-07-31","52227775","52227793","Federal Hospital Insurance Trust Fund:","null"
"2023","2023-07-31","52227793","52227794","Federal Insurance Contributions Act Taxes","25477000000.00"
"2023","2023-07-31","52227793","52227795","Self-Employment Contributions Act Taxes","364000000.00"
"2023","2023-07-31","52227793","52227796","Receipts from Railroad Retirement Board","null"
"2023","2023-07-31","52227793","52227798","Adjustments Attributable to Prior Years-FICA","null"
"2023","2023-07-31","52227793","52227799","Adjustments Attributable to Prior Years-SECA","null"
"2023","2023-07-31","52227793","52227800","Total -- Federal Hospital Insurance Trust Fund","25841000000.00"
"2023","2023-07-31","52227775","52227801","Railroad Retirement:","null"
"2023","2023-07-31","52227801","52227802","Rail Pension and Supplemental Annuity","297435038.39"
"2023","2023-07-31","52227801","52227803","Social Security Equivalent Account","267079441.97"
"2023","2023-07-31","52227775","52227804","Total -- Employment and General Retirement","114294514480.36"
"2023","2023-07-31","52227774","52227805","Unemployment Insurance:","null"
"2023","2023-07-31","52227805","52227807","Deposits by States","3263545565.47"
"2023","2023-07-31","52227805","52227810","Federal Unemployment Taxes","768242712.23"
"2023","2023-07-31","52227805","52227814","Railroad Unemployment Taxes","69468548.63"
"2023","2023-07-31","52227805","52227820","Total -- Unemployment Insurance","4101256826.33"
"2023","2023-07-31","52227774","52227825","Other Retirement:","null"
"2023","2023-07-31","52227825","52227829","Federal Employees' Retirement--Employee Share","551198377.14"
"2023","2023-07-31","52227825","52227831","Non-Federal Employees Retirement","1486173.63"
"2023","2023-07-31","52227825","52227834","Total -- Other Retirement","552684550.77"
"2023","2023-07-31","52227774","52227837","Total -- Social Insurance and Retirement Receipts","118948455857.46"
"2023","2023-07-31","null","52227839","Excise Taxes:","null"
"2023","2023-07-31","52227839","52227842","Miscellaneous Excise Taxes","'-4678929259.14"
"2023","2023-07-31","52227839","52227845","Airport and Airway Trust Fund","1676923000.00"
"2023","2023-07-31","52227839","52227849","Highway Trust Fund","3716500451.76"
"2023","2023-07-31","52227839","52227852","Black Lung Disability Trust Fund","27913000.00"
"2023","2023-07-31","52227839","52227854","Total -- Excise Taxes","742407192.62"
"2023","2023-07-31","null","52227857","Estate and Gift Taxes","1130558036.64"
"2023","2023-07-31","null","52227860","Customs Duties","6909949193.88"
"2023","2023-07-31","null","52227863","Miscellaneous Receipts:","null"
"2023","2023-07-31","52227863","52227866","Deposit of Earnings, Federal Reserve System","25009752.27"
"2023","2023-07-31","52227863","52227869","Universal Service Fund","663508550.25"
"2023","2023-07-31","52227863","52227871","All Other","1832647085.26"
"2023","2023-07-31","52227863","52227873","Total -- Miscellaneous Receipts","2521165387.78"
"2023","2023-07-31","null","52227875","Total -- Receipts","276160854143.85"
"2023","2023-07-31","52227875","52227885","Total -- On-Budget","188271854143.85"
"2023","2023-07-31","52227875","52227887","Total -- Off-Budget","87889000000.00"
"2023","2023-08-31","null","52523154","Individual Income Taxes","null"
"2023","2023-08-31","52523154","52523156","Withheld","null"
"2023","2023-08-31","52523154","52523158","Presidential Election Campaign Fund","null"
"2023","2023-08-31","52523154","52523160","Other","null"
"2023","2023-08-31","52523154","52523162","Total -- Individual Income Taxes","130260689813.88"
"2023","2023-08-31","null","52523164","Corporation Income Taxes","4310923013.46"
"2023","2023-08-31","null","52523166","Social Insurance and Retirement Receipts:","null"
"2023","2023-08-31","52523166","52523168","Employment and General Retirement:","null"
"2023","2023-08-31","52523168","52523170","Federal Old-Age and Survivors Insurance Trust Fund:","null"
"2023","2023-08-31","52523170","52523172","Federal Insurance Contributions Act Taxes","75915000000.00"
"2023","2023-08-31","52523170","52523173","Self-Employment Contributions Act Taxes","880000000.00"
"2023","2023-08-31","52523170","52523176","Adjustments Attributable to Prior Years-FICA","null"
"2023","2023-08-31","52523170","52523177","Adjustments Attrbutable to Prior Years-SECA","null"
"2023","2023-08-31","52523170","52523178","Total -- Federal Old-Age and Survivors Insurance Trust Fund","76795000000.00"
"2023","2023-08-31","52523168","52523179","Federal Disability Insurance Trust Fund:","null"
"2023","2023-08-31","52523179","52523180","Federal Insurance Contributions Act Taxes","12892000000.00"
"2023","2023-08-31","52523179","52523181","Self-Employment Contributions Act Taxes","149000000.00"
"2023","2023-08-31","52523179","52523185","Adjustments Attributable to Prior Years-FICA","null"
"2023","2023-08-31","52523179","52523186","Adjustments Attributable to Prior Years-SECA","null"
"2023","2023-08-31","52523179","52523188","Total -- Federal Disability Insurance Trust Fund","13041000000.00"
"2023","2023-08-31","52523168","52523189","Federal Hospital Insurance Trust Fund:","null"
"2023","2023-08-31","52523189","52523190","Federal Insurance Contributions Act Taxes","26119000000.00"
"2023","2023-08-31","52523189","52523192","Self-Employment Contributions Act Taxes","415000000.00"
"2023","2023-08-31","52523189","52523196","Receipts from Railroad Retirement Board","null"
"2023","2023-08-31","52523189","52523200","Adjustments Attributable to Prior Years-FICA","null"
"2023","2023-08-31","52523189","52523202","Adjustments Attributable to Prior Years-SECA","null"
"2023","2023-08-31","52523189","52523204","Total -- Federal Hospital Insurance Trust Fund","26534000000.00"
"2023","2023-08-31","52523168","52523208","Railroad Retirement:","null"
"2023","2023-08-31","52523208","52523211","Rail Pension and Supplemental Annuity","303099141.18"
"2023","2023-08-31","52523208","52523221","Social Security Equivalent Account","225044705.96"
"2023","2023-08-31","52523168","52523224","Total -- Employment and General Retirement","116898143847.14"
"2023","2023-08-31","52523166","52523225","Unemployment Insurance:","null"
"2023","2023-08-31","52523225","52523227","Deposits by States","3980165241.81"
"2023","2023-08-31","52523225","52523229","Federal Unemployment Taxes","34822534.54"
"2023","2023-08-31","52523225","52523231","Railroad Unemployment Taxes","976681.80"
"2023","2023-08-31","52523225","52523240","Total -- Unemployment Insurance","4015964458.15"
"2023","2023-08-31","52523166","52523242","Other Retirement:","null"
"2023","2023-08-31","52523242","52523243","Federal Employees' Retirement--Employee Share","558536145.85"
"2023","2023-08-31","52523242","52523245","Non-Federal Employees Retirement","2252143.50"
"2023","2023-08-31","52523242","52523247","Total -- Other Retirement","560788289.35"
"2023","2023-08-31","52523166","52523249","Total -- Social Insurance and Retirement Receipts","121474896594.64"
"2023","2023-08-31","null","52523252","Excise Taxes:","null"
"2023","2023-08-31","52523252","52523254","Miscellaneous Excise Taxes","3224983020.41"
"2023","2023-08-31","52523252","52523255","Airport and Airway Trust Fund","844829327.44"
"2023","2023-08-31","52523252","52523274","Highway Trust Fund","4351286468.47"
"2023","2023-08-31","52523252","52523280","Black Lung Disability Trust Fund","24969254.00"
"2023","2023-08-31","52523252","52523286","Total -- Excise Taxes","8446068070.32"
"2023","2023-08-31","null","52523291","Estate and Gift Taxes","2877426826.66"
"2023","2023-08-31","null","52523294","Customs Duties","6325140881.04"
"2023","2023-08-31","null","52523300","Miscellaneous Receipts:","null"
"2023","2023-08-31","52523300","52523304","Deposit of Earnings, Federal Reserve System","null"
"2023","2023-08-31","52523300","52523307","Universal Service Fund","661015128.37"
"2023","2023-08-31","52523300","52523310","All Other","8774045828.89"
"2023","2023-08-31","52523300","52523313","Total -- Miscellaneous Receipts","9435060957.26"
"2023","2023-08-31","null","52523318","Total -- Receipts","283130206157.26"
"2023","2023-08-31","52523318","52523334","Total -- On-Budget","193294206157.26"
"2023","2023-08-31","52523318","52523343","Total -- Off-Budget","89836000000.00"
"2023","2023-09-30","null","52761127","Individual Income Taxes","null"
"2023","2023-09-30","52761127","52761132","Withheld","null"
"2023","2023-09-30","52761127","52761136","Presidential Election Campaign Fund","null"
"2023","2023-09-30","52761127","52761139","Other","null"
"2023","2023-09-30","52761127","52761141","Total -- Individual Income Taxes","221020699813.35"
"2023","2023-09-30","null","52761144","Corporation Income Taxes","95128247456.24"
"2023","2023-09-30","null","52761164","Social Insurance and Retirement Receipts:","null"
"2023","2023-09-30","52761164","52761168","Employment and General Retirement:","null"
"2023","2023-09-30","52761168","52761174","Federal Old-Age and Survivors Insurance Trust Fund:","null"
"2023","2023-09-30","52761174","52761178","Federal Insurance Contributions Act Taxes","74570154600.00"
"2023","2023-09-30","52761174","52761181","Self-Employment Contributions Act Taxes","8277000000.01"
"2023","2023-09-30","52761174","52761207","Adjustments Attributable to Prior Years-FICA","12995503.09"
"2023","2023-09-30","52761174","52761209","Adjustments Attrbutable to Prior Years-SECA","'-1098131.63"
"2023","2023-09-30","52761174","52761211","Total -- Federal Old-Age and Survivors Insurance Trust Fund","82859051971.47"
"2023","2023-09-30","52761168","52761214","Federal Disability Insurance Trust Fund:","null"
"2023","2023-09-30","52761214","52761216","Federal Insurance Contributions Act Taxes","12660137400.00"
"2023","2023-09-30","52761214","52761218","Self-Employment Contributions Act Taxes","1406000000.00"
"2023","2023-09-30","52761214","52761224","Adjustments Attributable to Prior Years-FICA","2779394.18"
"2023","2023-09-30","52761214","52761227","Adjustments Attributable to Prior Years-SECA","'-187066.70"
"2023","2023-09-30","52761214","52761230","Total -- Federal Disability Insurance Trust Fund","14068729727.48"
"2023","2023-09-30","52761168","52761233","Federal Hospital Insurance Trust Fund:","null"
"2023","2023-09-30","52761233","52761236","Federal Insurance Contributions Act Taxes","27666991180.62"
"2023","2023-09-30","52761233","52761239","Self-Employment Contributions Act Taxes","4295000000.00"
"2023","2023-09-30","52761233","52761242","Receipts from Railroad Retirement Board","null"
"2023","2023-09-30","52761233","52761248","Adjustments Attributable to Prior Years-FICA","3598533.96"
"2023","2023-09-30","52761233","52761251","Adjustments Attributable to Prior Years-SECA","176422.57"
"2023","2023-09-30","52761233","52761254","Total -- Federal Hospital Insurance Trust Fund","31965766137.15"
"2023","2023-09-30","52761168","52761257","Railroad Retirement:","null"
"2023","2023-09-30","52761257","52761260","Rail Pension and Supplemental Annuity","275417528.33"
"2023","2023-09-30","52761257","52761263","Social Security Equivalent Account","249808912.02"
"2023","2023-09-30","52761168","52761268","Total -- Employment and General Retirement","129418774276.45"
"2023","2023-09-30","52761164","52761271","Unemployment Insurance:","null"
"2023","2023-09-30","52761271","52761274","Deposits by States","229251913.01"
"2023","2023-09-30","52761271","52761277","Federal Unemployment Taxes","18822449.52"
"2023","2023-09-30","52761271","52761280","Railroad Unemployment Taxes","45102.47"
"2023","2023-09-30","52761271","52761285","Total -- Unemployment Insurance","248119465.00"
"2023","2023-09-30","52761164","52761287","Other Retirement:","null"
"2023","2023-09-30","52761287","52761290","Federal Employees' Retirement--Employee Share","717179777.87"
"2023","2023-09-30","52761287","52761292","Non-Federal Employees Retirement","1877652.07"
"2023","2023-09-30","52761287","52761295","Total -- Other Retirement","719057429.94"
"2023","2023-09-30","52761164","52761299","Total -- Social Insurance and Retirement Receipts","130385951171.39"
"2023","2023-09-30","null","52761302","Excise Taxes:","null"
"2023","2023-09-30","52761302","52761305","Miscellaneous Excise Taxes","'-2363551045.88"
"2023","2023-09-30","52761302","52761307","Airport and Airway Trust Fund","2420939517.75"
"2023","2023-09-30","52761302","52761309","Highway Trust Fund","7093138917.95"
"2023","2023-09-30","52761302","52761313","Black Lung Disability Trust Fund","46970000.00"
"2023","2023-09-30","52761302","52761316","Total -- Excise Taxes","7197497389.82"
"2023","2023-09-30","null","52761320","Estate and Gift Taxes","1829597083.00"
"2023","2023-09-30","null","52761323","Customs Duties","6678440109.14"
"2023","2023-09-30","null","52761326","Miscellaneous Receipts:","null"
"2023","2023-09-30","52761326","52761330","Deposit of Earnings, Federal Reserve System","null"
"2023","2023-09-30","52761326","52761331","Universal Service Fund","655890269.54"
"2023","2023-09-30","52761326","52761332","All Other","4576360077.48"
"2023","2023-09-30","52761326","52761333","Total -- Miscellaneous Receipts","5232250347.02"
"2023","2023-09-30","null","52761334","Total -- Receipts","467472683369.96"
"2023","2023-09-30","52761334","52761335","Total -- On-Budget","370544901671.01"
"2023","2023-09-30","52761334","52761336","Total -- Off-Budget","96927781698.95"
"2024","2024-05-31","54021658","54021681","Other","null"
"2024","2024-06-30","54224753","54224762","Adjustments Attributable to Prior Years-SECA","'-26765553.83"
"2024","2024-06-30","54224753","54224763","Total -- Federal Hospital Insurance Trust Fund","41233301174.46"
"2024","2024-06-30","54224671","54224675","Self-Employment Contributions Act Taxes","7897000000.00"
"2024","2024-06-30","54224671","54224689","Adjustments Attributable to Prior Years-FICA","18781446218.84"
"2024","2024-06-30","54224671","54224697","Adjustments Attrbutable to Prior Years-SECA","103171668.72"
"2024","2024-06-30","54224671","54224706","Total -- Federal Old-Age and Survivors Insurance Trust Fund","119002617887.56"
"2024","2024-06-30","54224669","54224711","Federal Disability Insurance Trust Fund:","null"
"2024","2024-06-30","54224711","54224715","Federal Insurance Contributions Act Taxes","15660000000.00"
"2024","2024-06-30","54224711","54224728","Adjustments Attributable to Prior Years-FICA","3189425912.92"
"2024","2024-09-30","54962210","54962211","Employment and General Retirement:","null"
"2024","2024-06-30","54224667","54224669","Employment and General Retirement:","null"
"2024","2024-06-30","54224669","54224671","Federal Old-Age and Survivors Insurance Trust Fund:","null"
"2024","2024-06-30","54224671","54224673","Federal Insurance Contributions Act Taxes","92221000000.00"
"2024","2024-05-31","54021818","54021831","Black Lung Disability Trust Fund","26000000.00"
"2024","2024-05-31","54021857","54021864","Total -- On-Budget","223648986978.40"
"2024","2024-05-31","54021857","54021868","Total -- Off-Budget","99998000000.00"
"2024","2024-05-31","null","54021857","Total -- Receipts","323646986978.40"
"2024","2024-06-30","54224753","54224759","Receipts from Railroad Retirement Board","645200000.00"
"2024","2024-06-30","54224753","54224761","Adjustments Attributable to Prior Years-FICA","5333866728.29"
"2024","2024-09-30","54962256","54962273","Adjustments Attributable to Prior Years-FICA","193648.31"
"2024","2024-06-30","54224753","54224755","Federal Insurance Contributions Act Taxes","30739000000.00"
"2024","2024-06-30","54224753","54224758","Self-Employment Contributions Act Taxes","4542000000.00"
"2024","2024-09-30","54962308","54962315","Total -- Other Retirement","709542740.73"
"2024","2024-09-30","54962210","54962317","Total -- Social Insurance and Retirement Receipts","142651931280.92"
"2024","2024-09-30","54962319","54962321","Miscellaneous Excise Taxes","6285246633.59"
"2024","2024-09-30","54962319","54962323","Airport and Airway Trust Fund","1860950336.63"
"2024","2024-06-30","null","54224665","Corporation Income Taxes","81353911330.26"
"2024","2024-06-30","null","54224667","Social Insurance and Retirement Receipts:","null"
"2024","2024-06-30","54224711","54224737","Adjustments Attributable to Prior Years-SECA","18181421.70"
"2024","2024-06-30","54224711","54224748","Total -- Federal Disability Insurance Trust Fund","20208607334.62"
"2024","2024-09-30","54962197","54962202","Presidential Election Campaign Fund","null"
"2024","2024-05-31","54021691","54021774","Federal Hospital Insurance Trust Fund:","null"
"2024","2024-09-30","54962214","54962226","Adjustments Attrbutable to Prior Years-SECA","'-2551559.18"
"2024","2024-05-31","54021842","54021844","Deposit of Earnings, Federal Reserve System","603896394.01"
"2024","2024-07-31","54441016","54441018","Presidential Election Campaign Fund","null"
"2024","2024-05-31","null","54021689","Social Insurance and Retirement Receipts:","null"
"2024","2024-09-30","54962256","54962263","Self-Employment Contributions Act Taxes","4340000000.00"
"2024","2024-09-30","54962256","54962267","Receipts from Railroad Retirement Board","null"
"2024","2024-09-30","54962256","54962277","Adjustments Attributable to Prior Years-SECA","'-234649.66"
"2024","2024-09-30","54962256","54962280","Total -- Federal Hospital Insurance Trust Fund","34253958998.65"
"2024","2024-09-30","54962296","54962302","Railroad Unemployment Taxes","50855.85"
"2024","2024-09-30","54962296","54962306","Total -- Unemployment Insurance","864557112.04"
"2024","2024-07-31","54441030","54441053","Federal Disability Insurance Trust Fund:","null"
"2024","2024-05-31","54021842","54021853","Total -- Miscellaneous Receipts","4156825289.12"
"2024","2024-07-31","54441027","54441148","Other Retirement:","null"
"2024","2024-09-30","54962214","54962229","Total -- Federal Old-Age and Survivors Insurance Trust Fund","90781695645.39"
"2024","2024-09-30","54962211","54962232","Federal Disability Insurance Trust Fund:","null"
"2024","2024-05-31","54021658","54021679","Presidential Election Campaign Fund","null"
"2024","2024-09-30","54962211","54962256","Federal Hospital Insurance Trust Fund:","null"
"2024","2024-07-31","54441192","54441199","Universal Service Fund","692431897.24"
"2024","2024-07-31","54441192","54441201","All Other","2574547401.96"
"2024","2024-05-31","54021754","54021771","Total -- Federal Disability Insurance Trust Fund","14516000000.00"
"2024","2024-05-31","54021774","54021776","Federal Insurance Contributions Act Taxes","28197000000.00"
"2024","2024-05-31","54021774","54021778","Self-Employment Contributions Act Taxes","495000000.00"
"2024","2024-07-31","54441192","54441204","Total -- Miscellaneous Receipts","3688278627.95"
"2024","2024-07-31","null","54441207","Total -- Receipts","330377428300.09"
"2024","2024-07-31","54441207","54441221","Total -- On-Budget","235959428300.09"
"2024","2024-07-31","54441207","54441228","Total -- Off-Budget","94418000000.00"
"2024","2024-05-31","54021754","54021768","Adjustments Attributable to Prior Years-SECA","null"
"2024","2023-10-31","null","52951782","Individual Income Taxes","null"
"2024","2023-10-31","52951782","52951783","Withheld","null"
"2024","2023-10-31","52951782","52951785","Presidential Election Campaign Fund","null"
"2024","2023-10-31","52951782","52951786","Other","null"
"2024","2023-10-31","52951782","52951790","Total -- Individual Income Taxes","219908490044.97"
"2024","2023-10-31","null","52951793","Corporation Income Taxes","48208044225.24"
"2024","2023-10-31","null","52951797","Social Insurance and Retirement Receipts:","null"
"2024","2023-10-31","52951797","52951800","Employment and General Retirement:","null"
"2024","2023-10-31","52951800","52951804","Federal Old-Age and Survivors Insurance Trust Fund:","null"
"2024","2023-10-31","52951804","52951809","Federal Insurance Contributions Act Taxes","69396000000.00"
"2024","2023-10-31","52951804","52951812","Self-Employment Contributions Act Taxes","347000000.00"
"2024","2023-10-31","52951804","52951826","Total -- Federal Old-Age and Survivors Insurance Trust Fund","69743000000.00"
"2024","2023-10-31","52951800","52951830","Federal Disability Insurance Trust Fund:","null"
"2024","2023-10-31","52951830","52951832","Federal Insurance Contributions Act Taxes","11784000000.00"
"2024","2023-10-31","52951830","52951834","Self-Employment Contributions Act Taxes","59000000.00"
"2024","2023-10-31","52951830","52951844","Total -- Federal Disability Insurance Trust Fund","11843000000.00"
"2024","2023-10-31","52951800","52951846","Federal Hospital Insurance Trust Fund:","null"
"2024","2023-10-31","52951846","52951849","Federal Insurance Contributions Act Taxes","27876000000.00"
"2024","2023-10-31","52951846","52951851","Self-Employment Contributions Act Taxes","161000000.00"
"2024","2023-10-31","52951846","52951881","Total -- Federal Hospital Insurance Trust Fund","28037000000.00"
"2024","2023-10-31","52951800","52951883","Railroad Retirement:","null"
"2024","2023-10-31","52951883","52951885","Rail Pension and Supplemental Annuity","269691569.27"
"2024","2023-10-31","52951883","52951887","Social Security Equivalent Account","261792129.64"
"2024","2023-10-31","52951800","52951888","Total -- Employment and General Retirement","110154483698.91"
"2024","2023-10-31","52951797","52951890","Unemployment Insurance:","null"
"2024","2023-10-31","52951890","52951892","Deposits by States","2716581327.00"
"2024","2023-10-31","52951890","52951894","Federal Unemployment Taxes","624641000.49"
"2024","2023-10-31","52951890","52951896","Railroad Unemployment Taxes","69632776.18"
"2024","2023-10-31","52951890","52951900","Total -- Unemployment Insurance","3410855103.67"
"2024","2023-10-31","52951797","52951902","Other Retirement:","null"
"2024","2023-10-31","52951902","52951904","Federal Employees' Retirement--Employee Share","643850613.74"
"2024","2023-10-31","52951902","52951906","Non-Federal Employees Retirement","1048155.25"
"2024","2023-10-31","52951902","52951908","Total -- Other Retirement","644898768.99"
"2024","2023-10-31","52951797","52951910","Total -- Social Insurance and Retirement Receipts","114210237571.57"
"2024","2023-10-31","null","52951912","Excise Taxes:","null"
"2024","2023-10-31","52951912","52951914","Miscellaneous Excise Taxes","5811311552.89"
"2024","2023-10-31","52951912","52951916","Airport and Airway Trust Fund","381865000.00"
"2024","2023-10-31","52951912","52951918","Highway Trust Fund","1062678733.38"
"2024","2023-10-31","52951912","52951920","Black Lung Disability Trust Fund","7062000.00"
"2024","2023-10-31","52951912","52951922","Total -- Excise Taxes","7262917286.27"
"2024","2023-10-31","null","52951924","Estate and Gift Taxes","4460434123.80"
"2024","2023-10-31","null","52951926","Customs Duties","6902737488.69"
"2024","2023-10-31","null","52951928","Miscellaneous Receipts:","null"
"2024","2023-10-31","52951928","52951930","Deposit of Earnings, Federal Reserve System","133554711.00"
"2024","2023-10-31","52951928","52951932","Universal Service Fund","662912451.24"
"2024","2023-10-31","52951928","52951934","All Other","1684213017.02"
"2024","2023-10-31","52951928","52951936","Total -- Miscellaneous Receipts","2480680179.26"
"2024","2023-10-31","null","52951938","Total -- Receipts","403433540919.80"
"2024","2023-10-31","52951938","52951946","Total -- On-Budget","321847540919.80"
"2024","2023-10-31","52951938","52951983","Total -- Off-Budget","81586000000.00"
"2024","2024-09-30","54962214","54962224","Adjustments Attributable to Prior Years-FICA","'-259116795.43"
"2024","2024-09-30","54962232","54962236","Federal Insurance Contributions Act Taxes","13961892000.00"
"2024","2024-09-30","54962232","54962238","Self-Employment Contributions Act Taxes","1498000000.00"
"2024","2024-09-30","54962232","54962246","Adjustments Attributable to Prior Years-FICA","'-43788499.19"
"2024","2024-09-30","54962232","54962249","Adjustments Attributable to Prior Years-SECA","'-433976.96"
"2024","2024-09-30","54962232","54962253","Total -- Federal Disability Insurance Trust Fund","15415669523.85"
"2024","2024-09-30","54962256","54962260","Federal Insurance Contributions Act Taxes","29914000000.00"
"2024","2024-09-30","54962308","54962311","Federal Employees' Retirement--Employee Share","706108961.53"
"2024","2023-11-30","null","53063492","Individual Income Taxes","null"
"2024","2023-11-30","53063492","53063493","Withheld","null"
"2024","2023-11-30","53063492","53063494","Presidential Election Campaign Fund","null"
"2024","2023-11-30","53063492","53063495","Other","null"
"2024","2023-11-30","53063492","53063496","Total -- Individual Income Taxes","126892605992.93"
"2024","2023-11-30","null","53063497","Corporation Income Taxes","7801178277.36"
"2024","2023-11-30","null","53063499","Social Insurance and Retirement Receipts:","null"
"2024","2023-11-30","53063499","53063500","Employment and General Retirement:","null"
"2024","2023-11-30","53063500","53063501","Federal Old-Age and Survivors Insurance Trust Fund:","null"
"2024","2023-11-30","53063501","53063502","Federal Insurance Contributions Act Taxes","74915000000.00"
"2024","2023-11-30","53063501","53063503","Self-Employment Contributions Act Taxes","172000000.00"
"2024","2023-11-30","53063501","53063508","Total -- Federal Old-Age and Survivors Insurance Trust Fund","75087000000.00"
"2024","2023-11-30","53063500","53063509","Federal Disability Insurance Trust Fund:","null"
"2024","2023-11-30","53063509","53063511","Federal Insurance Contributions Act Taxes","12721000000.00"
"2024","2023-11-30","53063509","53063513","Self-Employment Contributions Act Taxes","29000000.00"
"2024","2023-11-30","53063509","53063527","Total -- Federal Disability Insurance Trust Fund","12750000000.00"
"2024","2023-11-30","53063500","53063530","Federal Hospital Insurance Trust Fund:","null"
"2024","2023-11-30","53063530","53063533","Federal Insurance Contributions Act Taxes","30308000000.00"
"2024","2023-11-30","53063530","53063538","Self-Employment Contributions Act Taxes","80000000.00"
"2024","2023-11-30","53063530","53063560","Total -- Federal Hospital Insurance Trust Fund","30388000000.00"
"2024","2023-11-30","53063500","53063564","Railroad Retirement:","null"
"2024","2023-11-30","53063564","53063569","Rail Pension and Supplemental Annuity","229697841.52"
"2024","2023-11-30","53063564","53063573","Social Security Equivalent Account","224762669.43"
"2024","2023-11-30","53063500","53063577","Total -- Employment and General Retirement","118679460510.95"
"2024","2023-11-30","53063499","53063583","Unemployment Insurance:","null"
"2024","2023-11-30","53063583","53063588","Deposits by States","2732358279.55"
"2024","2023-11-30","53063583","53063591","Federal Unemployment Taxes","28225477.03"
"2024","2023-11-30","53063583","53063595","Railroad Unemployment Taxes","925631.61"
"2024","2023-11-30","53063583","53063600","Total -- Unemployment Insurance","2761509388.19"
"2024","2023-11-30","53063499","53063604","Other Retirement:","null"
"2024","2023-11-30","53063604","53063606","Federal Employees' Retirement--Employee Share","605078399.88"
"2024","2023-11-30","53063604","53063610","Non-Federal Employees Retirement","895356.22"
"2024","2023-11-30","53063604","53063614","Total -- Other Retirement","605973756.10"
"2024","2023-11-30","53063499","53063616","Total -- Social Insurance and Retirement Receipts","122046943655.24"
"2024","2023-11-30","null","53063619","Excise Taxes:","null"
"2024","2023-11-30","53063619","53063622","Miscellaneous Excise Taxes","1514343044.73"
"2024","2023-11-30","53063619","53063624","Airport and Airway Trust Fund","2015389000.00"
"2024","2023-11-30","53063619","53063627","Highway Trust Fund","4131825483.52"
"2024","2023-11-30","53063619","53063630","Black Lung Disability Trust Fund","29309000.00"
"2024","2023-11-30","53063619","53063633","Total -- Excise Taxes","7690866528.25"
"2024","2023-11-30","null","53063636","Estate and Gift Taxes","2320907869.10"
"2024","2023-11-30","null","53063637","Customs Duties","6296206194.39"
"2024","2023-11-30","null","53063640","Miscellaneous Receipts:","null"
"2024","2023-11-30","53063640","53063643","Deposit of Earnings, Federal Reserve System","279138144.96"
"2024","2023-11-30","53063640","53063646","Universal Service Fund","690604251.39"
"2024","2023-11-30","53063640","53063649","All Other","811584867.53"
"2024","2023-11-30","53063640","53063652","Total -- Miscellaneous Receipts","1781327263.88"
"2024","2023-11-30","null","53063655","Total -- Receipts","274830035781.15"
"2024","2023-11-30","53063655","53063660","Total -- On-Budget","186993035781.15"
"2024","2023-11-30","53063655","53063664","Total -- Off-Budget","87837000000.00"
"2024","2024-09-30","54962197","54962203","Other","null"
"2024","2024-09-30","54962197","54962206","Total -- Individual Income Taxes","250057480042.22"
"2024","2024-09-30","null","54962207","Corporation Income Taxes","108555215801.52"
"2024","2024-09-30","54962211","54962214","Federal Old-Age and Survivors Insurance Trust Fund:","null"
"2024","2024-05-31","54021818","54021834","Total -- Excise Taxes","7635311526.52"
"2024","2024-05-31","54021842","54021850","All Other","2848299060.93"
"2024","2024-09-30","54962214","54962217","Federal Insurance Contributions Act Taxes","82219364000.00"
"2024","2024-09-30","54962214","54962220","Self-Employment Contributions Act Taxes","8824000000.00"
"2024","2024-09-30","54962308","54962313","Non-Federal Employees Retirement","3433779.20"
"2024","2023-12-31","null","53158512","Individual Income Taxes","null"
"2024","2023-12-31","53158512","53158513","Withheld","null"
"2024","2023-12-31","53158512","53158514","Presidential Election Campaign Fund","null"
"2024","2023-12-31","53158512","53158515","Other","null"
"2024","2023-12-31","53158512","53158516","Total -- Individual Income Taxes","178207906187.19"
"2024","2023-12-31","null","53158517","Corporation Income Taxes","93925134289.60"
"2024","2023-12-31","null","53158523","Social Insurance and Retirement Receipts:","null"
"2024","2023-12-31","53158523","53158524","Employment and General Retirement:","null"
"2024","2023-12-31","53158524","53158535","Federal Old-Age and Survivors Insurance Trust Fund:","null"
"2024","2023-12-31","53158535","53158542","Federal Insurance Contributions Act Taxes","79550000000.00"
"2024","2023-12-31","53158535","53158546","Self-Employment Contributions Act Taxes","650000000.00"
"2024","2023-12-31","53158535","53158550","Adjustments Attributable to Prior Years-FICA","4314578077.79"
"2024","2023-12-31","53158535","53158552","Adjustments Attrbutable to Prior Years-SECA","2839669568.65"
"2024","2023-12-31","53158535","53158554","Total -- Federal Old-Age and Survivors Insurance Trust Fund","87354247646.44"
"2024","2023-12-31","53158524","53158556","Federal Disability Insurance Trust Fund:","null"
"2024","2023-12-31","53158556","53158557","Federal Insurance Contributions Act Taxes","13509000000.00"
"2024","2023-12-31","53158556","53158559","Self-Employment Contributions Act Taxes","111000000.00"
"2024","2023-12-31","53158556","53158561","Adjustments Attributable to Prior Years-FICA","737680833.41"
"2024","2023-12-31","53158556","53158562","Adjustments Attributable to Prior Years-SECA","491369270.53"
"2024","2023-12-31","53158556","53158564","Total -- Federal Disability Insurance Trust Fund","14849050103.94"
"2024","2023-12-31","53158524","53158566","Federal Hospital Insurance Trust Fund:","null"
"2024","2023-12-31","53158566","53158570","Federal Insurance Contributions Act Taxes","32373000000.00"
"2024","2023-12-31","53158566","53158573","Self-Employment Contributions Act Taxes","345000000.00"
"2024","2023-12-31","53158566","53158581","Adjustments Attributable to Prior Years-FICA","1868493878.31"
"2024","2023-12-31","53158566","53158585","Adjustments Attributable to Prior Years-SECA","2693807236.46"
"2024","2023-12-31","53158566","53158588","Total -- Federal Hospital Insurance Trust Fund","37280301114.77"
"2024","2023-12-31","53158524","53158591","Railroad Retirement:","null"
"2024","2023-12-31","53158591","53158594","Rail Pension and Supplemental Annuity","224288964.54"
"2024","2023-12-31","53158591","53158597","Social Security Equivalent Account","273893967.84"
"2024","2023-12-31","53158524","53158601","Total -- Employment and General Retirement","139981781797.53"
"2024","2023-12-31","53158523","53158603","Unemployment Insurance:","null"
"2024","2023-12-31","53158603","53158606","Deposits by States","326311489.34"
"2024","2023-12-31","53158603","53158608","Federal Unemployment Taxes","44153004.74"
"2024","2023-12-31","53158603","53158639","Railroad Unemployment Taxes","103409.73"
"2024","2023-12-31","53158603","53158664","Total -- Unemployment Insurance","370567903.81"
"2024","2023-12-31","53158523","53158666","Other Retirement:","null"
"2024","2023-12-31","53158666","53158668","Federal Employees' Retirement--Employee Share","578819266.27"
"2024","2023-12-31","53158666","53158670","Non-Federal Employees Retirement","1522406.14"
"2024","2023-12-31","53158666","53158672","Total -- Other Retirement","580341672.41"
"2024","2023-12-31","53158523","53158674","Total -- Social Insurance and Retirement Receipts","140932691373.75"
"2024","2023-12-31","null","53158677","Excise Taxes:","null"
"2024","2023-12-31","53158677","53158682","Miscellaneous Excise Taxes","1686510114.18"
"2024","2023-12-31","53158677","53158686","Airport and Airway Trust Fund","1726043000.00"
"2024","2023-12-31","53158677","53158692","Highway Trust Fund","3534333435.25"
"2024","2023-12-31","53158677","53158695","Black Lung Disability Trust Fund","25100000.00"
"2024","2023-12-31","53158677","53158699","Total -- Excise Taxes","6971986549.43"
"2024","2023-12-31","null","53158700","Estate and Gift Taxes","1654492363.95"
"2024","2023-12-31","null","53158703","Customs Duties","5744452854.98"
"2024","2023-12-31","null","53158706","Miscellaneous Receipts:","null"
"2024","2023-12-31","53158706","53158709","Deposit of Earnings, Federal Reserve System","130461758.47"
"2024","2023-12-31","53158706","53158713","Universal Service Fund","702498584.53"
"2024","2023-12-31","53158706","53158715","All Other","1041030604.18"
"2024","2023-12-31","53158706","53158717","Total -- Miscellaneous Receipts","1873990947.18"
"2024","2023-12-31","null","53158721","Total -- Receipts","429310654566.08"
"2024","2023-12-31","53158721","53158757","Total -- On-Budget","327107356815.70"
"2024","2023-12-31","53158721","53158762","Total -- Off-Budget","102203297750.38"
"2024","2024-05-31","54021689","54021691","Employment and General Retirement:","null"
"2024","2024-07-31","54441148","54441150","Non-Federal Employees Retirement","1792801.79"
"2024","2024-07-31","null","54441154","Excise Taxes:","null"
"2024","2024-01-31","null","53293841","Individual Income Taxes","null"
"2024","2024-01-31","53293841","53293842","Withheld","null"
"2024","2024-01-31","53293841","53293843","Presidential Election Campaign Fund","null"
"2024","2024-01-31","53293841","53293844","Other","null"
"2024","2024-01-31","53293841","53293845","Total -- Individual Income Taxes","282579404979.89"
"2024","2024-01-31","null","53293846","Corporation Income Taxes","19642851466.40"
"2024","2024-01-31","null","53293847","Social Insurance and Retirement Receipts:","null"
"2024","2024-01-31","53293847","53293848","Employment and General Retirement:","null"
"2024","2024-01-31","53293848","53293849","Federal Old-Age and Survivors Insurance Trust Fund:","null"
"2024","2024-01-31","53293849","53293850","Federal Insurance Contributions Act Taxes","90926000000.00"
"2024","2024-01-31","53293849","53293851","Self-Employment Contributions Act Taxes","9089000000.00"
"2024","2024-01-31","53293849","53293853","Adjustments Attributable to Prior Years-FICA","null"
"2024","2024-01-31","53293849","53293854","Adjustments Attrbutable to Prior Years-SECA","null"
"2024","2024-01-31","53293849","53293855","Total -- Federal Old-Age and Survivors Insurance Trust Fund","100015000000.00"
"2024","2024-01-31","53293848","53293856","Federal Disability Insurance Trust Fund:","null"
"2024","2024-01-31","53293856","53293857","Federal Insurance Contributions Act Taxes","15441000000.00"
"2024","2024-01-31","53293856","53293864","Self-Employment Contributions Act Taxes","1543000000.00"
"2024","2024-01-31","53293856","53293873","Adjustments Attributable to Prior Years-FICA","null"
"2024","2024-01-31","53293856","53293875","Adjustments Attributable to Prior Years-SECA","null"
"2024","2024-01-31","53293856","53293878","Total -- Federal Disability Insurance Trust Fund","16984000000.00"
"2024","2024-01-31","53293848","53293899","Federal Hospital Insurance Trust Fund:","null"
"2024","2024-01-31","53293899","53293909","Federal Insurance Contributions Act Taxes","30308000000.00"
"2024","2024-01-31","53293899","53293914","Self-Employment Contributions Act Taxes","4145000000.00"
"2024","2024-01-31","53293899","53293921","Adjustments Attributable to Prior Years-FICA","null"
"2024","2024-01-31","53293899","53293925","Adjustments Attributable to Prior Years-SECA","null"
"2024","2024-01-31","53293899","53293930","Total -- Federal Hospital Insurance Trust Fund","34453000000.00"
"2024","2024-01-31","53293848","53293933","Railroad Retirement:","null"
"2024","2024-01-31","53293933","53293937","Rail Pension and Supplemental Annuity","327041918.24"
"2024","2024-01-31","53293933","53293941","Social Security Equivalent Account","228729724.49"
"2024","2024-01-31","53293848","53293944","Total -- Employment and General Retirement","152007771642.73"
"2024","2024-01-31","53293847","53293947","Unemployment Insurance:","null"
"2024","2024-01-31","53293947","53293950","Deposits by States","2172877941.86"
"2024","2024-01-31","53293947","53293952","Federal Unemployment Taxes","1689908887.41"
"2024","2024-01-31","53293947","53293955","Railroad Unemployment Taxes","69183292.71"
"2024","2024-01-31","53293947","53293961","Total -- Unemployment Insurance","3931970121.98"
"2024","2024-01-31","53293847","53293963","Other Retirement:","null"
"2024","2024-01-31","53293963","53293965","Federal Employees' Retirement--Employee Share","580191322.91"
"2024","2024-01-31","53293963","53293968","Non-Federal Employees Retirement","3270838.97"
"2024","2024-01-31","53293963","53293971","Total -- Other Retirement","583462161.88"
"2024","2024-01-31","53293847","53293974","Total -- Social Insurance and Retirement Receipts","156523203926.59"
"2024","2024-01-31","null","53293977","Excise Taxes:","null"
"2024","2024-01-31","53293977","53293980","Miscellaneous Excise Taxes","1553414968.54"
"2024","2024-01-31","53293977","53293983","Airport and Airway Trust Fund","1650557000.00"
"2024","2024-01-31","53293977","53293986","Highway Trust Fund","3378061328.50"
"2024","2024-01-31","53293977","53293990","Black Lung Disability Trust Fund","24004000.00"
"2024","2024-01-31","53293977","53293993","Total -- Excise Taxes","6606037297.04"
"2024","2024-01-31","null","53293996","Estate and Gift Taxes","3073125008.44"
"2024","2024-01-31","null","53293998","Customs Duties","6476625976.12"
"2024","2024-01-31","null","53294001","Miscellaneous Receipts:","null"
"2024","2024-01-31","53294001","53294004","Deposit of Earnings, Federal Reserve System","121430329.60"
"2024","2024-01-31","53294001","53294007","Universal Service Fund","697687073.15"
"2024","2024-01-31","53294001","53294010","All Other","1599289399.93"
"2024","2024-01-31","53294001","53294013","Total -- Miscellaneous Receipts","2418406802.68"
"2024","2024-01-31","null","53294016","Total -- Receipts","477319655457.16"
"2024","2024-01-31","53294016","53294036","Total -- On-Budget","360320655457.16"
"2024","2024-01-31","53294016","53294038","Total -- Off-Budget","116999000000.00"
"2024","2024-02-29","null","53471562","Individual Income Taxes","null"
"2024","2024-02-29","53471562","53471572","Withheld","null"
"2024","2024-02-29","53471562","53471573","Presidential Election Campaign Fund","null"
"2024","2024-02-29","53471562","53471574","Other","null"
"2024","2024-02-29","53471562","53471575","Total -- Individual Income Taxes","120884275563.46"
"2024","2024-02-29","null","53471576","Corporation Income Taxes","4887813409.65"
"2024","2024-02-29","null","53471577","Social Insurance and Retirement Receipts:","null"
"2024","2024-02-29","53471577","53471579","Employment and General Retirement:","null"
"2024","2024-02-29","53471579","53471581","Federal Old-Age and Survivors Insurance Trust Fund:","null"
"2024","2024-02-29","53471581","53471588","Federal Insurance Contributions Act Taxes","83057000000.00"
"2024","2024-02-29","53471581","53471589","Self-Employment Contributions Act Taxes","532000000.00"
"2024","2024-02-29","53471581","53471595","Adjustments Attributable to Prior Years-FICA","null"
"2024","2024-02-29","53471581","53471599","Adjustments Attrbutable to Prior Years-SECA","null"
"2024","2024-02-29","53471581","53471603","Total -- Federal Old-Age and Survivors Insurance Trust Fund","83589000000.00"
"2024","2024-02-29","53471579","53471608","Federal Disability Insurance Trust Fund:","null"
"2024","2024-02-29","53471608","53471613","Federal Insurance Contributions Act Taxes","14104000000.00"
"2024","2024-02-29","53471608","53471615","Self-Employment Contributions Act Taxes","90000000.00"
"2024","2024-02-29","53471608","53471622","Adjustments Attributable to Prior Years-FICA","null"
"2024","2024-02-29","53471608","53471627","Adjustments Attributable to Prior Years-SECA","null"
"2024","2024-02-29","53471608","53471629","Total -- Federal Disability Insurance Trust Fund","14194000000.00"
"2024","2024-02-29","53471579","53471633","Federal Hospital Insurance Trust Fund:","null"
"2024","2024-02-29","53471633","53471637","Federal Insurance Contributions Act Taxes","26752000000.00"
"2024","2024-02-29","53471633","53471641","Self-Employment Contributions Act Taxes","243000000.00"
"2024","2024-02-29","53471633","53471655","Adjustments Attributable to Prior Years-FICA","null"
"2024","2024-02-29","53471633","53471657","Adjustments Attributable to Prior Years-SECA","null"
"2024","2024-02-29","53471633","53471660","Total -- Federal Hospital Insurance Trust Fund","26995000000.00"
"2024","2024-02-29","53471579","53471662","Railroad Retirement:","null"
"2024","2024-02-29","53471662","53471666","Rail Pension and Supplemental Annuity","396249857.09"
"2024","2024-02-29","53471662","53471669","Social Security Equivalent Account","344796275.82"
"2024","2024-02-29","53471579","53471672","Total -- Employment and General Retirement","125519046132.91"
"2024","2024-02-29","53471577","53471675","Unemployment Insurance:","null"
"2024","2024-02-29","53471675","53471678","Deposits by States","2414115694.86"
"2024","2024-02-29","53471675","53471680","Federal Unemployment Taxes","662555000.79"
"2024","2024-02-29","53471675","53471682","Railroad Unemployment Taxes","1431933.19"
"2024","2024-02-29","53471675","53471687","Total -- Unemployment Insurance","3078102628.84"
"2024","2024-02-29","53471577","53471690","Other Retirement:","null"
"2024","2024-02-29","53471690","53471693","Federal Employees' Retirement--Employee Share","610695286.14"
"2024","2024-02-29","53471690","53471696","Non-Federal Employees Retirement","1720596.45"
"2024","2024-02-29","53471690","53471700","Total -- Other Retirement","612415882.59"
"2024","2024-02-29","53471577","53471702","Total -- Social Insurance and Retirement Receipts","129209564644.34"
"2024","2024-02-29","null","53471706","Excise Taxes:","null"
"2024","2024-02-29","53471706","53471708","Miscellaneous Excise Taxes","1633203493.65"
"2024","2024-02-29","53471706","53471711","Airport and Airway Trust Fund","1310929000.00"
"2024","2024-02-29","53471706","53471713","Highway Trust Fund","3701747410.58"
"2024","2024-02-29","53471706","53471717","Black Lung Disability Trust Fund","28978000.00"
"2024","2024-02-29","53471706","53471721","Total -- Excise Taxes","6674857904.23"
"2024","2024-02-29","null","53471726","Estate and Gift Taxes","1549513438.25"
"2024","2024-02-29","null","53471729","Customs Duties","6208388230.55"
"2024","2024-02-29","null","53471732","Miscellaneous Receipts:","null"
"2024","2024-02-29","53471732","53471735","Deposit of Earnings, Federal Reserve System","null"
"2024","2024-02-29","53471732","53471738","Universal Service Fund","710814246.70"
"2024","2024-02-29","53471732","53471741","All Other","1000841321.91"
"2024","2024-02-29","53471732","53471745","Total -- Miscellaneous Receipts","1711655568.61"
"2024","2024-02-29","null","53471748","Total -- Receipts","271126068759.09"
"2024","2024-02-29","53471748","53471762","Total -- On-Budget","173343068759.09"
"2024","2024-02-29","53471748","53471781","Total -- Off-Budget","97783000000.00"
"2024","2024-05-31","54021691","54021789","Railroad Retirement:","null"
"2024","2024-05-31","54021789","54021791","Rail Pension and Supplemental Annuity","309303388.58"
"2024","2024-05-31","54021789","54021793","Social Security Equivalent Account","278672212.27"
"2024","2024-07-31","null","54441027","Social Insurance and Retirement Receipts:","null"
"2024","2024-05-31","54021658","54021684","Total -- Individual Income Taxes","129618315892.42"
"2024","2024-05-31","null","54021686","Corporation Income Taxes","30131690345.78"
"2024","2024-05-31","54021691","54021694","Federal Old-Age and Survivors Insurance Trust Fund:","null"
"2024","2024-05-31","54021694","54021718","Federal Insurance Contributions Act Taxes","84393000000.00"
"2024","2024-05-31","54021691","54021754","Federal Disability Insurance Trust Fund:","null"
"2024","2024-03-31","null","53651930","Individual Income Taxes","null"
"2024","2024-05-31","54021694","54021737","Self-Employment Contributions Act Taxes","1089000000.00"
"2024","2024-05-31","54021694","54021743","Adjustments Attributable to Prior Years-FICA","null"
"2024","2024-05-31","54021694","54021747","Adjustments Attrbutable to Prior Years-SECA","null"
"2024","2024-05-31","54021694","54021750","Total -- Federal Old-Age and Survivors Insurance Trust Fund","85482000000.00"
"2024","2024-05-31","54021754","54021756","Federal Insurance Contributions Act Taxes","14331000000.00"
"2024","2024-05-31","54021754","54021759","Self-Employment Contributions Act Taxes","185000000.00"
"2024","2024-05-31","54021754","54021766","Adjustments Attributable to Prior Years-FICA","null"
"2024","2024-05-31","54021774","54021784","Adjustments Attributable to Prior Years-FICA","null"
"2024","2024-05-31","54021774","54021785","Adjustments Attributable to Prior Years-SECA","null"
"2024","2024-05-31","54021774","54021787","Total -- Federal Hospital Insurance Trust Fund","28692000000.00"
"2024","2024-07-31","54441106","54441113","Social Security Equivalent Account","269160643.01"
"2024","2024-07-31","54441030","54441116","Total -- Employment and General Retirement","122736504859.34"
"2024","2024-07-31","54441027","54441141","Unemployment Insurance:","null"
"2024","2024-03-31","53652078","53652091","Total -- On-Budget","224162165932.93"
"2024","2024-03-31","53652078","53652099","Total -- Off-Budget","107928843215.08"
"2024","2024-07-31","54441141","54441147","Total -- Unemployment Insurance","4406459748.25"
"2024","2024-07-31","54441086","54441090","Receipts from Railroad Retirement Board","null"
"2024","2024-07-31","54441086","54441093","Adjustments Attributable to Prior Years-FICA","null"
"2024","2024-06-30","54224669","54224753","Federal Hospital Insurance Trust Fund:","null"
"2024","2024-07-31","54441086","54441094","Adjustments Attributable to Prior Years-SECA","null"
"2024","2024-07-31","54441086","54441098","Total -- Federal Hospital Insurance Trust Fund","27721000000.00"
"2024","2024-07-31","54441030","54441106","Railroad Retirement:","null"
"2024","2024-07-31","54441106","54441110","Rail Pension and Supplemental Annuity","328344216.33"
"2024","2024-07-31","54441141","54441143","Deposits by States","3656486720.37"
"2024","2024-07-31","54441141","54441144","Federal Unemployment Taxes","741955648.04"
"2024","2024-07-31","54441141","54441145","Railroad Unemployment Taxes","8017379.84"
"2024","2024-07-31","null","54441016","Individual Income Taxes","null"
"2024","2024-06-30","54224848","54224865","Total -- Off-Budget","139211225222.18"
"2024","2024-07-31","54441016","54441017","Withheld","null"
"2024","2024-07-31","54441016","54441020","Other","null"
"2024","2024-07-31","54441016","54441021","Total -- Individual Income Taxes","153607428390.55"
"2024","2024-07-31","null","54441024","Corporation Income Taxes","19833860851.07"
"2024","2024-06-30","54224834","54224842","All Other","1988828608.51"
"2024","2024-06-30","54224834","54224845","Total -- Miscellaneous Receipts","3089014051.83"
"2024","2024-06-30","null","54224848","Total -- Receipts","466254918407.16"
"2024","2024-06-30","54224848","54224861","Total -- On-Budget","327043693184.98"
"2024","2024-03-31","53652052","53652053","Federal Employees' Retirement--Employee Share","787510874.81"
"2024","2024-03-31","53652052","53652054","Non-Federal Employees Retirement","1328265.25"
"2024","2024-03-31","53652052","53652055","Total -- Other Retirement","788839140.06"
"2024","2024-03-31","null","53652057","Excise Taxes:","null"
"2024","2024-07-31","54441027","54441030","Employment and General Retirement:","null"
"2024","2024-07-31","54441030","54441033","Federal Old-Age and Survivors Insurance Trust Fund:","null"
"2024","2024-06-30","null","54224652","Individual Income Taxes","null"
"2024","2024-07-31","54441033","54441039","Self-Employment Contributions Act Taxes","824000000.00"
"2024","2024-07-31","54441033","54441044","Adjustments Attributable to Prior Years-FICA","null"
"2024","2024-07-31","54441033","54441047","Adjustments Attrbutable to Prior Years-SECA","null"
"2024","2024-07-31","null","54441192","Miscellaneous Receipts:","null"
"2024","2024-07-31","54441192","54441195","Deposit of Earnings, Federal Reserve System","421299328.75"
"2024","2024-06-30","54224669","54224764","Railroad Retirement:","null"
"2024","2024-07-31","54441154","54441179","Black Lung Disability Trust Fund","10772809.00"
"2024","2024-07-31","54441154","54441183","Total -- Excise Taxes","16964023242.24"
"2024","2024-07-31","null","54441186","Estate and Gift Taxes","1374260871.12"
"2024","2024-07-31","null","54441189","Customs Duties","7133488190.71"
"2024","2024-06-30","54224808","54224815","Airport and Airway Trust Fund","3368194278.67"
"2024","2024-06-30","54224808","54224819","Highway Trust Fund","4639950783.83"
"2024","2024-03-31","53652065","53652068","Deposit of Earnings, Federal Reserve System","150092243.43"
"2024","2024-03-31","53652065","53652071","Universal Service Fund","713899063.19"
"2024","2024-03-31","53652065","53652072","All Other","1389187970.15"
"2024","2024-03-31","53652065","53652075","Total -- Miscellaneous Receipts","2253179276.77"
"2024","2024-03-31","null","53652078","Total -- Receipts","332091009148.01"
"2024","2024-06-30","54224808","54224822","Black Lung Disability Trust Fund","14060166.00"
"2024","2024-03-31","null","53652064","Customs Duties","6064284893.66"
"2024","2024-03-31","null","53652065","Miscellaneous Receipts:","null"
"2024","2024-07-31","54441033","54441036","Federal Insurance Contributions Act Taxes","79888000000.00"
"2024","2024-07-31","54441033","54441050","Total -- Federal Old-Age and Survivors Insurance Trust Fund","80712000000.00"
"2024","2024-07-31","54441053","54441057","Federal Insurance Contributions Act Taxes","13566000000.00"
"2024","2024-06-30","54224652","54224655","Withheld","null"
"2024","2024-07-31","54441053","54441085","Total -- Federal Disability Insurance Trust Fund","13706000000.00"
"2024","2024-07-31","54441030","54441086","Federal Hospital Insurance Trust Fund:","null"
"2024","2024-07-31","54441086","54441087","Federal Insurance Contributions Act Taxes","27354000000.00"
"2024","2024-07-31","54441086","54441088","Self-Employment Contributions Act Taxes","367000000.00"
"2024","2024-07-31","54441148","54441149","Federal Employees' Retirement--Employee Share","631330717.07"
"2024","2024-07-31","54441148","54441151","Total -- Other Retirement","633123518.86"
"2024","2024-07-31","54441027","54441152","Total -- Social Insurance and Retirement Receipts","127776088126.45"
"2024","2024-03-31","53651930","53651937","Withheld","null"
"2024","2024-07-31","54441053","54441081","Self-Employment Contributions Act Taxes","140000000.00"
"2024","2024-07-31","54441053","54441083","Adjustments Attributable to Prior Years-FICA","null"
"2024","2024-07-31","54441053","54441084","Adjustments Attributable to Prior Years-SECA","null"
"2024","2024-07-31","54441154","54441157","Miscellaneous Excise Taxes","16678452895.94"
"2024","2024-07-31","54441154","54441174","Airport and Airway Trust Fund","'-1192224598.26"
"2024","2024-07-31","54441154","54441176","Highway Trust Fund","1467022135.56"
"2024","2024-08-31","null","54727703","Individual Income Taxes","null"
"2024","2024-03-31","53651959","53652052","Other Retirement:","null"
"2024","2024-03-31","53651959","53652056","Total -- Social Insurance and Retirement Receipts","139540260099.26"
"2024","2024-03-31","53652057","53652058","Miscellaneous Excise Taxes","1737167353.82"
"2024","2024-03-31","53652057","53652059","Airport and Airway Trust Fund","1324424000.00"
"2024","2024-03-31","53652057","53652060","Highway Trust Fund","3740275307.81"
"2024","2024-03-31","53652057","53652061","Black Lung Disability Trust Fund","29277000.00"
"2024","2024-03-31","53652057","53652062","Total -- Excise Taxes","6831143661.63"
"2024","2024-03-31","null","53652063","Estate and Gift Taxes","1761052349.46"
"2024","2024-08-31","54727703","54727704","Withheld","null"
"2024","2024-08-31","54727703","54727705","Presidential Election Campaign Fund","null"
"2024","2024-08-31","54727703","54727706","Other","null"
"2024","2024-08-31","54727703","54727707","Total -- Individual Income Taxes","136644782708.89"
"2024","2024-06-30","54224667","54224791","Other Retirement:","null"
"2024","2024-06-30","54224834","54224835","Deposit of Earnings, Federal Reserve System","399004640.58"
"2024","2024-06-30","54224834","54224839","Universal Service Fund","701180802.74"
"2024","2024-03-31","53651962","53651986","Federal Disability Insurance Trust Fund:","null"
"2024","2024-03-31","53652002","53652013","Adjustments Attributable to Prior Years-FICA","1569574.18"
"2024","2024-03-31","53652002","53652016","Adjustments Attributable to Prior Years-SECA","'-3484182.02"
"2024","2024-03-31","53652002","53652020","Total -- Federal Hospital Insurance Trust Fund","29879085392.16"
"2024","2024-03-31","53651962","53652022","Railroad Retirement:","null"
"2024","2024-03-31","53652022","53652025","Rail Pension and Supplemental Annuity","314777773.88"
"2024","2024-03-31","53652022","53652028","Social Security Equivalent Account","282552161.99"
"2024","2024-03-31","53651962","53652030","Total -- Employment and General Retirement","138405258543.11"
"2024","2024-03-31","53651959","53652034","Unemployment Insurance:","null"
"2024","2024-03-31","53652034","53652037","Deposits by States","307402809.18"
"2024","2024-08-31","54727710","54727770","Railroad Retirement:","null"
"2024","2024-06-30","54224667","54224771","Unemployment Insurance:","null"
"2024","2024-06-30","54224771","54224773","Deposits by States","520728544.05"
"2024","2024-06-30","54224771","54224776","Federal Unemployment Taxes","5379893.98"
"2024","2024-06-30","54224771","54224781","Railroad Unemployment Taxes","118361.15"
"2024","2024-06-30","54224771","54224788","Total -- Unemployment Insurance","526226799.18"
"2024","2024-08-31","54727802","54727811","Total -- Other Retirement","810679338.22"
"2024","2024-08-31","54727709","54727814","Total -- Social Insurance and Retirement Receipts","130592776288.27"
"2024","2024-08-31","null","54727818","Excise Taxes:","null"
"2024","2024-08-31","54727818","54727819","Miscellaneous Excise Taxes","1589744413.40"
"2024","2024-08-31","54727818","54727822","Airport and Airway Trust Fund","1968702000.00"
"2024","2024-08-31","54727818","54727824","Highway Trust Fund","4346983975.92"
"2024","2024-06-30","54224669","54224769","Total -- Employment and General Retirement","180341475193.92"
"2024","2024-03-31","53652034","53652049","Total -- Unemployment Insurance","346162416.09"
"2024","2024-08-31","54727833","54727841","Total -- Miscellaneous Receipts","12025513868.62"
"2024","2024-08-31","null","54727843","Total -- Receipts","306539737019.32"
"2024","2024-08-31","54727843","54727850","Total -- On-Budget","209699737019.32"
"2024","2024-08-31","54727843","54727853","Total -- Off-Budget","96840000000.00"
"2024","2024-08-31","null","54727831","Customs Duties","7046951548.96"
"2024","2024-08-31","null","54727833","Miscellaneous Receipts:","null"
"2024","2024-08-31","54727833","54727835","Deposit of Earnings, Federal Reserve System","291902957.24"
"2024","2024-08-31","54727833","54727837","Universal Service Fund","691368200.44"
"2024","2024-08-31","54727833","54727839","All Other","11042242710.94"
"2024","2024-08-31","null","54727709","Social Insurance and Retirement Receipts:","null"
"2024","2024-08-31","54727709","54727710","Employment and General Retirement:","null"
"2024","2024-06-30","null","54224834","Miscellaneous Receipts:","null"
"2024","2024-04-30","null","53825738","Individual Income Taxes","null"
"2024","2024-04-30","53825738","53825739","Withheld","null"
"2024","2024-04-30","53825738","53825740","Presidential Election Campaign Fund","null"
"2024","2024-04-30","53825738","53825741","Other","null"
"2024","2024-03-31","53651966","53651975","Self-Employment Contributions Act Taxes","1457000000.00"
"2024","2024-03-31","53651966","53651979","Adjustments Attributable to Prior Years-FICA","17132830.23"
"2024","2024-03-31","53651966","53651981","Adjustments Attrbutable to Prior Years-SECA","'-9708211.98"
"2024","2024-03-31","53651966","53651983","Total -- Federal Old-Age and Survivors Insurance Trust Fund","92262424618.25"
"2024","2024-04-30","53825738","53825742","Total -- Individual Income Taxes","481926576015.71"
"2024","2024-04-30","null","53825743","Corporation Income Taxes","91907667616.55"
"2024","2024-04-30","null","53825744","Social Insurance and Retirement Receipts:","null"
"2024","2024-04-30","53825744","53825745","Employment and General Retirement:","null"
"2024","2024-04-30","53825745","53825746","Federal Old-Age and Survivors Insurance Trust Fund:","null"
"2024","2024-04-30","53825746","53825747","Federal Insurance Contributions Act Taxes","87511000000.00"
"2024","2024-04-30","53825746","53825748","Self-Employment Contributions Act Taxes","22662000000.00"
"2024","2024-03-31","53651930","53651941","Presidential Election Campaign Fund","null"
"2024","2024-03-31","53651930","53651950","Other","null"
"2024","2024-03-31","53651930","53651954","Total -- Individual Income Taxes","160829350514.45"
"2024","2024-03-31","null","53651956","Corporation Income Taxes","14811738352.78"
"2024","2024-03-31","null","53651959","Social Insurance and Retirement Receipts:","null"
"2024","2024-03-31","53651959","53651962","Employment and General Retirement:","null"
"2024","2024-03-31","53651962","53651966","Federal Old-Age and Survivors Insurance Trust Fund:","null"
"2024","2024-03-31","53651966","53651971","Federal Insurance Contributions Act Taxes","90798000000.00"
"2024","2024-08-31","54727710","54727711","Federal Old-Age and Survivors Insurance Trust Fund:","null"
"2024","2024-08-31","null","54727708","Corporation Income Taxes","8807696671.36"
"2024","2024-03-31","53651986","53651988","Federal Insurance Contributions Act Taxes","15418000000.00"
"2024","2024-03-31","53651986","53651991","Self-Employment Contributions Act Taxes","247000000.00"
"2024","2024-03-31","53651986","53651995","Adjustments Attributable to Prior Years-FICA","3067329.25"
"2024","2024-03-31","53651986","53651997","Adjustments Attributable to Prior Years-SECA","'-1648732.42"
"2024","2024-03-31","53651986","53652000","Total -- Federal Disability Insurance Trust Fund","15666418596.83"
"2024","2024-03-31","53651962","53652002","Federal Hospital Insurance Trust Fund:","null"
"2024","2024-03-31","53652002","53652004","Federal Insurance Contributions Act Taxes","28834000000.00"
"2024","2024-03-31","53652002","53652006","Self-Employment Contributions Act Taxes","1047000000.00"
"2024","2024-03-31","53652034","53652038","Federal Unemployment Taxes","38575037.80"
"2024","2024-03-31","53652034","53652042","Railroad Unemployment Taxes","184569.11"
"2024","2024-06-30","54224711","54224722","Self-Employment Contributions Act Taxes","1341000000.00"
"2024","2024-08-31","54727709","54727781","Unemployment Insurance:","null"
"2024","2024-08-31","54727781","54727784","Deposits by States","3787803449.58"
"2024","2024-08-31","54727781","54727787","Federal Unemployment Taxes","31961556.55"
"2024","2024-08-31","54727781","54727790","Railroad Unemployment Taxes","449480.09"
"2024","2024-08-31","54727709","54727802","Other Retirement:","null"
"2024","2024-08-31","54727770","54727771","Rail Pension and Supplemental Annuity","305541273.74"
"2024","2024-08-31","54727770","54727774","Social Security Equivalent Account","263341190.09"
"2024","2024-08-31","54727710","54727777","Total -- Employment and General Retirement","125961882463.83"
"2024","2024-04-30","53825745","53825830","Railroad Retirement:","null"
"2024","2024-04-30","null","53825875","Customs Duties","6366508727.77"
"2024","2024-04-30","null","53825877","Miscellaneous Receipts:","null"
"2024","2024-04-30","53825877","53825879","Deposit of Earnings, Federal Reserve System","345431375.56"
"2024","2024-04-30","53825877","53825881","Universal Service Fund","710798529.78"
"2024","2024-04-30","53825877","53825883","All Other","2026259782.93"
"2024","2024-04-30","53825887","53825898","Total -- Off-Budget","128881000000.00"
"2024","2024-08-31","null","54727829","Estate and Gift Taxes","3492787543.90"
"2024","2024-08-31","54727802","54727808","Non-Federal Employees Retirement","1646208.75"
"2024","2024-08-31","54727818","54727825","Black Lung Disability Trust Fund","23798000.00"
"2024","2024-08-31","54727818","54727827","Total -- Excise Taxes","7929228389.32"
"2024","2024-04-30","53825744","53825838","Unemployment Insurance:","null"
"2024","2024-04-30","53825861","53825863","Miscellaneous Excise Taxes","2304436627.73"
"2024","2024-04-30","53825861","53825865","Airport and Airway Trust Fund","1346267000.00"
"2024","2024-04-30","53825851","53825855","Non-Federal Employees Retirement","2251055.19"
"2024","2024-04-30","53825851","53825857","Total -- Other Retirement","702051709.76"
"2024","2024-04-30","53825744","53825859","Total -- Social Insurance and Retirement Receipts","181263457351.43"
"2024","2024-04-30","null","53825861","Excise Taxes:","null"
"2024","2024-08-31","54727745","54727754","Receipts from Railroad Retirement Board","null"
"2024","2024-08-31","54727745","54727761","Adjustments Attributable to Prior Years-FICA","null"
"2024","2024-08-31","54727745","54727763","Adjustments Attributable to Prior Years-SECA","null"
"2024","2024-08-31","54727745","54727766","Total -- Federal Hospital Insurance Trust Fund","28553000000.00"
"2024","2024-06-30","54224764","54224767","Social Security Equivalent Account","'-399185220.79"
"2024","2024-06-30","54224791","54224795","Federal Employees' Retirement--Employee Share","622439871.42"
"2024","2024-06-30","54224791","54224800","Non-Federal Employees Retirement","2203018.18"
"2024","2024-06-30","54224791","54224803","Total -- Other Retirement","624642889.60"
"2024","2024-06-30","54224667","54224806","Total -- Social Insurance and Retirement Receipts","181492344882.70"
"2024","2024-06-30","null","54224808","Excise Taxes:","null"
"2024","2024-06-30","54224808","54224811","Miscellaneous Excise Taxes","'-925130188.34"
"2024","2024-06-30","54224808","54224825","Total -- Excise Taxes","7097075040.16"
"2024","2024-06-30","null","54224827","Estate and Gift Taxes","1988856440.14"
"2024","2024-04-30","53825794","53825804","Self-Employment Contributions Act Taxes","10315000000.00"
"2024","2024-04-30","53825794","53825817","Adjustments Attributable to Prior Years-FICA","null"
"2024","2024-04-30","53825794","53825819","Adjustments Attributable to Prior Years-SECA","null"
"2024","2024-04-30","53825744","53825851","Other Retirement:","null"
"2024","2024-08-31","54727745","54727752","Self-Employment Contributions Act Taxes","417000000.00"
"2024","2024-08-31","54727781","54727798","Total -- Unemployment Insurance","3820214486.22"
"2024","2024-08-31","54727802","54727804","Federal Employees' Retirement--Employee Share","809033129.47"
"2024","2024-06-30","54224652","54224659","Presidential Election Campaign Fund","null"
"2024","2024-06-30","54224652","54224661","Other","null"
"2024","2024-06-30","54224652","54224662","Total -- Individual Income Taxes","184910371993.21"
"2024","2024-04-30","53825765","53825786","Adjustments Attributable to Prior Years-SECA","null"
"2024","2024-04-30","53825765","53825790","Total -- Federal Disability Insurance Trust Fund","18708000000.00"
"2024","2024-04-30","53825746","53825752","Adjustments Attributable to Prior Years-FICA","null"
"2024","2024-04-30","53825746","53825757","Adjustments Attrbutable to Prior Years-SECA","null"
"2024","2024-04-30","53825746","53825762","Total -- Federal Old-Age and Survivors Insurance Trust Fund","110173000000.00"
"2024","2024-04-30","53825745","53825765","Federal Disability Insurance Trust Fund:","null"
"2024","2024-04-30","53825765","53825768","Federal Insurance Contributions Act Taxes","14860000000.00"
"2024","2024-04-30","53825765","53825776","Self-Employment Contributions Act Taxes","3848000000.00"
"2024","2024-04-30","53825765","53825782","Adjustments Attributable to Prior Years-FICA","null"
"2024","2024-04-30","53825794","53825799","Federal Insurance Contributions Act Taxes","29057000000.00"
"2024","2024-04-30","53825745","53825794","Federal Hospital Insurance Trust Fund:","null"
"2024","2024-08-31","54727711","54727712","Federal Insurance Contributions Act Taxes","81847000000.00"
"2024","2024-06-30","54224764","54224766","Rail Pension and Supplemental Annuity","296134018.07"
"2024","2024-06-30","null","54224831","Customs Duties","6323344668.86"
"2024","2024-08-31","54727711","54727713","Self-Employment Contributions Act Taxes","935000000.00"
"2024","2024-08-31","54727711","54727717","Adjustments Attributable to Prior Years-FICA","null"
"2024","2024-08-31","54727711","54727718","Adjustments Attrbutable to Prior Years-SECA","null"
"2024","2024-04-30","53825794","53825827","Total -- Federal Hospital Insurance Trust Fund","39372000000.00"
"2024","2024-04-30","53825830","53825833","Rail Pension and Supplemental Annuity","342300406.43"
"2024","2024-04-30","53825830","53825835","Social Security Equivalent Account","259040198.08"
"2024","2024-04-30","53825745","53825836","Total -- Employment and General Retirement","168854340604.51"
"2024","2024-04-30","53825861","53825867","Highway Trust Fund","3795780837.63"
"2024","2024-04-30","53825861","53825869","Black Lung Disability Trust Fund","29760000.00"
"2024","2024-04-30","53825861","53825871","Total -- Excise Taxes","7476244465.36"
"2024","2024-04-30","null","53825873","Estate and Gift Taxes","4175149311.85"
"2024","2024-04-30","53825877","53825885","Total -- Miscellaneous Receipts","3082489688.27"
"2024","2024-04-30","null","53825887","Total -- Receipts","776198093176.94"
"2024","2024-04-30","53825887","53825895","Total -- On-Budget","647317093176.94"
"2024","2024-04-30","53825838","53825840","Deposits by States","7639790109.13"
"2024","2024-04-30","53825838","53825842","Federal Unemployment Taxes","4059007463.03"
"2024","2024-04-30","53825838","53825844","Railroad Unemployment Taxes","8267465.00"
"2024","2024-04-30","53825838","53825849","Total -- Unemployment Insurance","11707065037.16"
"2024","2024-04-30","53825851","53825853","Federal Employees' Retirement--Employee Share","699800654.57"
"2024","2024-08-31","54727710","54727720","Federal Disability Insurance Trust Fund:","null"
"2024","2024-08-31","54727720","54727721","Federal Insurance Contributions Act Taxes","13899000000.00"
"2024","2024-08-31","54727720","54727722","Self-Employment Contributions Act Taxes","159000000.00"
"2024","2024-08-31","54727720","54727735","Adjustments Attributable to Prior Years-FICA","null"
"2024","2024-08-31","54727720","54727740","Adjustments Attributable to Prior Years-SECA","null"
"2024","2024-08-31","54727720","54727742","Total -- Federal Disability Insurance Trust Fund","14058000000.00"
"2024","2024-08-31","54727710","54727745","Federal Hospital Insurance Trust Fund:","null"
"2024","2024-08-31","54727745","54727747","Federal Insurance Contributions Act Taxes","28136000000.00"
"2024","2024-08-31","54727711","54727719","Total -- Federal Old-Age and Survivors Insurance Trust Fund","82782000000.00"
"2024","2024-09-30","null","54962197","Individual Income Taxes","null"
"2024","2024-05-31","null","54021658","Individual Income Taxes","null"
"2024","2024-05-31","null","54021836","Estate and Gift Taxes","3561195986.83"
"2024","2024-05-31","null","54021839","Customs Duties","5224661701.85"
"2024","2024-05-31","null","54021842","Miscellaneous Receipts:","null"
"2024","2024-05-31","54021842","54021847","Universal Service Fund","704629834.18"
"2024","2024-09-30","null","54962355","Miscellaneous Receipts:","null"
"2024","2024-09-30","54962368","54962380","Total -- Off-Budget","106197365169.24"
"2024","2024-05-31","null","54021818","Excise Taxes:","null"
"2024","2024-05-31","54021818","54021824","Airport and Airway Trust Fund","1788822000.00"
"2024","2024-05-31","54021818","54021827","Highway Trust Fund","4160144580.30"
"2024","2024-09-30","54962210","54962308","Other Retirement:","null"
"2024","2024-09-30","null","54962210","Social Insurance and Retirement Receipts:","null"
"2024","2024-09-30","54962211","54962284","Railroad Retirement:","null"
"2024","2024-05-31","54021658","54021676","Withheld","null"
"2024","2024-05-31","54021689","54021809","Other Retirement:","null"
"2024","2024-05-31","54021809","54021810","Federal Employees' Retirement--Employee Share","655877913.14"
"2024","2024-05-31","54021809","54021812","Non-Federal Employees Retirement","2106560.38"
"2024","2024-05-31","54021809","54021814","Total -- Other Retirement","657984473.52"
"2024","2024-05-31","54021689","54021816","Total -- Social Insurance and Retirement Receipts","143318986235.88"
"2024","2024-05-31","54021818","54021822","Miscellaneous Excise Taxes","1660344946.22"
"2024","2024-09-30","54962355","54962364","All Other","3654271727.05"
"2024","2024-09-30","54962355","54962366","Total -- Miscellaneous Receipts","4606088775.14"
"2024","2024-09-30","null","54962368","Total -- Receipts","527619710977.08"
"2024","2024-09-30","54962368","54962377","Total -- On-Budget","421422345807.84"
"2024","2024-05-31","54021691","54021795","Total -- Employment and General Retirement","129277975600.85"
"2024","2024-05-31","54021689","54021797","Unemployment Insurance:","null"
"2024","2024-05-31","54021797","54021799","Deposits by States","13321355927.12"
"2024","2024-05-31","54021797","54021801","Federal Unemployment Taxes","61316760.16"
"2024","2024-05-31","54021797","54021803","Railroad Unemployment Taxes","353474.23"
"2024","2024-05-31","54021797","54021807","Total -- Unemployment Insurance","13383026161.51"
"2024","2024-09-30","54962284","54962287","Rail Pension and Supplemental Annuity","339436202.04"
"2024","2024-09-30","54962284","54962290","Social Security Equivalent Account","287071058.22"
"2024","2024-09-30","54962211","54962293","Total -- Employment and General Retirement","141077831428.15"
"2024","2024-09-30","54962210","54962296","Unemployment Insurance:","null"
"2024","2024-09-30","54962296","54962298","Deposits by States","847133338.28"
"2024","2024-09-30","54962296","54962300","Federal Unemployment Taxes","17372917.91"
"2024","2024-09-30","null","54962319","Excise Taxes:","null"
"2024","2024-09-30","54962197","54962200","Withheld","null"
"2024","2024-09-30","54962319","54962325","Highway Trust Fund","4126719836.57"
"2024","2024-09-30","54962319","54962327","Black Lung Disability Trust Fund","22718000.00"
"2024","2024-09-30","54962319","54962344","Total -- Excise Taxes","12295634806.79"
"2024","2024-09-30","null","54962348","Estate and Gift Taxes","2204100802.14"
"2024","2024-09-30","null","54962351","Customs Duties","7249259468.35"
"2024","2024-09-30","54962355","54962358","Deposit of Earnings, Federal Reserve System","254770588.05"
"2024","2024-09-30","54962355","54962362","Universal Service Fund","697046460.04"
"2025","2025-06-30","56447041","56447042","Federal Employees' Retirement--Employee Share","666268028.82"
"2025","2025-04-30","56010328","56010333","Adjustments Attributable to Prior Years-SECA","null"
"2025","2025-04-30","56010328","56010334","Total -- Federal Disability Insurance Trust Fund","19155000000.00"
"2025","2025-04-30","56010320","56010335","Federal Hospital Insurance Trust Fund:","null"
"2025","2025-04-30","56010335","56010336","Federal Insurance Contributions Act Taxes","30077000000.00"
"2025","2025-04-30","56010328","56010330","Self-Employment Contributions Act Taxes","3872000000.00"
"2025","2025-04-30","56010328","56010332","Adjustments Attributable to Prior Years-FICA","null"
"2025","2025-02-28","55680945","55680966","Total -- Federal Disability Insurance Trust Fund","14810000000.00"
"2025","2025-05-31","56242360","56242361","Withheld","null"
"2025","2025-05-31","56242360","56242363","Presidential Election Campaign Fund","null"
"2025","2025-05-31","56242360","56242364","Other","null"
"2025","2025-05-31","56242360","56242366","Total -- Individual Income Taxes","142325462963.74"
"2025","2025-05-31","null","56242367","Corporation Income Taxes","42955225755.90"
"2025","2025-05-31","null","56242369","Social Insurance and Retirement Receipts:","null"
"2025","2024-12-31","55397634","55397645","Adjustments Attributable to Prior Years-FICA","'-679047780.14"
"2025","2024-12-31","55397593","55397658","Total -- Employment and General Retirement","136255470643.15"
"2025","2024-12-31","55397591","55397661","Unemployment Insurance:","null"
"2025","2024-12-31","55397661","55397663","Deposits by States","323718962.16"
"2025","2024-12-31","55397661","55397665","Federal Unemployment Taxes","39784534.70"
"2025","2025-06-30","56447035","56447040","Total -- Unemployment Insurance","6417551111.17"
"2025","2024-12-31","55397591","55397675","Other Retirement:","null"
"2025","2025-07-31","null","56654002","Individual Income Taxes","null"
"2025","2025-07-31","null","56654014","Social Insurance and Retirement Receipts:","null"
"2025","2025-02-28","55680992","55680994","Deposits by States","2256902715.19"
"2025","2025-02-28","55680992","55680997","Federal Unemployment Taxes","114360980.88"
"2025","2025-02-28","55681005","55681007","Federal Employees' Retirement--Employee Share","657406505.81"
"2025","2025-02-28","55681005","55681009","Non-Federal Employees Retirement","1635715.82"
"2025","2025-02-28","55681015","55681021","Airport and Airway Trust Fund","1875110298.49"
"2025","2025-02-28","55681015","55681024","Highway Trust Fund","3756323316.61"
"2025","2025-05-31","56242370","56242398","Federal Hospital Insurance Trust Fund:","null"
"2025","2024-12-31","55397616","55397630","Adjustments Attributable to Prior Years-SECA","522290341.82"
"2025","2024-12-31","55397661","55397668","Railroad Unemployment Taxes","19343.96"
"2025","2025-02-28","55680909","55680992","Unemployment Insurance:","null"
"2025","2024-12-31","null","55397591","Social Insurance and Retirement Receipts:","null"
"2025","2025-05-31","56242369","56242436","Other Retirement:","null"
"2025","2025-07-31","56654016","56654084","Railroad Retirement:","null"
"2025","2024-12-31","55397616","55397622","Self-Employment Contributions Act Taxes","118000000.00"
"2025","2024-12-31","55397616","55397628","Adjustments Attributable to Prior Years-FICA","'-908089127.12"
"2025","2025-02-28","55680984","55680988","Social Security Equivalent Account","325091031.23"
"2025","2025-02-28","55680913","55680990","Total -- Employment and General Retirement","130954051372.41"
"2025","2024-12-31","55397574","55397583","Other","null"
"2025","2025-02-28","55680969","55680982","Total -- Federal Hospital Insurance Trust Fund","28194000000.00"
"2025","2025-02-28","55680984","55680986","Rail Pension and Supplemental Annuity","416960341.18"
"2025","2025-02-28","55680969","55680981","Adjustments Attributable to Prior Years-SECA","null"
"2025","2024-12-31","55397596","55397614","Total -- Federal Old-Age and Survivors Insurance Trust Fund","84461443068.00"
"2025","2024-12-31","55397593","55397616","Federal Disability Insurance Trust Fund:","null"
"2025","2024-12-31","55397616","55397619","Federal Insurance Contributions Act Taxes","14615000000.00"
"2025","2025-02-28","55680969","55680971","Federal Insurance Contributions Act Taxes","27959000000.00"
"2025","2025-02-28","55680969","55680973","Self-Employment Contributions Act Taxes","235000000.00"
"2025","2025-05-31","56242487","56242510","Total -- Off-Budget","103333000000.00"
"2025","2025-07-31","null","56654161","Miscellaneous Receipts:","null"
"2025","2025-02-28","55680969","55680979","Adjustments Attributable to Prior Years-FICA","null"
"2025","2024-12-31","55397596","55397609","Adjustments Attributable to Prior Years-FICA","'-5355120321.53"
"2025","2024-12-31","55397596","55397611","Adjustments Attrbutable to Prior Years-SECA","3059563389.53"
"2025","2024-12-31","55397616","55397632","Total -- Federal Disability Insurance Trust Fund","14347201214.70"
"2025","2024-12-31","55397661","55397673","Total -- Unemployment Insurance","363522840.82"
"2025","2024-12-31","55397596","55397603","Self-Employment Contributions Act Taxes","693000000.00"
"2025","2024-12-31","55397574","55397579","Presidential Election Campaign Fund","null"
"2025","2024-12-31","55397591","55397593","Employment and General Retirement:","null"
"2025","2025-03-31","55872655","55872669","Adjustments Attributable to Prior Years-SECA","277783.48"
"2025","2024-12-31","55397574","55397577","Withheld","null"
"2025","2024-12-31","55397574","55397585","Total -- Individual Income Taxes","211690870034.82"
"2025","2024-12-31","null","55397588","Corporation Income Taxes","87271521497.34"
"2025","2024-12-31","55397593","55397596","Federal Old-Age and Survivors Insurance Trust Fund:","null"
"2025","2024-12-31","55397596","55397600","Federal Insurance Contributions Act Taxes","86064000000.00"
"2025","2025-07-31","56654048","56654070","Receipts from Railroad Retirement Board","null"
"2025","2025-05-31","null","56242442","Excise Taxes:","null"
"2025","2024-10-31","null","55269173","Individual Income Taxes","null"
"2025","2025-03-31","null","55872731","Excise Taxes:","null"
"2025","2025-01-31","null","55497025","Social Insurance and Retirement Receipts:","null"
"2025","2025-05-31","null","56242487","Total -- Receipts","371228857110.76"
"2025","2025-05-31","56242487","56242503","Total -- On-Budget","267895857110.76"
"2025","2025-03-31","55872731","55872743","Black Lung Disability Trust Fund","17200000.00"
"2025","2024-10-31","55269204","55269307","Unemployment Insurance:","null"
"2025","2025-01-31","55497026","55497038","Federal Disability Insurance Trust Fund:","null"
"2025","2024-10-31","55269341","55269370","Total -- Excise Taxes","10457737665.07"
"2025","2024-10-31","null","55269371","Estate and Gift Taxes","2776966764.51"
"2025","2024-10-31","null","55269372","Customs Duties","7297256976.25"
"2025","2024-10-31","null","55269373","Miscellaneous Receipts:","null"
"2025","2024-10-31","55269373","55269374","Deposit of Earnings, Federal Reserve System","295170317.65"
"2025","2024-10-31","55269373","55269375","Universal Service Fund","696661353.07"
"2025","2024-10-31","55269373","55269376","All Other","2051864302.13"
"2025","2024-10-31","55269373","55269377","Total -- Miscellaneous Receipts","3043695972.85"
"2025","2024-10-31","null","55269378","Total -- Receipts","326770236058.10"
"2025","2025-07-31","null","56654158","Customs Duties","27670054031.40"
"2025","2025-07-31","56654161","56654163","Deposit of Earnings, Federal Reserve System","473620003.97"
"2025","2025-01-31","55497119","55497123","Non-Federal Employees Retirement","2724072.79"
"2025","2025-05-31","56242370","56242413","Railroad Retirement:","null"
"2025","2025-01-31","55497162","55497202","Total -- On-Budget","392261342651.93"
"2025","2025-01-31","55497162","55497208","Total -- Off-Budget","121033000000.00"
"2025","2025-07-31","56654016","56654048","Federal Hospital Insurance Trust Fund:","null"
"2025","2024-10-31","55269294","55269300","Social Security Equivalent Account","219626502.67"
"2025","2024-10-31","55269206","55269303","Total -- Employment and General Retirement","118430264783.33"
"2025","2024-10-31","55269307","55269310","Deposits by States","2496043514.12"
"2025","2024-10-31","55269307","55269314","Federal Unemployment Taxes","645280091.06"
"2025","2024-10-31","55269204","55269326","Other Retirement:","null"
"2025","2025-05-31","null","56242360","Individual Income Taxes","null"
"2025","2025-03-31","55872769","55872789","Total -- Off-Budget","112794588567.31"
"2025","2025-03-31","55872769","55872786","Total -- On-Budget","254840582423.01"
"2025","2025-07-31","56654137","56654141","Airport and Airway Trust Fund","1473563528.74"
"2025","2025-07-31","56654137","56654142","Highway Trust Fund","262218660.00"
"2025","2025-07-31","56654137","56654144","Black Lung Disability Trust Fund","'-21047003.00"
"2025","2025-07-31","56654137","56654146","Total -- Excise Taxes","9574298911.41"
"2025","2025-05-31","56242370","56242383","Federal Disability Insurance Trust Fund:","null"
"2025","2024-10-31","null","55269341","Excise Taxes:","null"
"2025","2024-10-31","55269341","55269344","Miscellaneous Excise Taxes","8795791400.31"
"2025","2024-10-31","55269341","55269347","Airport and Airway Trust Fund","516879000.00"
"2025","2024-10-31","55269341","55269351","Highway Trust Fund","1138819264.76"
"2025","2024-10-31","55269341","55269353","Black Lung Disability Trust Fund","6248000.00"
"2025","2024-10-31","55269378","55269390","Total -- On-Budget","239159236058.10"
"2025","2024-10-31","55269378","55269393","Total -- Off-Budget","87611000000.00"
"2025","2025-07-31","56654002","56654004","Withheld","null"
"2025","2025-05-31","56242442","56242459","Total -- Excise Taxes","8357407850.37"
"2025","2025-05-31","null","56242471","Miscellaneous Receipts:","null"
"2025","2024-10-31","55269206","55269208","Federal Old-Age and Survivors Insurance Trust Fund:","null"
"2025","2025-01-31","null","55497162","Total -- Receipts","513294342651.93"
"2025","2025-05-31","56242369","56242370","Employment and General Retirement:","null"
"2025","2024-10-31","55269326","55269335","Total -- Other Retirement","708280570.35"
"2025","2024-10-31","55269204","55269338","Total -- Social Insurance and Retirement Receipts","122288014582.27"
"2025","2025-07-31","56654014","56654109","Other Retirement:","null"
"2025","2025-07-31","56654014","56654135","Total -- Social Insurance and Retirement Receipts","131022270543.86"
"2025","2025-07-31","null","56654137","Excise Taxes:","null"
"2025","2025-03-31","55872731","55872734","Miscellaneous Excise Taxes","3037022730.78"
"2025","2025-07-31","56654002","56654006","Presidential Election Campaign Fund","null"
"2025","2025-07-31","56654002","56654008","Other","null"
"2025","2025-07-31","56654002","56654010","Total -- Individual Income Taxes","145148350551.34"
"2025","2025-07-31","null","56654012","Corporation Income Taxes","20834781891.63"
"2025","2024-10-31","55269307","55269317","Railroad Unemployment Taxes","8145623.41"
"2025","2024-10-31","55269307","55269323","Total -- Unemployment Insurance","3149469228.59"
"2025","2024-10-31","55269326","55269329","Federal Employees' Retirement--Employee Share","706303613.29"
"2025","2024-10-31","55269326","55269332","Non-Federal Employees Retirement","1976957.06"
"2025","2025-07-31","56654014","56654016","Employment and General Retirement:","null"
"2025","2025-07-31","56654016","56654018","Federal Old-Age and Survivors Insurance Trust Fund:","null"
"2025","2025-07-31","56654018","56654020","Federal Insurance Contributions Act Taxes","81497000000.00"
"2025","2025-07-31","56654018","56654022","Self-Employment Contributions Act Taxes","839000000.00"
"2025","2025-07-31","56654018","56654025","Adjustments Attributable to Prior Years-FICA","null"
"2025","2025-07-31","56654018","56654026","Adjustments Attrbutable to Prior Years-SECA","null"
"2025","2025-07-31","56654018","56654027","Total -- Federal Old-Age and Survivors Insurance Trust Fund","82336000000.00"
"2025","2025-07-31","56654016","56654030","Federal Disability Insurance Trust Fund:","null"
"2025","2025-07-31","56654030","56654032","Federal Insurance Contributions Act Taxes","13839000000.00"
"2025","2025-05-31","null","56242467","Customs Duties","22172564539.21"
"2025","2025-05-31","null","56242464","Estate and Gift Taxes","3230578167.43"
"2025","2025-07-31","56654030","56654036","Self-Employment Contributions Act Taxes","142000000.00"
"2025","2025-07-31","56654030","56654041","Adjustments Attributable to Prior Years-FICA","null"
"2025","2025-03-31","55872583","55872609","Federal Disability Insurance Trust Fund:","null"
"2025","2024-10-31","55269264","55269291","Total -- Federal Hospital Insurance Trust Fund","30281000000.00"
"2025","2024-10-31","55269206","55269294","Railroad Retirement:","null"
"2025","2024-10-31","55269294","55269297","Rail Pension and Supplemental Annuity","318638280.66"
"2025","2024-10-31","55269233","55269237","Federal Insurance Contributions Act Taxes","12655000000.00"
"2025","2024-10-31","55269233","55269241","Self-Employment Contributions Act Taxes","63000000.00"
"2025","2024-10-31","55269233","55269259","Total -- Federal Disability Insurance Trust Fund","12718000000.00"
"2025","2024-10-31","55269206","55269264","Federal Hospital Insurance Trust Fund:","null"
"2025","2024-10-31","55269264","55269267","Federal Insurance Contributions Act Taxes","30118000000.00"
"2025","2024-10-31","55269264","55269270","Self-Employment Contributions Act Taxes","163000000.00"
"2025","2025-07-31","56654030","56654043","Adjustments Attributable to Prior Years-SECA","null"
"2025","2025-07-31","56654030","56654046","Total -- Federal Disability Insurance Trust Fund","13981000000.00"
"2025","2025-07-31","56654048","56654066","Federal Insurance Contributions Act Taxes","28571000000.00"
"2025","2025-07-31","56654048","56654068","Self-Employment Contributions Act Taxes","368000000.00"
"2025","2025-07-31","56654048","56654077","Adjustments Attributable to Prior Years-FICA","null"
"2025","2025-07-31","56654048","56654079","Adjustments Attributable to Prior Years-SECA","null"
"2025","2025-07-31","56654048","56654082","Total -- Federal Hospital Insurance Trust Fund","28939000000.00"
"2025","2025-07-31","56654084","56654087","Rail Pension and Supplemental Annuity","326864923.88"
"2025","2025-01-31","55497129","55497138","Total -- Excise Taxes","8515512389.74"
"2025","2025-01-31","null","55497141","Estate and Gift Taxes","2431914426.29"
"2025","2025-01-31","null","55497144","Customs Duties","7341415936.58"
"2025","2025-01-31","null","55497146","Miscellaneous Receipts:","null"
"2025","2025-01-31","55497146","55497148","Deposit of Earnings, Federal Reserve System","324125524.35"
"2025","2025-01-31","55497146","55497154","Universal Service Fund","685250238.59"
"2025","2025-01-31","55497146","55497155","All Other","1465632981.47"
"2025","2025-01-31","55497146","55497158","Total -- Miscellaneous Receipts","2475008744.41"
"2025","2025-07-31","56654084","56654089","Social Security Equivalent Account","262612823.11"
"2025","2025-07-31","56654016","56654092","Total -- Employment and General Retirement","125845477746.99"
"2025","2025-07-31","56654014","56654094","Unemployment Insurance:","null"
"2025","2025-07-31","56654094","56654096","Deposits by States","3740523644.37"
"2025","2025-07-31","56654094","56654099","Federal Unemployment Taxes","755601078.04"
"2025","2025-07-31","56654094","56654101","Railroad Unemployment Taxes","8314289.67"
"2025","2025-07-31","56654094","56654106","Total -- Unemployment Insurance","4504439012.08"
"2025","2025-07-31","56654109","56654111","Federal Employees' Retirement--Employee Share","670544412.08"
"2025","2025-07-31","56654109","56654130","Non-Federal Employees Retirement","1809372.71"
"2025","2024-10-31","55269208","55269228","Total -- Federal Old-Age and Survivors Insurance Trust Fund","74893000000.00"
"2025","2024-10-31","55269206","55269233","Federal Disability Insurance Trust Fund:","null"
"2025","2025-07-31","56654109","56654132","Total -- Other Retirement","672353784.79"
"2025","2025-07-31","56654137","56654139","Miscellaneous Excise Taxes","7859563725.67"
"2025","2025-07-31","null","56654148","Estate and Gift Taxes","1751139946.34"
"2025","2025-07-31","56654161","56654165","Universal Service Fund","739551047.16"
"2025","2025-07-31","56654161","56654168","All Other","1277781496.06"
"2025","2025-07-31","56654161","56654171","Total -- Miscellaneous Receipts","2490952547.19"
"2025","2025-07-31","null","56654174","Total -- Receipts","338491848423.17"
"2025","2025-07-31","56654174","56654197","Total -- On-Budget","242174848423.17"
"2025","2025-07-31","56654174","56654205","Total -- Off-Budget","96317000000.00"
"2025","2024-10-31","55269173","55269178","Withheld","null"
"2025","2024-10-31","55269173","55269179","Presidential Election Campaign Fund","null"
"2025","2024-10-31","55269173","55269198","Other","null"
"2025","2024-10-31","55269173","55269200","Total -- Individual Income Taxes","168034836042.96"
"2025","2024-10-31","null","55269203","Corporation Income Taxes","12871728054.19"
"2025","2024-10-31","null","55269204","Social Insurance and Retirement Receipts:","null"
"2025","2024-10-31","55269204","55269206","Employment and General Retirement:","null"
"2025","2025-03-31","55872754","55872760","Universal Service Fund","707861884.69"
"2025","2025-03-31","55872754","55872763","All Other","899109242.24"
"2025","2025-03-31","55872754","55872766","Total -- Miscellaneous Receipts","2141964769.53"
"2025","2025-08-31","null","56824864","Individual Income Taxes","null"
"2025","2024-10-31","55269208","55269210","Federal Insurance Contributions Act Taxes","74524000000.00"
"2025","2024-10-31","55269208","55269212","Self-Employment Contributions Act Taxes","369000000.00"
"2025","2025-05-31","56242442","56242455","Black Lung Disability Trust Fund","23273000.00"
"2025","2025-03-31","null","55872560","Individual Income Taxes","null"
"2025","2025-01-31","55497025","55497126","Total -- Social Insurance and Retirement Receipts","162959739554.26"
"2025","2025-01-31","null","55497129","Excise Taxes:","null"
"2025","2025-01-31","55497129","55497131","Miscellaneous Excise Taxes","3516979223.18"
"2025","2025-01-31","55497129","55497132","Airport and Airway Trust Fund","1121093000.00"
"2025","2025-01-31","55497129","55497134","Highway Trust Fund","3849185166.56"
"2025","2025-03-31","55872583","55872655","Federal Hospital Insurance Trust Fund:","null"
"2025","2024-11-30","55362674","55362704","Federal Hospital Insurance Trust Fund:","null"
"2025","2025-01-31","null","55497019","Individual Income Taxes","null"
"2025","2025-01-31","55497026","55497075","Federal Hospital Insurance Trust Fund:","null"
"2025","2025-03-31","55872583","55872675","Railroad Retirement:","null"
"2025","2025-05-31","56242436","56242438","Non-Federal Employees Retirement","720878.35"
"2025","2024-11-30","55362801","55362807","Universal Service Fund","699062995.11"
"2025","2024-11-30","55362801","55362810","All Other","2931951216.01"
"2025","2024-11-30","55362801","55362813","Total -- Miscellaneous Receipts","3946300758.29"
"2025","2024-11-30","null","55362816","Total -- Receipts","301754299812.79"
"2025","2024-11-30","55362816","55362835","Total -- On-Budget","207036299812.79"
"2025","2025-08-31","56824963","56824967","Highway Trust Fund","2945489994.69"
"2025","2025-03-31","null","55872749","Estate and Gift Taxes","1548943351.49"
"2025","2025-05-31","56242471","56242479","Universal Service Fund","728121941.24"
"2025","2025-01-31","55497129","55497137","Black Lung Disability Trust Fund","28255000.00"
"2025","2025-08-31","56824963","56824970","Total -- Excise Taxes","8224322871.12"
"2025","2025-08-31","null","56824972","Estate and Gift Taxes","2334186051.53"
"2025","2025-08-31","null","56824973","Customs Duties","29502942749.54"
"2025","2025-08-31","null","56824975","Miscellaneous Receipts:","null"
"2025","2025-08-31","56824975","56824978","Deposit of Earnings, Federal Reserve System","416989932.79"
"2025","2025-08-31","56824975","56824981","Universal Service Fund","717447044.11"
"2025","2025-08-31","56824975","56824983","All Other","13428543305.93"
"2025","2025-08-31","56824975","56824986","Total -- Miscellaneous Receipts","14562980282.83"
"2025","2025-08-31","null","56824988","Total -- Receipts","344315322010.32"
"2025","2025-05-31","56242436","56242437","Federal Employees' Retirement--Employee Share","693841758.79"
"2025","2025-05-31","56242436","56242439","Total -- Other Retirement","694562637.14"
"2025","2025-05-31","56242442","56242447","Miscellaneous Excise Taxes","2289151706.48"
"2025","2025-05-31","56242422","56242427","Federal Unemployment Taxes","71128046.99"
"2025","2025-05-31","56242422","56242429","Railroad Unemployment Taxes","958532.57"
"2025","2025-03-31","55872580","55872692","Unemployment Insurance:","null"
"2025","2025-05-31","56242422","56242433","Total -- Unemployment Insurance","13598264735.62"
"2025","2025-03-31","55872754","55872757","Deposit of Earnings, Federal Reserve System","534993642.60"
"2025","2025-03-31","null","55872769","Total -- Receipts","367635170990.32"
"2025","2025-01-31","55497119","55497124","Total -- Other Retirement","841920931.88"
"2025","2025-03-31","55872560","55872562","Withheld","null"
"2025","2024-11-30","55362674","55362721","Railroad Retirement:","null"
"2025","2024-11-30","55362729","55362735","Railroad Unemployment Taxes","310054.15"
"2025","2024-11-30","55362729","55362740","Total -- Unemployment Insurance","2619041708.59"
"2025","2024-11-30","55362672","55362741","Other Retirement:","null"
"2025","2024-11-30","55362741","55362762","Federal Employees' Retirement--Employee Share","650068355.00"
"2025","2025-05-31","56242369","56242422","Unemployment Insurance:","null"
"2025","2025-05-31","56242422","56242425","Deposits by States","13526178156.06"
"2025","2025-01-31","55497019","55497020","Withheld","null"
"2025","2025-08-31","56824872","56824954","Other Retirement:","null"
"2025","2024-11-30","null","55362793","Estate and Gift Taxes","2244147881.97"
"2025","2024-11-30","null","55362797","Customs Duties","6711869037.96"
"2025","2024-11-30","null","55362801","Miscellaneous Receipts:","null"
"2025","2024-11-30","55362801","55362803","Deposit of Earnings, Federal Reserve System","315286547.17"
"2025","2024-11-30","55362816","55362840","Total -- Off-Budget","94718000000.00"
"2025","2024-11-30","55362775","55362788","Black Lung Disability Trust Fund","39718000.00"
"2025","2024-11-30","55362775","55362791","Total -- Excise Taxes","9577825835.09"
"2025","2025-08-31","56824963","56824966","Airport and Airway Trust Fund","1844838000.00"
"2025","2025-08-31","56824963","56824968","Black Lung Disability Trust Fund","15472000.00"
"2025","2025-08-31","56824988","56824992","Total -- On-Budget","245449322010.32"
"2025","2025-08-31","56824988","56824996","Total -- Off-Budget","98866000000.00"
"2025","2025-05-31","56242370","56242372","Federal Old-Age and Survivors Insurance Trust Fund:","null"
"2025","2025-03-31","55872731","55872737","Airport and Airway Trust Fund","1356488000.00"
"2025","2025-03-31","55872716","55872722","Non-Federal Employees Retirement","1795104.23"
"2025","2025-03-31","55872716","55872725","Total -- Other Retirement","739213177.92"
"2025","2024-11-30","null","55362659","Individual Income Taxes","null"
"2025","2024-11-30","55362690","55362692","Federal Insurance Contributions Act Taxes","13718000000.00"
"2025","2024-11-30","55362690","55362694","Self-Employment Contributions Act Taxes","31000000.00"
"2025","2024-11-30","55362690","55362702","Total -- Federal Disability Insurance Trust Fund","13749000000.00"
"2025","2024-11-30","55362704","55362706","Federal Insurance Contributions Act Taxes","32857000000.00"
"2025","2025-05-31","56242471","56242481","All Other","3020319666.24"
"2025","2024-11-30","55362674","55362727","Total -- Employment and General Retirement","128211442413.69"
"2025","2024-11-30","55362672","55362729","Unemployment Insurance:","null"
"2025","2025-05-31","56242471","56242484","Total -- Miscellaneous Receipts","4185943534.47"
"2025","2024-11-30","55362729","55362731","Deposits by States","2602268552.45"
"2025","2024-11-30","55362729","55362733","Federal Unemployment Taxes","16463101.99"
"2025","2024-11-30","55362721","55362723","Rail Pension and Supplemental Annuity","262888714.96"
"2025","2024-11-30","55362721","55362725","Social Security Equivalent Account","292553698.73"
"2025","2024-11-30","55362775","55362784","Highway Trust Fund","5329793892.24"
"2025","2025-01-31","55497075","55497089","Adjustments Attributable to Prior Years-SECA","null"
"2025","2025-01-31","55497075","55497092","Total -- Federal Hospital Insurance Trust Fund","35513000000.00"
"2025","2025-01-31","55497026","55497095","Railroad Retirement:","null"
"2025","2025-01-31","55497025","55497106","Unemployment Insurance:","null"
"2025","2025-08-31","56824875","56824934","Railroad Retirement:","null"
"2025","2024-11-30","55362659","55362661","Withheld","null"
"2025","2025-01-31","55497019","55497021","Presidential Election Campaign Fund","null"
"2025","2025-03-31","55872731","55872740","Highway Trust Fund","2704972484.00"
"2025","2025-03-31","55872731","55872746","Total -- Excise Taxes","7115683214.78"
"2025","2025-03-31","null","55872751","Customs Duties","8167908459.56"
"2025","2025-03-31","null","55872754","Miscellaneous Receipts:","null"
"2025","2025-08-31","56824872","56824961","Total -- Social Insurance and Retirement Receipts","134040858718.56"
"2025","2025-08-31","null","56824963","Excise Taxes:","null"
"2025","2025-08-31","56824963","56824964","Miscellaneous Excise Taxes","3418522876.43"
"2025","2024-11-30","55362741","55362769","Total -- Other Retirement","651512078.28"
"2025","2024-11-30","55362672","55362772","Total -- Social Insurance and Retirement Receipts","131481996200.56"
"2025","2024-11-30","null","55362775","Excise Taxes:","null"
"2025","2024-11-30","55362775","55362778","Miscellaneous Excise Taxes","2632398942.85"
"2025","2024-11-30","55362775","55362781","Airport and Airway Trust Fund","1575915000.00"
"2025","2025-05-31","56242442","56242452","Highway Trust Fund","4545677143.89"
"2025","2025-05-31","56242471","56242474","Deposit of Earnings, Federal Reserve System","437501926.99"
"2025","2025-03-31","55872560","55872564","Presidential Election Campaign Fund","null"
"2025","2025-01-31","55497038","55497066","Adjustments Attributable to Prior Years-FICA","null"
"2025","2025-01-31","55497038","55497069","Adjustments Attributable to Prior Years-SECA","null"
"2025","2025-01-31","55497025","55497119","Other Retirement:","null"
"2025","2024-11-30","55362659","55362663","Presidential Election Campaign Fund","null"
"2025","2024-11-30","55362659","55362665","Other","null"
"2025","2024-11-30","55362659","55362667","Total -- Individual Income Taxes","138454500310.65"
"2025","2024-11-30","null","55362669","Corporation Income Taxes","9337659788.27"
"2025","2024-11-30","null","55362672","Social Insurance and Retirement Receipts:","null"
"2025","2024-11-30","55362672","55362674","Employment and General Retirement:","null"
"2025","2024-11-30","55362674","55362676","Federal Old-Age and Survivors Insurance Trust Fund:","null"
"2025","2024-11-30","55362676","55362677","Federal Insurance Contributions Act Taxes","80786000000.00"
"2025","2024-11-30","55362676","55362679","Self-Employment Contributions Act Taxes","183000000.00"
"2025","2024-11-30","55362676","55362688","Total -- Federal Old-Age and Survivors Insurance Trust Fund","80969000000.00"
"2025","2024-11-30","55362674","55362690","Federal Disability Insurance Trust Fund:","null"
"2025","2025-01-31","55497019","55497022","Other","null"
"2025","2024-11-30","55362704","55362708","Self-Employment Contributions Act Taxes","81000000.00"
"2025","2024-11-30","55362704","55362718","Total -- Federal Hospital Insurance Trust Fund","32938000000.00"
"2025","2024-11-30","55362741","55362765","Non-Federal Employees Retirement","1443723.28"
"2025","2025-01-31","55497075","55497078","Federal Insurance Contributions Act Taxes","31497000000.00"
"2025","2025-01-31","55497075","55497081","Self-Employment Contributions Act Taxes","4016000000.00"
"2025","2025-01-31","55497075","55497087","Adjustments Attributable to Prior Years-FICA","null"
"2025","2025-01-31","55497095","55497098","Rail Pension and Supplemental Annuity","344246188.54"
"2025","2025-01-31","55497095","55497101","Social Security Equivalent Account","256169763.07"
"2025","2025-01-31","55497026","55497104","Total -- Employment and General Retirement","157146415951.61"
"2025","2025-01-31","55497106","55497108","Deposits by States","2239271421.38"
"2025","2025-01-31","55497106","55497110","Federal Unemployment Taxes","2724013176.78"
"2025","2025-01-31","55497106","55497112","Railroad Unemployment Taxes","8118072.61"
"2025","2025-01-31","55497106","55497117","Total -- Unemployment Insurance","4971402670.77"
"2025","2025-03-31","55872692","55872705","Railroad Unemployment Taxes","134479.40"
"2025","2025-03-31","55872692","55872712","Total -- Unemployment Insurance","323116947.17"
"2025","2025-03-31","55872580","55872716","Other Retirement:","null"
"2025","2025-03-31","55872716","55872719","Federal Employees' Retirement--Employee Share","737418073.69"
"2025","2025-03-31","55872580","55872728","Total -- Social Insurance and Retirement Receipts","145746383791.14"
"2025","2025-08-31","56824872","56824943","Unemployment Insurance:","null"
"2025","2025-05-31","56242369","56242440","Total -- Social Insurance and Retirement Receipts","148001674299.64"
"2025","2025-05-31","56242442","56242450","Airport and Airway Trust Fund","1499306000.00"
"2025","2025-01-31","55497019","55497023","Total -- Individual Income Taxes","305134643530.82"
"2025","2025-01-31","null","55497024","Corporation Income Taxes","24436108069.83"
"2025","2025-01-31","55497025","55497026","Employment and General Retirement:","null"
"2025","2025-01-31","55497026","55497027","Federal Old-Age and Survivors Insurance Trust Fund:","null"
"2025","2025-08-31","56824943","56824948","Railroad Unemployment Taxes","120894.33"
"2025","2025-08-31","56824943","56824951","Total -- Unemployment Insurance","3916612345.11"
"2025","2025-08-31","56824954","56824956","Federal Employees' Retirement--Employee Share","852555500.12"
"2025","2025-08-31","56824954","56824958","Non-Federal Employees Retirement","1636135.81"
"2025","2025-08-31","56824954","56824960","Total -- Other Retirement","854191635.93"
"2025","2025-01-31","55497038","55497060","Self-Employment Contributions Act Taxes","1549000000.00"
"2025","2025-01-31","55497038","55497072","Total -- Federal Disability Insurance Trust Fund","17569000000.00"
"2025","2025-01-31","55497119","55497121","Federal Employees' Retirement--Employee Share","839196859.09"
"2025","2024-12-31","null","55397688","Excise Taxes:","null"
"2025","2025-01-31","55497027","55497028","Federal Insurance Contributions Act Taxes","94341000000.00"
"2025","2025-01-31","55497027","55497029","Self-Employment Contributions Act Taxes","9123000000.00"
"2025","2025-01-31","55497027","55497032","Adjustments Attributable to Prior Years-FICA","null"
"2025","2025-01-31","55497027","55497034","Adjustments Attrbutable to Prior Years-SECA","null"
"2025","2025-01-31","55497027","55497036","Total -- Federal Old-Age and Survivors Insurance Trust Fund","103464000000.00"
"2025","2025-01-31","55497038","55497055","Federal Insurance Contributions Act Taxes","16020000000.00"
"2025","2025-03-31","55872609","55872648","Adjustments Attributable to Prior Years-FICA","3131992.46"
"2025","2025-03-31","55872609","55872651","Adjustments Attributable to Prior Years-SECA","'-126101.69"
"2025","2024-12-31","55397688","55397750","Total -- Excise Taxes","6407031775.79"
"2025","2024-12-31","null","55397753","Estate and Gift Taxes","1638815352.80"
"2025","2024-12-31","null","55397755","Customs Duties","6814380564.22"
"2025","2024-12-31","null","55397758","Miscellaneous Receipts:","null"
"2025","2024-12-31","55397758","55397761","Deposit of Earnings, Federal Reserve System","333695667.57"
"2025","2024-12-31","55397758","55397764","Universal Service Fund","722551583.76"
"2025","2024-12-31","55397758","55397767","All Other","2265349945.17"
"2025","2025-02-28","55680887","55680898","Other","null"
"2025","2025-02-28","55680887","55680901","Total -- Individual Income Taxes","135400117627.88"
"2025","2025-02-28","null","55680887","Individual Income Taxes","null"
"2025","2025-02-28","55680887","55680891","Withheld","null"
"2025","2025-02-28","55680887","55680894","Presidential Election Campaign Fund","null"
"2025","2024-12-31","55397688","55397741","Highway Trust Fund","4650823645.71"
"2025","2024-12-31","55397688","55397747","Black Lung Disability Trust Fund","34687000.00"
"2025","2025-03-31","55872560","55872568","Other","null"
"2025","2025-03-31","55872560","55872574","Total -- Individual Income Taxes","185097795331.42"
"2025","2025-03-31","null","55872577","Corporation Income Taxes","17816492072.40"
"2025","2025-03-31","null","55872580","Social Insurance and Retirement Receipts:","null"
"2025","2025-03-31","55872589","55872592","Federal Insurance Contributions Act Taxes","94927000000.00"
"2025","2025-08-31","56824912","56824915","Federal Insurance Contributions Act Taxes","29398000000.00"
"2025","2025-08-31","56824912","56824919","Self-Employment Contributions Act Taxes","418000000.00"
"2025","2025-08-31","56824912","56824924","Receipts from Railroad Retirement Board","null"
"2025","2025-03-31","55872692","55872701","Federal Unemployment Taxes","51125602.54"
"2025","2025-05-31","56242413","56242415","Rail Pension and Supplemental Annuity","298859977.10"
"2025","2025-05-31","56242413","56242417","Social Security Equivalent Account","268986949.78"
"2025","2025-05-31","56242370","56242419","Total -- Employment and General Retirement","133708846926.88"
"2025","2025-03-31","55872583","55872687","Total -- Employment and General Retirement","144684053666.05"
"2025","2025-03-31","55872692","55872696","Deposits by States","271856865.23"
"2025","2025-08-31","56824864","56824865","Withheld","null"
"2025","2024-12-31","55397758","55397770","Total -- Miscellaneous Receipts","3321597196.50"
"2025","2024-12-31","null","55397774","Total -- Receipts","454414708491.47"
"2025","2024-12-31","55397774","55397794","Total -- On-Budget","355606064208.77"
"2025","2024-12-31","55397774","55397799","Total -- Off-Budget","98808644282.70"
"2025","2025-05-31","56242372","56242373","Federal Insurance Contributions Act Taxes","87236000000.00"
"2025","2025-05-31","56242372","56242375","Self-Employment Contributions Act Taxes","1097000000.00"
"2025","2025-05-31","56242372","56242378","Adjustments Attributable to Prior Years-FICA","null"
"2025","2025-05-31","56242372","56242380","Adjustments Attrbutable to Prior Years-SECA","null"
"2025","2025-05-31","56242372","56242381","Total -- Federal Old-Age and Survivors Insurance Trust Fund","88333000000.00"
"2025","2025-05-31","56242383","56242384","Federal Insurance Contributions Act Taxes","14814000000.00"
"2025","2025-02-28","null","55681035","Customs Duties","7246812675.38"
"2025","2025-02-28","null","55681038","Miscellaneous Receipts:","null"
"2025","2025-02-28","55681038","55681042","Deposit of Earnings, Federal Reserve System","847442808.62"
"2025","2025-02-28","55681038","55681044","Universal Service Fund","724836952.81"
"2025","2025-02-28","55681038","55681046","All Other","1139293575.69"
"2025","2025-02-28","55681038","55681048","Total -- Miscellaneous Receipts","2711573337.12"
"2025","2025-02-28","null","55681050","Total -- Receipts","296423683822.57"
"2025","2025-05-31","56242383","56242386","Self-Employment Contributions Act Taxes","186000000.00"
"2025","2024-12-31","null","55397574","Individual Income Taxes","null"
"2025","2025-05-31","56242383","56242390","Adjustments Attributable to Prior Years-FICA","null"
"2025","2025-05-31","56242383","56242393","Adjustments Attributable to Prior Years-SECA","null"
"2025","2025-05-31","56242383","56242395","Total -- Federal Disability Insurance Trust Fund","15000000000.00"
"2025","2025-05-31","56242398","56242400","Federal Insurance Contributions Act Taxes","29326000000.00"
"2025","2025-05-31","56242398","56242403","Self-Employment Contributions Act Taxes","482000000.00"
"2025","2025-05-31","56242398","56242408","Adjustments Attributable to Prior Years-FICA","null"
"2025","2025-05-31","56242398","56242410","Adjustments Attributable to Prior Years-SECA","null"
"2025","2025-03-31","55872609","55872643","Self-Employment Contributions Act Taxes","251000000.00"
"2025","2025-05-31","56242398","56242411","Total -- Federal Hospital Insurance Trust Fund","29808000000.00"
"2025","2025-03-31","55872580","55872583","Employment and General Retirement:","null"
"2025","2025-03-31","55872583","55872589","Federal Old-Age and Survivors Insurance Trust Fund:","null"
"2025","2025-03-31","55872589","55872595","Self-Employment Contributions Act Taxes","1479000000.00"
"2025","2025-03-31","55872589","55872601","Adjustments Attributable to Prior Years-FICA","16318358.97"
"2025","2024-12-31","55397675","55397678","Federal Employees' Retirement--Employee Share","650536603.06"
"2025","2024-12-31","55397675","55397680","Non-Federal Employees Retirement","961982.97"
"2025","2024-12-31","55397675","55397683","Total -- Other Retirement","651498586.03"
"2025","2024-12-31","55397591","55397685","Total -- Social Insurance and Retirement Receipts","137270492070.00"
"2025","2024-12-31","55397688","55397691","Miscellaneous Excise Taxes","345282130.08"
"2025","2024-12-31","55397688","55397693","Airport and Airway Trust Fund","1376239000.00"
"2025","2025-08-31","56824875","56824940","Total -- Employment and General Retirement","129270054737.52"
"2025","2025-08-31","56824943","56824945","Deposits by States","3882411208.80"
"2025","2025-03-31","55872609","55872639","Federal Insurance Contributions Act Taxes","16119000000.00"
"2025","2025-08-31","56824943","56824946","Federal Unemployment Taxes","34080241.98"
"2025","2025-02-28","55680992","55680999","Railroad Unemployment Taxes","161819.81"
"2025","2025-02-28","55680992","55681003","Total -- Unemployment Insurance","2371425515.88"
"2025","2025-02-28","55680909","55681005","Other Retirement:","null"
"2025","2025-03-31","55872675","55872679","Rail Pension and Supplemental Annuity","345040985.18"
"2025","2025-03-31","55872675","55872683","Social Security Equivalent Account","319751622.03"
"2025","2025-02-28","null","55680905","Corporation Income Taxes","9865937468.37"
"2025","2025-02-28","null","55680909","Social Insurance and Retirement Receipts:","null"
"2025","2025-02-28","55680909","55680913","Employment and General Retirement:","null"
"2025","2025-02-28","55680913","55680917","Federal Old-Age and Survivors Insurance Trust Fund:","null"
"2025","2025-02-28","55680917","55680922","Federal Insurance Contributions Act Taxes","86674000000.00"
"2025","2024-12-31","55397634","55397637","Federal Insurance Contributions Act Taxes","35185000000.00"
"2025","2024-12-31","55397634","55397639","Self-Employment Contributions Act Taxes","348000000.00"
"2025","2025-02-28","55680917","55680926","Self-Employment Contributions Act Taxes","534000000.00"
"2025","2025-02-28","55680917","55680932","Adjustments Attributable to Prior Years-FICA","null"
"2025","2025-02-28","55680917","55680936","Adjustments Attrbutable to Prior Years-SECA","null"
"2025","2025-03-31","55872589","55872602","Adjustments Attrbutable to Prior Years-SECA","'-735682.43"
"2025","2025-03-31","55872589","55872606","Total -- Federal Old-Age and Survivors Insurance Trust Fund","96421582676.54"
"2025","2025-03-31","55872609","55872653","Total -- Federal Disability Insurance Trust Fund","16373005890.77"
"2025","2025-03-31","55872655","55872657","Federal Insurance Contributions Act Taxes","30206000000.00"
"2025","2025-03-31","55872655","55872659","Self-Employment Contributions Act Taxes","1016000000.00"
"2025","2025-03-31","55872655","55872665","Adjustments Attributable to Prior Years-FICA","2394708.05"
"2025","2025-03-31","55872655","55872672","Total -- Federal Hospital Insurance Trust Fund","31224672491.53"
"2025","2025-08-31","56824892","56824907","Adjustments Attributable to Prior Years-SECA","null"
"2025","2025-08-31","56824892","56824909","Total -- Federal Disability Insurance Trust Fund","14352000000.00"
"2025","2025-08-31","56824875","56824912","Federal Hospital Insurance Trust Fund:","null"
"2025","2025-08-31","56824912","56824928","Adjustments Attributable to Prior Years-FICA","null"
"2025","2025-08-31","56824912","56824930","Adjustments Attributable to Prior Years-SECA","null"
"2025","2025-08-31","56824892","56824904","Adjustments Attributable to Prior Years-FICA","null"
"2025","2024-12-31","55397593","55397634","Federal Hospital Insurance Trust Fund:","null"
"2025","2025-02-28","55680917","55680940","Total -- Federal Old-Age and Survivors Insurance Trust Fund","87208000000.00"
"2025","2025-02-28","55680913","55680945","Federal Disability Insurance Trust Fund:","null"
"2025","2025-02-28","55680945","55680949","Federal Insurance Contributions Act Taxes","14719000000.00"
"2025","2024-12-31","55397651","55397653","Rail Pension and Supplemental Annuity","284374918.45"
"2025","2024-12-31","55397651","55397656","Social Security Equivalent Account","303027707.28"
"2025","2024-12-31","55397634","55397647","Adjustments Attributable to Prior Years-SECA","2005471514.86"
"2025","2024-12-31","55397634","55397649","Total -- Federal Hospital Insurance Trust Fund","36859423734.72"
"2025","2024-12-31","55397593","55397651","Railroad Retirement:","null"
"2025","2025-02-28","55680945","55680953","Self-Employment Contributions Act Taxes","91000000.00"
"2025","2025-02-28","55680945","55680961","Adjustments Attributable to Prior Years-FICA","null"
"2025","2025-02-28","55680945","55680963","Adjustments Attributable to Prior Years-SECA","null"
"2025","2025-04-30","56010343","56010345","Social Security Equivalent Account","223134619.15"
"2025","2025-04-30","56010320","56010346","Total -- Employment and General Retirement","172625681059.83"
"2025","2025-04-30","56010319","56010347","Unemployment Insurance:","null"
"2025","2025-04-30","56010347","56010348","Deposits by States","6928450329.64"
"2025","2025-04-30","56010347","56010349","Federal Unemployment Taxes","4130711369.26"
"2025","2025-04-30","56010347","56010350","Railroad Unemployment Taxes","7336366.10"
"2025","2025-04-30","56010347","56010352","Total -- Unemployment Insurance","11066498065.00"
"2025","2025-02-28","55680913","55680969","Federal Hospital Insurance Trust Fund:","null"
"2025","2025-06-30","56447054","56447055","Deposit of Earnings, Federal Reserve System","461323433.61"
"2025","2025-08-31","56824892","56824896","Federal Insurance Contributions Act Taxes","14190000000.00"
"2025","2025-08-31","56824875","56824892","Federal Disability Insurance Trust Fund:","null"
"2025","2025-08-31","56824864","56824866","Presidential Election Campaign Fund","null"
"2025","2025-08-31","56824864","56824867","Other","null"
"2025","2025-08-31","56824864","56824869","Total -- Individual Income Taxes","153144281154.54"
"2025","2025-02-28","55681005","55681011","Total -- Other Retirement","659042221.63"
"2025","2025-02-28","55680909","55681013","Total -- Social Insurance and Retirement Receipts","133984519109.92"
"2025","2025-02-28","null","55681015","Excise Taxes:","null"
"2025","2025-08-31","null","56824870","Corporation Income Taxes","2505750182.20"
"2025","2025-08-31","null","56824872","Social Insurance and Retirement Receipts:","null"
"2025","2025-08-31","56824872","56824875","Employment and General Retirement:","null"
"2025","2025-02-28","55681015","55681017","Miscellaneous Excise Taxes","'-698258366.09"
"2025","2025-06-30","null","56446989","Individual Income Taxes","null"
"2025","2025-04-30","null","56010366","Miscellaneous Receipts:","null"
"2025","2025-04-30","56010366","56010367","Deposit of Earnings, Federal Reserve System","603340198.18"
"2025","2025-04-30","56010366","56010368","Universal Service Fund","717250273.47"
"2025","2025-04-30","56010366","56010369","All Other","2046236850.81"
"2025","2025-04-30","56010366","56010370","Total -- Miscellaneous Receipts","3366827322.46"
"2025","2025-04-30","null","56010371","Total -- Receipts","850169317772.81"
"2025","2025-04-30","56010371","56010372","Total -- On-Budget","718211317772.81"
"2025","2025-04-30","56010371","56010373","Total -- Off-Budget","131958000000.00"
"2025","2025-02-28","55680913","55680984","Railroad Retirement:","null"
"2025","2025-04-30","null","56010313","Individual Income Taxes","null"
"2025","2025-04-30","56010313","56010314","Withheld","null"
"2025","2025-04-30","56010313","56010315","Presidential Election Campaign Fund","null"
"2025","2025-04-30","56010313","56010316","Other","null"
"2025","2025-04-30","56010313","56010317","Total -- Individual Income Taxes","537032714907.69"
"2025","2025-02-28","55681015","55681027","Black Lung Disability Trust Fund","23808000.00"
"2025","2025-02-28","55681015","55681030","Total -- Excise Taxes","4956983249.01"
"2025","2025-02-28","null","55681033","Estate and Gift Taxes","2257740354.89"
"2025","2025-02-28","55681050","55681055","Total -- On-Budget","194405683822.57"
"2025","2025-02-28","55681050","55681058","Total -- Off-Budget","102018000000.00"
"2025","2025-06-30","56447018","56447020","Federal Insurance Contributions Act Taxes","32045000000.00"
"2025","2025-06-30","56447018","56447022","Self-Employment Contributions Act Taxes","4396000000.00"
"2025","2025-06-30","56447018","56447024","Receipts from Railroad Retirement Board","686200000.00"
"2025","2025-06-30","56447018","56447028","Adjustments Attributable to Prior Years-FICA","3127773035.22"
"2025","2025-08-31","56824934","56824938","Social Security Equivalent Account","284711217.28"
"2025","2025-08-31","56824875","56824877","Federal Old-Age and Survivors Insurance Trust Fund:","null"
"2025","2025-08-31","56824877","56824878","Federal Insurance Contributions Act Taxes","83563000000.00"
"2025","2025-08-31","56824877","56824880","Self-Employment Contributions Act Taxes","951000000.00"
"2025","2025-06-30","56447031","56447032","Rail Pension and Supplemental Annuity","324081820.32"
"2025","2025-06-30","56447031","56447033","Social Security Equivalent Account","'-394018320.60"
"2025","2025-06-30","56446996","56447034","Total -- Employment and General Retirement","176075293818.64"
"2025","2025-06-30","56446995","56447035","Unemployment Insurance:","null"
"2025","2025-08-31","56824877","56824886","Adjustments Attributable to Prior Years-FICA","null"
"2025","2025-08-31","56824877","56824887","Adjustments Attrbutable to Prior Years-SECA","null"
"2025","2025-08-31","56824877","56824889","Total -- Federal Old-Age and Survivors Insurance Trust Fund","84514000000.00"
"2025","2025-08-31","56824892","56824899","Self-Employment Contributions Act Taxes","162000000.00"
"2025","2025-08-31","56824912","56824932","Total -- Federal Hospital Insurance Trust Fund","29816000000.00"
"2025","2025-08-31","56824934","56824936","Rail Pension and Supplemental Annuity","303343520.24"
"2025","2025-04-30","null","56010318","Corporation Income Taxes","93632073559.92"
"2025","2025-04-30","null","56010319","Social Insurance and Retirement Receipts:","null"
"2025","2025-04-30","56010319","56010320","Employment and General Retirement:","null"
"2025","2025-04-30","56010320","56010321","Federal Old-Age and Survivors Insurance Trust Fund:","null"
"2025","2025-09-30","57117926","57117929","Withheld","null"
"2025","2025-09-30","57117926","57117932","Presidential Election Campaign Fund","null"
"2025","2025-09-30","57117926","57117936","Other","null"
"2025","2025-09-30","57117926","57117939","Total -- Individual Income Taxes","298413142391.55"
"2025","2025-09-30","null","57117941","Corporation Income Taxes","62475589646.90"
"2025","2025-09-30","null","57117944","Social Insurance and Retirement Receipts:","null"
"2025","2025-09-30","57117944","57117948","Employment and General Retirement:","null"
"2025","2025-06-30","56447035","56447036","Deposits by States","6390888044.21"
"2025","2025-09-30","57117948","57117951","Federal Old-Age and Survivors Insurance Trust Fund:","null"
"2025","2025-09-30","null","57117926","Individual Income Taxes","null"
"2025","2025-04-30","56010319","56010357","Total -- Social Insurance and Retirement Receipts","184403338736.76"
"2025","2025-04-30","null","56010358","Excise Taxes:","null"
"2025","2025-04-30","56010358","56010359","Miscellaneous Excise Taxes","1646587151.47"
"2025","2025-04-30","56010358","56010360","Airport and Airway Trust Fund","5107256099.98"
"2025","2025-04-30","56010358","56010361","Highway Trust Fund","5589968403.92"
"2025","2025-04-30","56010358","56010362","Black Lung Disability Trust Fund","30462618.00"
"2025","2025-04-30","56010358","56010363","Total -- Excise Taxes","12374274273.37"
"2025","2025-04-30","null","56010364","Estate and Gift Taxes","3726171623.90"
"2025","2025-04-30","null","56010365","Customs Duties","15633917348.71"
"2025","2025-09-30","57117979","57117995","Adjustments Attributable to Prior Years-FICA","'-1809082138.94"
"2025","2025-06-30","56447054","56447058","Total -- Miscellaneous Receipts","2318313846.25"
"2025","2025-04-30","56010353","56010355","Non-Federal Employees Retirement","1177495.41"
"2025","2025-04-30","56010353","56010356","Total -- Other Retirement","711159611.93"
"2025","2025-06-30","null","56447059","Total -- Receipts","526445351756.97"
"2025","2025-06-30","56447059","56447060","Total -- On-Budget","390295900447.36"
"2025","2025-06-30","56447059","56447061","Total -- Off-Budget","136149451309.61"
"2025","2025-09-30","57117951","57117976","Total -- Federal Old-Age and Survivors Insurance Trust Fund","85594246404.70"
"2025","2025-09-30","57117948","57117979","Federal Disability Insurance Trust Fund:","null"
"2025","2025-09-30","57117979","57117984","Federal Insurance Contributions Act Taxes","14838055000.00"
"2025","2025-09-30","57117979","57117987","Self-Employment Contributions Act Taxes","1506000000.00"
"2025","2025-04-30","56010321","56010326","Adjustments Attrbutable to Prior Years-SECA","null"
"2025","2025-04-30","56010321","56010327","Total -- Federal Old-Age and Survivors Insurance Trust Fund","112803000000.00"
"2025","2025-04-30","56010320","56010328","Federal Disability Insurance Trust Fund:","null"
"2025","2025-04-30","56010328","56010329","Federal Insurance Contributions Act Taxes","15283000000.00"
"2025","2025-09-30","57117979","57117999","Adjustments Attributable to Prior Years-SECA","'-268298.12"
"2025","2025-09-30","57117979","57118003","Total -- Federal Disability Insurance Trust Fund","14534704562.94"
"2025","2025-09-30","57117948","57118008","Federal Hospital Insurance Trust Fund:","null"
"2025","2025-09-30","57118008","57118011","Federal Insurance Contributions Act Taxes","30880000000.00"
"2025","2025-06-30","null","56446994","Corporation Income Taxes","68086435432.83"
"2025","2025-06-30","null","56446995","Social Insurance and Retirement Receipts:","null"
"2025","2025-06-30","56446995","56446996","Employment and General Retirement:","null"
"2025","2025-04-30","56010321","56010322","Federal Insurance Contributions Act Taxes","89998000000.00"
"2025","2025-04-30","56010321","56010323","Self-Employment Contributions Act Taxes","22805000000.00"
"2025","2025-04-30","56010321","56010325","Adjustments Attributable to Prior Years-FICA","null"
"2025","2025-06-30","56446996","56446997","Federal Old-Age and Survivors Insurance Trust Fund:","null"
"2025","2025-09-30","57118008","57118015","Self-Employment Contributions Act Taxes","4307000000.00"
"2025","2025-09-30","57118008","57118018","Receipts from Railroad Retirement Board","null"
"2025","2025-06-30","56446989","56446990","Withheld","null"
"2025","2025-06-30","56446989","56446991","Presidential Election Campaign Fund","null"
"2025","2025-06-30","56446989","56446992","Other","null"
"2025","2025-06-30","56446989","56446993","Total -- Individual Income Taxes","236167732428.22"
"2025","2025-09-30","57118008","57118025","Adjustments Attributable to Prior Years-FICA","'-3502020075.49"
"2025","2025-04-30","56010335","56010337","Self-Employment Contributions Act Taxes","10020000000.00"
"2025","2025-04-30","56010335","56010340","Adjustments Attributable to Prior Years-FICA","null"
"2025","2025-04-30","56010335","56010341","Adjustments Attributable to Prior Years-SECA","null"
"2025","2025-04-30","56010335","56010342","Total -- Federal Hospital Insurance Trust Fund","40097000000.00"
"2025","2025-04-30","56010320","56010343","Railroad Retirement:","null"
"2025","2025-04-30","56010343","56010344","Rail Pension and Supplemental Annuity","347546440.68"
"2025","2025-04-30","56010319","56010353","Other Retirement:","null"
"2025","2025-04-30","56010353","56010354","Federal Employees' Retirement--Employee Share","709982116.52"
"2025","2025-06-30","56447004","56447006","Federal Insurance Contributions Act Taxes","16229000000.00"
"2025","2025-09-30","57117944","57118045","Unemployment Insurance:","null"
"2025","2025-09-30","57118096","57118108","Total -- Miscellaneous Receipts","3349155121.37"
"2025","2025-09-30","null","57118112","Total -- Receipts","543662987461.22"
"2025","2025-06-30","null","56447052","Estate and Gift Taxes","2486087159.87"
"2025","2025-06-30","null","56447053","Customs Duties","26631664231.77"
"2025","2025-06-30","null","56447054","Miscellaneous Receipts:","null"
"2025","2025-06-30","56447054","56447056","Universal Service Fund","730538907.01"
"2025","2025-06-30","56447054","56447057","All Other","1126451505.63"
"2025","2025-09-30","57118096","57118102","Universal Service Fund","708855025.42"
"2025","2025-09-30","57118096","57118105","All Other","2194073905.36"
"2025","2025-09-30","57118112","57118119","Total -- On-Budget","443534036493.58"
"2025","2025-09-30","57118112","57118123","Total -- Off-Budget","100128950967.64"
"2025","2025-06-30","56446996","56447004","Federal Disability Insurance Trust Fund:","null"
"2025","2025-06-30","null","56447046","Excise Taxes:","null"
"2025","2025-06-30","56447046","56447047","Miscellaneous Excise Taxes","2307941834.85"
"2025","2025-06-30","56447046","56447048","Airport and Airway Trust Fund","1307952000.00"
"2025","2025-06-30","56447046","56447049","Highway Trust Fund","3959806017.29"
"2025","2025-06-30","56447046","56447050","Black Lung Disability Trust Fund","20303000.00"
"2025","2025-06-30","56447046","56447051","Total -- Excise Taxes","7596002852.14"
"2025","2025-09-30","57117951","57117955","Federal Insurance Contributions Act Taxes","87380435000.00"
"2025","2025-09-30","57117951","57117960","Self-Employment Contributions Act Taxes","8870000000.00"
"2025","2025-09-30","57117951","57117968","Adjustments Attributable to Prior Years-FICA","'-10654628187.28"
"2025","2025-06-30","56447041","56447043","Non-Federal Employees Retirement","2847.26"
"2025","2025-06-30","56447041","56447044","Total -- Other Retirement","666270876.08"
"2025","2025-06-30","56446995","56447045","Total -- Social Insurance and Retirement Receipts","183159115805.89"
"2025","2025-09-30","57117951","57117972","Adjustments Attrbutable to Prior Years-SECA","'-1560408.02"
"2025","2025-09-30","57118008","57118029","Adjustments Attributable to Prior Years-SECA","'-495690.40"
"2025","2025-09-30","57118008","57118032","Total -- Federal Hospital Insurance Trust Fund","31684484234.11"
"2025","2025-06-30","56446997","56446998","Federal Insurance Contributions Act Taxes","95575000000.00"
"2025","2025-06-30","56446997","56446999","Self-Employment Contributions Act Taxes","7996000000.00"
"2025","2025-06-30","56446996","56447031","Railroad Retirement:","null"
"2025","2025-09-30","57117948","57118035","Railroad Retirement:","null"
"2025","2025-09-30","57118035","57118037","Rail Pension and Supplemental Annuity","282204193.74"
"2025","2025-09-30","57118035","57118040","Social Security Equivalent Account","328813724.64"
"2025","2025-09-30","57117948","57118043","Total -- Employment and General Retirement","132424453120.13"
"2025","2025-09-30","57118045","57118048","Deposits by States","724713065.78"
"2025","2025-09-30","57118045","57118050","Federal Unemployment Taxes","22447792.01"
"2025","2025-09-30","57118045","57118051","Railroad Unemployment Taxes","65106.47"
"2025","2025-09-30","57117944","57118059","Other Retirement:","null"
"2025","2025-09-30","null","57118074","Excise Taxes:","null"
"2025","2025-09-30","57118074","57118084","Black Lung Disability Trust Fund","19878054.00"
"2025","2025-06-30","56446997","56447001","Adjustments Attributable to Prior Years-FICA","13683723149.29"
"2025","2025-06-30","56446997","56447002","Adjustments Attrbutable to Prior Years-SECA","'-870420168.32"
"2025","2025-06-30","56446997","56447003","Total -- Federal Old-Age and Survivors Insurance Trust Fund","116384302980.97"
"2025","2025-06-30","56447004","56447008","Self-Employment Contributions Act Taxes","1357000000.00"
"2025","2025-09-30","57118059","57118065","Non-Federal Employees Retirement","1592100.75"
"2025","2025-09-30","57118059","57118068","Total -- Other Retirement","763729465.60"
"2025","2025-09-30","57117944","57118071","Total -- Social Insurance and Retirement Receipts","133935408549.99"
"2025","2025-09-30","null","57118096","Miscellaneous Receipts:","null"
"2025","2025-09-30","57118096","57118099","Deposit of Earnings, Federal Reserve System","446226190.59"
"2025","2025-06-30","56447004","56447012","Adjustments Attributable to Prior Years-FICA","2325302654.56"
"2025","2025-06-30","56447004","56447014","Adjustments Attributable to Prior Years-SECA","'-146154325.92"
"2025","2025-06-30","56447004","56447016","Total -- Federal Disability Insurance Trust Fund","19765148328.64"
"2025","2025-06-30","56446996","56447018","Federal Hospital Insurance Trust Fund:","null"
"2025","2025-06-30","56447018","56447029","Adjustments Attributable to Prior Years-SECA","'-259194025.91"
"2025","2025-06-30","56447018","56447030","Total -- Federal Hospital Insurance Trust Fund","39995779009.31"
"2025","2025-06-30","56447035","56447037","Federal Unemployment Taxes","26646465.71"
"2025","2025-06-30","56447035","56447038","Railroad Unemployment Taxes","16601.25"
"2025","2025-06-30","56446995","56447041","Other Retirement:","null"
"2025","2025-09-30","57118074","57118087","Total -- Excise Taxes","12779384419.74"
"2025","2025-09-30","null","57118090","Estate and Gift Taxes","3035354009.43"
"2025","2025-09-30","null","57118093","Customs Duties","29674953322.24"
"2025","2025-09-30","57118045","57118056","Total -- Unemployment Insurance","747225964.26"
"2025","2025-09-30","57118059","57118062","Federal Employees' Retirement--Employee Share","762137364.85"
"2025","2025-09-30","57118074","57118076","Miscellaneous Excise Taxes","3601433117.97"
"2025","2025-09-30","57118074","57118079","Airport and Airway Trust Fund","3596421377.71"
"2025","2025-09-30","57118074","57118082","Highway Trust Fund","5561651870.06"
"2026","2025-12-31","57633913","57633914","Federal Old-Age and Survivors Insurance Trust Fund:","null"
"2026","2026-04-30","null","58331687","Social Insurance and Retirement Receipts:","null"
"2026","2025-11-30","57508396","57508398","Self-Employment Contributions Act Taxes","31000000.00"
"2026","2026-06-30","null","58739579","Excise Taxes:","null"
"2026","2025-11-30","57508378","57508448","Other Retirement:","null"
"2026","2026-06-30","58739579","58739586","Highway Trust Fund","4038279634.88"
"2026","2025-12-31","57633928","57633944","Adjustments Attributable to Prior Years-FICA","'-287308454.79"
"2026","2026-04-30","58331687","58331806","Other Retirement:","null"
"2026","2026-04-30","null","58331820","Excise Taxes:","null"
"2026","2025-11-30","57508482","57508491","All Other","679159076.96"
"2026","2025-11-30","null","57508494","Total -- Receipts","336001195709.96"
"2026","2026-06-30","58739579","58739585","Airport and Airway Trust Fund","1547633000.00"
"2026","2025-12-31","57633986","57633990","Rail Pension and Supplemental Annuity","266761789.54"
"2026","2025-12-31","57634000","57634001","Federal Employees' Retirement--Employee Share","693809825.39"
"2026","2025-12-31","57634000","57634002","Non-Federal Employees Retirement","1630984.73"
"2026","2026-04-30","null","58331849","Total -- Receipts","837340124248.53"
"2026","2026-04-30","58331849","58331852","Total -- On-Budget","696831124248.53"
"2026","2026-04-30","58331849","58331855","Total -- Off-Budget","140509000000.00"
"2026","2025-12-31","57633914","57633925","Total -- Federal Old-Age and Survivors Insurance Trust Fund","89715485097.17"
"2026","2025-12-31","57633928","57633934","Federal Insurance Contributions Act Taxes","15323000000.00"
"2026","2025-11-30","57508378","57508436","Unemployment Insurance:","null"
"2026","2025-12-31","57633898","57633908","Total -- Individual Income Taxes","242336799251.83"
"2026","2025-12-31","null","57633909","Corporation Income Taxes","59447584564.91"
"2026","2025-12-31","57633914","57633916","Federal Insurance Contributions Act Taxes","90236000000.00"
"2026","2025-12-31","57633914","57633918","Self-Employment Contributions Act Taxes","697000000.00"
"2026","2025-12-31","57633914","57633922","Adjustments Attributable to Prior Years-FICA","'-936537378.21"
"2026","2025-12-31","57633914","57633924","Adjustments Attrbutable to Prior Years-SECA","'-280977524.62"
"2026","2025-12-31","57633928","57633937","Self-Employment Contributions Act Taxes","119000000.00"
"2026","2025-12-31","57633928","57633949","Adjustments Attributable to Prior Years-SECA","'-44883264.95"
"2026","2025-12-31","57633928","57633954","Total -- Federal Disability Insurance Trust Fund","15109808280.26"
"2026","2025-12-31","57633913","57633957","Federal Hospital Insurance Trust Fund:","null"
"2026","2025-11-30","57508482","57508486","Deposit of Earnings, Federal Reserve System","491870327.15"
"2026","2025-11-30","57508482","57508488","Universal Service Fund","713084818.03"
"2026","2026-04-30","58331695","58331701","Self-Employment Contributions Act Taxes","24271000000.00"
"2026","2026-06-30","58739528","58739538","Social Security Equivalent Account","'-408438919.17"
"2026","2025-11-30","null","57508366","Individual Income Taxes","null"
"2026","2026-04-30","58331690","58331777","Railroad Retirement:","null"
"2026","2026-06-30","58739505","58739513","Receipts from Railroad Retirement Board","684100000.00"
"2026","2026-06-30","58739505","58739518","Adjustments Attributable to Prior Years-FICA","'-14160187685.82"
"2026","2026-06-30","58739545","58739548","Deposits by States","775349264.15"
"2026","2025-11-30","null","57508460","Excise Taxes:","null"
"2026","2026-04-30","58331791","58331793","Deposits by States","7225049154.14"
"2026","2026-01-31","57770137","57770240","Unemployment Insurance:","null"
"2026","2025-11-30","null","57508475","Estate and Gift Taxes","2992867102.49"
"2026","2025-11-30","null","57508480","Customs Duties","30755952020.41"
"2026","2025-11-30","null","57508482","Miscellaneous Receipts:","null"
"2026","2025-11-30","57508482","57508492","Total -- Miscellaneous Receipts","1884114222.14"
"2026","2026-01-31","null","57770298","Miscellaneous Receipts:","null"
"2026","2026-04-30","null","58331837","Customs Duties","22124133547.43"
"2026","2026-04-30","null","58331839","Miscellaneous Receipts:","null"
"2026","2026-04-30","58331839","58331841","Deposit of Earnings, Federal Reserve System","1127232948.21"
"2026","2026-04-30","58331839","58331843","Universal Service Fund","679025854.34"
"2026","2026-01-31","null","57770312","Total -- Receipts","559935445930.71"
"2026","2026-01-31","57770312","57770315","Total -- On-Budget","431467445930.71"
"2026","2026-01-31","57770312","57770322","Total -- Off-Budget","128468000000.00"
"2026","2026-06-30","58739505","58739510","Self-Employment Contributions Act Taxes","3959000000.00"
"2026","2026-06-30","58739528","58739534","Rail Pension and Supplemental Annuity","346495935.69"
"2026","2026-06-30","58739456","58739541","Total -- Employment and General Retirement","153951919603.48"
"2026","2026-06-30","58739505","58739526","Total -- Federal Hospital Insurance Trust Fund","33061848959.81"
"2026","2026-04-30","58331744","58331772","Adjustments Attributable to Prior Years-SECA","null"
"2026","2025-11-30","57508448","57508451","Non-Federal Employees Retirement","964502.30"
"2026","2026-06-30","58739579","58739589","Black Lung Disability Trust Fund","23226000.00"
"2026","2025-11-30","57508460","57508462","Miscellaneous Excise Taxes","2921135931.40"
"2026","2025-11-30","57508460","57508464","Airport and Airway Trust Fund","1634680000.00"
"2026","2025-11-30","57508460","57508467","Highway Trust Fund","3873794655.99"
"2026","2026-06-30","58739579","58739582","Miscellaneous Excise Taxes","2096413663.27"
"2026","2026-01-31","57770272","57770290","Total -- Excise Taxes","8527043341.18"
"2026","2026-01-31","null","57770293","Estate and Gift Taxes","3854990520.55"
"2026","2025-11-30","57508380","57508428","Railroad Retirement:","null"
"2026","2026-06-30","58739567","58739573","Total -- Other Retirement","756316406.25"
"2026","2026-04-30","58331690","58331718","Federal Disability Insurance Trust Fund:","null"
"2026","2026-04-30","58331744","58331752","Self-Employment Contributions Act Taxes","11397000000.00"
"2026","2026-06-30","58739505","58739506","Federal Insurance Contributions Act Taxes","33746000000.00"
"2026","2026-06-30","58739505","58739523","Adjustments Attributable to Prior Years-SECA","8832936645.63"
"2026","2026-06-30","58739483","58739485","Federal Insurance Contributions Act Taxes","17293000000.00"
"2026","2026-01-31","57770140","57770229","Railroad Retirement:","null"
"2026","2026-06-30","58739483","58739488","Self-Employment Contributions Act Taxes","1448000000.00"
"2026","2026-06-30","58739483","58739496","Adjustments Attributable to Prior Years-FICA","'-952244895.17"
"2026","2026-06-30","58739483","58739500","Adjustments Attributable to Prior Years-SECA","'-232602385.43"
"2026","2026-06-30","58739483","58739503","Total -- Federal Disability Insurance Trust Fund","17556152719.40"
"2026","2026-06-30","58739545","58739553","Federal Unemployment Taxes","25263534.00"
"2026","2025-11-30","57508436","57508438","Deposits by States","2681889159.80"
"2026","2025-11-30","57508436","57508440","Federal Unemployment Taxes","79594714.54"
"2026","2026-04-30","58331839","58331847","Total -- Miscellaneous Receipts","3169688935.92"
"2026","2026-07-31","null","59083728","Social Insurance and Retirement Receipts:","null"
"2026","2026-01-31","57770298","57770300","Deposit of Earnings, Federal Reserve System","190334272.88"
"2026","2026-01-31","57770298","57770303","Universal Service Fund","773429644.55"
"2026","2026-01-31","57770298","57770306","All Other","1043978320.04"
"2026","2026-01-31","57770298","57770309","Total -- Miscellaneous Receipts","2007742237.47"
"2026","2026-04-30","58331687","58331690","Employment and General Retirement:","null"
"2026","2025-11-30","57508448","57508449","Federal Employees' Retirement--Employee Share","737820113.95"
"2026","2025-11-30","57508448","57508453","Total -- Other Retirement","738784616.25"
"2026","2025-11-30","57508378","57508456","Total -- Social Insurance and Retirement Receipts","137788397096.72"
"2026","2025-11-30","57508460","57508470","Black Lung Disability Trust Fund","23626000.00"
"2026","2025-11-30","57508460","57508472","Total -- Excise Taxes","8453236587.39"
"2026","2026-04-30","58331690","58331744","Federal Hospital Insurance Trust Fund:","null"
"2026","2025-11-30","57508380","57508396","Federal Disability Insurance Trust Fund:","null"
"2026","2025-11-30","57508436","57508442","Railroad Unemployment Taxes","196658.38"
"2026","2025-11-30","57508436","57508445","Total -- Unemployment Insurance","2761680532.72"
"2026","2026-04-30","58331820","58331834","Total -- Excise Taxes","13396934012.51"
"2026","2026-04-30","null","58331835","Estate and Gift Taxes","4695065908.15"
"2026","2026-07-31","null","59083860","Miscellaneous Receipts:","null"
"2026","2026-01-31","57770272","57770280","Airport and Airway Trust Fund","1450093000.00"
"2026","2026-01-31","57770272","57770284","Highway Trust Fund","3432212175.52"
"2026","2026-01-31","57770272","57770287","Black Lung Disability Trust Fund","20958000.00"
"2026","2026-01-31","null","57770295","Customs Duties","27742448220.24"
"2026","2026-07-31","null","59083873","Total -- Receipts","334009875555.79"
"2026","2025-11-30","57508414","57508427","Total -- Federal Hospital Insurance Trust Fund","34594000000.00"
"2026","2026-07-31","59083873","59083876","Total -- On-Budget","231464875555.79"
"2026","2026-07-31","null","59083714","Individual Income Taxes","null"
"2026","2026-04-30","58331687","58331791","Unemployment Insurance:","null"
"2026","2025-11-30","57508396","57508397","Federal Insurance Contributions Act Taxes","14363000000.00"
"2026","2025-11-30","57508396","57508407","Total -- Federal Disability Insurance Trust Fund","14394000000.00"
"2026","2025-11-30","57508414","57508415","Federal Insurance Contributions Act Taxes","34514000000.00"
"2026","2025-11-30","57508414","57508416","Self-Employment Contributions Act Taxes","80000000.00"
"2026","2026-04-30","58331820","58331831","Black Lung Disability Trust Fund","18535000.00"
"2026","2026-04-30","58331839","58331845","All Other","1363430133.37"
"2026","2025-11-30","57508381","57508384","Federal Insurance Contributions Act Taxes","84582000000.00"
"2026","2025-11-30","57508381","57508387","Self-Employment Contributions Act Taxes","184000000.00"
"2026","2025-11-30","57508378","57508380","Employment and General Retirement:","null"
"2026","2025-11-30","57508380","57508381","Federal Old-Age and Survivors Insurance Trust Fund:","null"
"2026","2026-01-31","57770137","57770257","Other Retirement:","null"
"2026","2026-04-30","null","58331675","Individual Income Taxes","null"
"2026","2026-01-31","null","57770272","Excise Taxes:","null"
"2026","2026-01-31","57770272","57770277","Miscellaneous Excise Taxes","3623780165.66"
"2026","2026-01-31","57770137","57770269","Total -- Social Insurance and Retirement Receipts","169803644103.48"
"2026","2025-11-30","57508366","57508367","Withheld","null"
"2026","2025-11-30","57508366","57508370","Presidential Election Campaign Fund","null"
"2026","2025-11-30","57508366","57508372","Other","null"
"2026","2026-07-31","59083728","59083812","Unemployment Insurance:","null"
"2026","2026-04-30","58331744","58331748","Federal Insurance Contributions Act Taxes","31672000000.00"
"2026","2025-11-30","57508380","57508434","Total -- Employment and General Retirement","134287931947.75"
"2026","2026-01-31","57770137","57770140","Employment and General Retirement:","null"
"2026","2026-07-31","null","59083838","Excise Taxes:","null"
"2026","2025-11-30","57508366","57508374","Total -- Individual Income Taxes","146957441788.40"
"2026","2025-11-30","null","57508376","Corporation Income Taxes","7169186892.41"
"2026","2025-11-30","null","57508378","Social Insurance and Retirement Receipts:","null"
"2026","2025-11-30","57508381","57508394","Total -- Federal Old-Age and Survivors Insurance Trust Fund","84766000000.00"
"2026","2025-11-30","57508428","57508430","Rail Pension and Supplemental Annuity","250446571.13"
"2026","2025-11-30","57508428","57508432","Social Security Equivalent Account","283485376.62"
"2026","2025-12-31","null","57633898","Individual Income Taxes","null"
"2026","2026-04-30","58331820","58331823","Miscellaneous Excise Taxes","8258052970.60"
"2026","2026-07-31","59083860","59083866","Universal Service Fund","670992826.38"
"2026","2026-01-31","57770205","57770226","Total -- Federal Hospital Insurance Trust Fund","37219000000.00"
"2026","2026-01-31","57770205","57770219","Adjustments Attributable to Prior Years-FICA","null"
"2026","2026-01-31","57770205","57770224","Adjustments Attributable to Prior Years-SECA","null"
"2026","2025-12-31","null","57633912","Social Insurance and Retirement Receipts:","null"
"2026","2026-07-31","59083873","59083879","Total -- Off-Budget","102545000000.00"
"2026","2026-07-31","59083860","59083871","Total -- Miscellaneous Receipts","3174491572.22"
"2026","2026-01-31","57770240","57770246","Federal Unemployment Taxes","719037842.35"
"2026","2026-01-31","57770240","57770248","Railroad Unemployment Taxes","7769198.21"
"2026","2026-01-31","57770240","57770254","Total -- Unemployment Insurance","2682093239.04"
"2026","2025-12-31","57633913","57633986","Railroad Retirement:","null"
"2026","2026-01-31","null","57770137","Social Insurance and Retirement Receipts:","null"
"2026","2025-12-31","57633912","57633993","Unemployment Insurance:","null"
"2026","2026-01-31","57770117","57770121","Presidential Election Campaign Fund","null"
"2026","2026-01-31","57770117","57770127","Other","null"
"2026","2026-01-31","57770117","57770131","Total -- Individual Income Taxes","317304324303.35"
"2026","2025-12-31","57634023","57634025","Universal Service Fund","735041268.45"
"2026","2025-12-31","null","57634015","Estate and Gift Taxes","1578182542.84"
"2026","2025-12-31","null","57634017","Customs Duties","27892382035.20"
"2026","2025-12-31","null","57634023","Miscellaneous Receipts:","null"
"2026","2026-04-30","58331820","58331825","Airport and Airway Trust Fund","1731956000.00"
"2026","2026-04-30","58331820","58331828","Highway Trust Fund","3388390041.91"
"2026","2026-01-31","57770175","57770200","Adjustments Attributable to Prior Years-SECA","null"
"2026","2026-01-31","57770175","57770203","Total -- Federal Disability Insurance Trust Fund","18648000000.00"
"2026","2026-01-31","57770140","57770205","Federal Hospital Insurance Trust Fund:","null"
"2026","2026-01-31","57770205","57770208","Federal Insurance Contributions Act Taxes","32969000000.00"
"2026","2026-07-31","59083812","59083814","Deposits by States","3839281845.08"
"2026","2026-01-31","57770229","57770234","Social Security Equivalent Account","290651961.90"
"2026","2026-01-31","57770140","57770237","Total -- Employment and General Retirement","166306436920.32"
"2026","2026-01-31","57770240","57770243","Deposits by States","1955286198.48"
"2026","2026-04-30","58331675","58331681","Other","null"
"2026","2026-04-30","58331718","58331732","Adjustments Attributable to Prior Years-FICA","null"
"2026","2026-07-31","59083838","59083844","Airport and Airway Trust Fund","1604749000.00"
"2026","2026-01-31","57770175","57770196","Adjustments Attributable to Prior Years-FICA","null"
"2026","2025-12-31","57633912","57634000","Other Retirement:","null"
"2026","2026-01-31","57770257","57770266","Total -- Other Retirement","815113944.12"
"2026","2026-04-30","58331806","58331811","Non-Federal Employees Retirement","1574903.22"
"2026","2025-12-31","null","57634005","Excise Taxes:","null"
"2026","2026-04-30","58331806","58331814","Total -- Other Retirement","701253950.94"
"2026","2026-07-31","59083860","59083869","All Other","942338313.73"
"2026","2026-01-31","null","57770117","Individual Income Taxes","null"
"2026","2026-01-31","57770117","57770119","Withheld","null"
"2026","2026-01-31","null","57770134","Corporation Income Taxes","30695253204.44"
"2026","2026-01-31","57770140","57770145","Federal Old-Age and Survivors Insurance Trust Fund:","null"
"2026","2026-01-31","57770205","57770210","Self-Employment Contributions Act Taxes","4250000000.00"
"2026","2026-01-31","57770229","57770232","Rail Pension and Supplemental Annuity","328784958.42"
"2026","2025-12-31","57634028","57634032","Total -- On-Budget","379558722161.82"
"2026","2025-12-31","57634028","57634038","Total -- Off-Budget","104825293377.43"
"2026","2026-01-31","57770257","57770260","Federal Employees' Retirement--Employee Share","814198353.10"
"2026","2026-01-31","57770257","57770263","Non-Federal Employees Retirement","915591.02"
"2026","2026-01-31","57770145","57770148","Federal Insurance Contributions Act Taxes","100126000000.00"
"2026","2026-01-31","57770145","57770155","Self-Employment Contributions Act Taxes","9694000000.00"
"2026","2026-01-31","57770145","57770164","Adjustments Attributable to Prior Years-FICA","null"
"2026","2026-01-31","57770140","57770175","Federal Disability Insurance Trust Fund:","null"
"2026","2025-12-31","57633912","57633913","Employment and General Retirement:","null"
"2026","2026-04-30","58331791","58331799","Railroad Unemployment Taxes","7825992.55"
"2026","2026-04-30","58331791","58331803","Total -- Unemployment Insurance","11348574883.72"
"2026","2026-04-30","58331806","58331808","Federal Employees' Retirement--Employee Share","699679047.72"
"2026","2026-01-31","57770145","57770168","Adjustments Attrbutable to Prior Years-SECA","null"
"2026","2026-01-31","57770145","57770171","Total -- Federal Old-Age and Survivors Insurance Trust Fund","109820000000.00"
"2026","2026-01-31","57770175","57770180","Federal Insurance Contributions Act Taxes","17002000000.00"
"2026","2026-01-31","57770175","57770187","Self-Employment Contributions Act Taxes","1646000000.00"
"2026","2025-12-31","57634023","57634024","Deposit of Earnings, Federal Reserve System","716449401.43"
"2026","2025-12-31","57634023","57634026","All Other","933256028.71"
"2026","2026-04-30","58331718","58331725","Self-Employment Contributions Act Taxes","4122000000.00"
"2026","2026-04-30","58331718","58331737","Adjustments Attributable to Prior Years-SECA","null"
"2026","2026-04-30","58331718","58331740","Total -- Federal Disability Insurance Trust Fund","20397000000.00"
"2026","2026-04-30","58331744","58331767","Adjustments Attributable to Prior Years-FICA","null"
"2026","2026-04-30","58331744","58331775","Total -- Federal Hospital Insurance Trust Fund","43069000000.00"
"2026","2026-04-30","58331777","58331782","Rail Pension and Supplemental Annuity","321643744.26"
"2026","2026-04-30","58331777","58331785","Social Security Equivalent Account","292141005.87"
"2026","2026-04-30","58331690","58331788","Total -- Employment and General Retirement","184191784750.13"
"2026","2026-04-30","58331791","58331796","Federal Unemployment Taxes","4115699737.03"
"2026","2026-04-30","58331687","58331817","Total -- Social Insurance and Retirement Receipts","196241613584.79"
"2026","2026-02-28","57949028","57949035","Highway Trust Fund","3468412643.32"
"2026","2026-02-28","57949028","57949039","Black Lung Disability Trust Fund","18930000.00"
"2026","2026-02-28","57949028","57949042","Total -- Excise Taxes","7346213121.20"
"2026","2026-02-28","null","57949054","Miscellaneous Receipts:","null"
"2026","2026-04-30","58331675","58331677","Withheld","null"
"2026","2026-04-30","58331675","58331678","Presidential Election Campaign Fund","null"
"2026","2026-04-30","58331675","58331683","Total -- Individual Income Taxes","515119913094.58"
"2026","2026-04-30","null","58331685","Corporation Income Taxes","82592775165.15"
"2026","2025-12-31","57633898","57633901","Withheld","null"
"2026","2026-02-28","null","57948879","Individual Income Taxes","null"
"2026","2026-02-28","57948879","57948881","Withheld","null"
"2026","2026-02-28","57948879","57948884","Presidential Election Campaign Fund","null"
"2026","2026-02-28","57948879","57948887","Other","null"
"2026","2026-02-28","57948879","57948891","Total -- Individual Income Taxes","133388890800.28"
"2026","2026-04-30","58331690","58331695","Federal Old-Age and Survivors Insurance Trust Fund:","null"
"2026","2026-04-30","58331695","58331698","Federal Insurance Contributions Act Taxes","95841000000.00"
"2026","2026-04-30","58331695","58331709","Adjustments Attributable to Prior Years-FICA","null"
"2026","2026-04-30","58331695","58331713","Adjustments Attrbutable to Prior Years-SECA","null"
"2026","2026-04-30","58331695","58331715","Total -- Federal Old-Age and Survivors Insurance Trust Fund","120112000000.00"
"2026","2026-04-30","58331718","58331722","Federal Insurance Contributions Act Taxes","16275000000.00"
"2026","2026-07-31","null","59083855","Estate and Gift Taxes","3851792550.86"
"2026","2026-07-31","null","59083858","Customs Duties","'-8546441906.97"
"2026","2026-07-31","59083860","59083863","Deposit of Earnings, Federal Reserve System","1561160432.11"
"2026","2026-02-28","57948931","57948939","Self-Employment Contributions Act Taxes","97000000.00"
"2026","2026-07-31","59083714","59083716","Withheld","null"
"2026","2026-02-28","57948898","57948994","Unemployment Insurance:","null"
"2026","2025-12-31","57634005","57634011","Total -- Excise Taxes","7583694534.16"
"2026","2025-12-31","57634023","57634027","Total -- Miscellaneous Receipts","2384746698.59"
"2026","2025-12-31","null","57634028","Total -- Receipts","484384015539.25"
"2026","2026-02-28","57949014","57949017","Federal Employees' Retirement--Employee Share","653746272.70"
"2026","2026-02-28","57949014","57949019","Non-Federal Employees Retirement","1160001.58"
"2026","2026-02-28","57949014","57949022","Total -- Other Retirement","654906274.28"
"2026","2026-02-28","57948898","57949025","Total -- Social Insurance and Retirement Receipts","144380390625.15"
"2026","2026-02-28","null","57949028","Excise Taxes:","null"
"2026","2026-02-28","57949028","57949031","Miscellaneous Excise Taxes","2089938477.88"
"2026","2026-02-28","57949028","57949033","Airport and Airway Trust Fund","1768932000.00"
"2026","2026-02-28","null","57949050","Customs Duties","26593808711.49"
"2026","2025-12-31","57633898","57633903","Presidential Election Campaign Fund","null"
"2026","2026-02-28","57949054","57949057","Deposit of Earnings, Federal Reserve System","470999800.72"
"2026","2026-02-28","57949054","57949059","Universal Service Fund","691628599.79"
"2026","2026-02-28","57949054","57949062","All Other","779385069.77"
"2026","2026-02-28","57949054","57949064","Total -- Miscellaneous Receipts","1942013470.28"
"2026","2026-02-28","null","57949066","Total -- Receipts","313121685246.84"
"2026","2026-02-28","57949066","57949071","Total -- On-Budget","204960685246.84"
"2026","2026-02-28","57949066","57949076","Total -- Off-Budget","108161000000.00"
"2026","2026-02-28","null","57949046","Estate and Gift Taxes","2656959240.02"
"2026","2026-07-31","59083758","59083773","Adjustments Attributable to Prior Years-SECA","null"
"2026","2026-05-31","58528550","58528650","Unemployment Insurance:","null"
"2026","2025-12-31","57633993","57633996","Railroad Unemployment Taxes","21609.22"
"2026","2026-02-28","null","57948895","Corporation Income Taxes","'-3186590721.58"
"2026","2026-02-28","null","57948898","Social Insurance and Retirement Receipts:","null"
"2026","2026-02-28","57948898","57948901","Employment and General Retirement:","null"
"2026","2026-02-28","57948901","57948904","Federal Old-Age and Survivors Insurance Trust Fund:","null"
"2026","2026-02-28","57948904","57948908","Federal Insurance Contributions Act Taxes","91892000000.00"
"2026","2026-02-28","57948904","57948911","Self-Employment Contributions Act Taxes","568000000.00"
"2026","2025-12-31","57633986","57633991","Social Security Equivalent Account","266093277.56"
"2026","2025-12-31","57633913","57633992","Total -- Employment and General Retirement","141682049425.75"
"2026","2025-12-31","57633993","57633994","Deposits by States","721581433.50"
"2026","2025-12-31","57633993","57633995","Federal Unemployment Taxes","61532633.13"
"2026","2025-12-31","57633993","57633998","Total -- Unemployment Insurance","783135675.85"
"2026","2026-02-28","57948904","57948919","Adjustments Attributable to Prior Years-FICA","null"
"2026","2026-02-28","57948904","57948923","Adjustments Attrbutable to Prior Years-SECA","null"
"2026","2026-02-28","57948904","57948927","Total -- Federal Old-Age and Survivors Insurance Trust Fund","92460000000.00"
"2026","2025-12-31","57633898","57633905","Other","null"
"2026","2025-10-31","null","57430656","Total -- Receipts","404371348973.70"
"2026","2025-10-31","57430656","57430661","Total -- On-Budget","312826348973.70"
"2026","2025-10-31","57430656","57430667","Total -- Off-Budget","91545000000.00"
"2026","2026-05-31","58528704","58528706","Deposit of Earnings, Federal Reserve System","1291861574.59"
"2026","2026-05-31","58528704","58528709","Universal Service Fund","678095426.15"
"2026","2026-02-28","57948901","57948931","Federal Disability Insurance Trust Fund:","null"
"2026","2026-05-31","58528704","58528711","All Other","1005245782.15"
"2026","2026-02-28","57948931","57948935","Federal Insurance Contributions Act Taxes","15604000000.00"
"2026","2026-02-28","57948931","57948946","Adjustments Attributable to Prior Years-FICA","null"
"2026","2026-05-31","null","58528704","Miscellaneous Receipts:","null"
"2026","2026-07-31","59083823","59083833","Total -- Other Retirement","730789055.47"
"2026","2025-12-31","57633957","57633965","Self-Employment Contributions Act Taxes","347000000.00"
"2026","2025-12-31","57633957","57633977","Adjustments Attributable to Prior Years-FICA","'-655806648.86"
"2026","2025-12-31","57633957","57633980","Adjustments Attributable to Prior Years-SECA","'-363292369.92"
"2026","2025-12-31","57633957","57633983","Total -- Federal Hospital Insurance Trust Fund","36323900981.22"
"2026","2026-02-28","57948901","57948985","Railroad Retirement:","null"
"2026","2026-02-28","57948985","57948987","Rail Pension and Supplemental Annuity","420053640.73"
"2026","2026-02-28","57948985","57948989","Social Security Equivalent Account","354687670.19"
"2026","2026-02-28","57948901","57948991","Total -- Employment and General Retirement","138424741310.92"
"2026","2026-02-28","57948994","57948998","Deposits by States","3353511192.96"
"2026","2025-12-31","57633957","57633959","Federal Insurance Contributions Act Taxes","36996000000.00"
"2026","2026-02-28","57948898","57949014","Other Retirement:","null"
"2026","2026-05-31","null","58528531","Individual Income Taxes","null"
"2026","2025-12-31","57633913","57633928","Federal Disability Insurance Trust Fund:","null"
"2026","2025-10-31","57430499","57430592","Unemployment Insurance:","null"
"2026","2026-02-28","57948931","57948950","Adjustments Attributable to Prior Years-SECA","null"
"2026","2026-02-28","57948931","57948955","Total -- Federal Disability Insurance Trust Fund","15701000000.00"
"2026","2026-02-28","57948901","57948959","Federal Hospital Insurance Trust Fund:","null"
"2026","2026-02-28","57948959","57948964","Federal Insurance Contributions Act Taxes","29240000000.00"
"2026","2026-02-28","57948959","57948967","Self-Employment Contributions Act Taxes","249000000.00"
"2026","2026-02-28","57948959","57948977","Adjustments Attributable to Prior Years-FICA","null"
"2026","2026-02-28","57948959","57948980","Adjustments Attributable to Prior Years-SECA","null"
"2026","2026-02-28","57948959","57948983","Total -- Federal Hospital Insurance Trust Fund","29489000000.00"
"2026","2026-02-28","57948994","57949002","Federal Unemployment Taxes","1946812529.53"
"2026","2026-05-31","58528553","58528582","Federal Disability Insurance Trust Fund:","null"
"2026","2025-10-31","57430640","57430643","Deposit of Earnings, Federal Reserve System","526890439.87"
"2026","2025-10-31","57430640","57430646","Universal Service Fund","721013347.80"
"2026","2025-10-31","57430640","57430647","All Other","2253569991.66"
"2026","2025-10-31","57430640","57430652","Total -- Miscellaneous Receipts","3501473779.33"
"2026","2025-12-31","57634005","57634008","Highway Trust Fund","3876546274.27"
"2026","2025-12-31","57634005","57634009","Black Lung Disability Trust Fund","23643000.00"
"2026","2026-02-28","57948994","57949011","Total -- Unemployment Insurance","5300743039.95"
"2026","2025-12-31","57634005","57634006","Miscellaneous Excise Taxes","2047687259.89"
"2026","2025-12-31","57634005","57634007","Airport and Airway Trust Fund","1635818000.00"
"2026","2026-02-28","57948994","57949005","Railroad Unemployment Taxes","419317.46"
"2026","2026-05-31","58528553","58528640","Railroad Retirement:","null"
"2026","2026-07-31","59083730","59083805","Railroad Retirement:","null"
"2026","2026-07-31","59083812","59083822","Total -- Unemployment Insurance","4572674630.14"
"2026","2026-07-31","59083728","59083823","Other Retirement:","null"
"2026","2026-07-31","59083823","59083826","Federal Employees' Retirement--Employee Share","729677672.56"
"2026","2026-07-31","59083823","59083830","Non-Federal Employees Retirement","1111382.91"
"2026","2026-07-31","59083728","59083836","Total -- Social Insurance and Retirement Receipts","139066570913.57"
"2026","2026-07-31","59083838","59083841","Miscellaneous Excise Taxes","3805279621.12"
"2026","2026-07-31","59083838","59083847","Highway Trust Fund","4189646610.72"
"2026","2026-05-31","58528650","58528658","Railroad Unemployment Taxes","1069619.72"
"2026","2026-03-31","58130082","58130089","Self-Employment Contributions Act Taxes","1096000000.00"
"2026","2026-03-31","58130082","58130101","Adjustments Attributable to Prior Years-FICA","2715746.92"
"2026","2026-05-31","58528715","58528719","Total -- On-Budget","225440183227.42"
"2026","2026-05-31","58528715","58528723","Total -- Off-Budget","110072000000.00"
"2026","2026-03-31","58130054","58130078","Total -- Federal Disability Insurance Trust Fund","17355045694.64"
"2026","2025-12-31","57634000","57634003","Total -- Other Retirement","695440810.12"
"2026","2025-12-31","57633912","57634004","Total -- Social Insurance and Retirement Receipts","143160625911.72"
"2026","2025-10-31","57430503","57430581","Railroad Retirement:","null"
"2026","2026-03-31","58130027","58130082","Federal Hospital Insurance Trust Fund:","null"
"2026","2026-03-31","58130082","58130086","Federal Insurance Contributions Act Taxes","31577000000.00"
"2026","2026-05-31","null","58528715","Total -- Receipts","335512183227.42"
"2026","2026-07-31","59083714","59083720","Other","null"
"2026","2025-10-31","57430619","57430631","Total -- Excise Taxes","5982720469.83"
"2026","2025-10-31","null","57430634","Estate and Gift Taxes","3720699518.42"
"2026","2025-10-31","null","57430637","Customs Duties","31353501081.11"
"2026","2025-10-31","null","57430640","Miscellaneous Receipts:","null"
"2026","2026-05-31","58528531","58528533","Withheld","null"
"2026","2025-10-31","null","57430475","Individual Income Taxes","null"
"2026","2025-10-31","57430475","57430478","Withheld","null"
"2026","2025-10-31","57430475","57430483","Presidential Election Campaign Fund","null"
"2026","2025-10-31","57430475","57430486","Other","null"
"2026","2025-10-31","57430475","57430491","Total -- Individual Income Taxes","216953161554.12"
"2026","2025-10-31","null","57430495","Corporation Income Taxes","15068062395.53"
"2026","2025-10-31","null","57430499","Social Insurance and Retirement Receipts:","null"
"2026","2025-10-31","57430499","57430503","Employment and General Retirement:","null"
"2026","2025-10-31","57430503","57430507","Federal Old-Age and Survivors Insurance Trust Fund:","null"
"2026","2025-10-31","57430507","57430512","Federal Insurance Contributions Act Taxes","77885000000.00"
"2026","2025-10-31","57430507","57430514","Self-Employment Contributions Act Taxes","371000000.00"
"2026","2025-10-31","57430507","57430531","Total -- Federal Old-Age and Survivors Insurance Trust Fund","78256000000.00"
"2026","2025-10-31","57430503","57430534","Federal Disability Insurance Trust Fund:","null"
"2026","2025-10-31","57430534","57430538","Federal Insurance Contributions Act Taxes","13226000000.00"
"2026","2025-10-31","57430534","57430542","Self-Employment Contributions Act Taxes","63000000.00"
"2026","2025-10-31","57430534","57430552","Total -- Federal Disability Insurance Trust Fund","13289000000.00"
"2026","2025-10-31","57430503","57430557","Federal Hospital Insurance Trust Fund:","null"
"2026","2025-10-31","57430557","57430560","Federal Insurance Contributions Act Taxes","31598000000.00"
"2026","2025-10-31","57430557","57430563","Self-Employment Contributions Act Taxes","163000000.00"
"2026","2025-10-31","57430557","57430578","Total -- Federal Hospital Insurance Trust Fund","31761000000.00"
"2026","2025-10-31","57430581","57430585","Rail Pension and Supplemental Annuity","265235609.04"
"2026","2025-10-31","57430581","57430587","Social Security Equivalent Account","280986428.70"
"2026","2025-10-31","57430503","57430590","Total -- Employment and General Retirement","123852222037.74"
"2026","2025-10-31","57430592","57430594","Deposits by States","2797279986.74"
"2026","2025-10-31","57430592","57430596","Federal Unemployment Taxes","594942861.49"
"2026","2025-10-31","57430592","57430598","Railroad Unemployment Taxes","8336527.44"
"2026","2025-10-31","57430592","57430602","Total -- Unemployment Insurance","3400559375.67"
"2026","2025-10-31","57430499","57430604","Other Retirement:","null"
"2026","2025-10-31","57430604","57430607","Federal Employees' Retirement--Employee Share","537894272.53"
"2026","2025-10-31","57430604","57430610","Non-Federal Employees Retirement","1054489.42"
"2026","2025-10-31","57430604","57430614","Total -- Other Retirement","538948761.95"
"2026","2025-10-31","57430499","57430616","Total -- Social Insurance and Retirement Receipts","127791730175.36"
"2026","2025-10-31","null","57430619","Excise Taxes:","null"
"2026","2025-10-31","57430619","57430622","Miscellaneous Excise Taxes","4702079106.02"
"2026","2025-10-31","57430619","57430624","Airport and Airway Trust Fund","492755000.00"
"2026","2025-10-31","57430619","57430626","Highway Trust Fund","783754363.81"
"2026","2025-10-31","57430619","57430629","Black Lung Disability Trust Fund","4132000.00"
"2026","2026-07-31","59083780","59083786","Self-Employment Contributions Act Taxes","520000000.00"
"2026","2026-03-31","null","58130185","Miscellaneous Receipts:","null"
"2026","2026-03-31","58130185","58130188","Deposit of Earnings, Federal Reserve System","746451640.49"
"2026","2026-03-31","58130185","58130190","Universal Service Fund","679230438.32"
"2026","2026-03-31","58130185","58130193","All Other","1906620790.54"
"2026","2026-03-31","58130185","58130197","Total -- Miscellaneous Receipts","3332302869.35"
"2026","2026-03-31","null","58130200","Total -- Receipts","384862577035.79"
"2026","2026-07-31","59083728","59083730","Employment and General Retirement:","null"
"2026","2025-11-30","57508380","57508414","Federal Hospital Insurance Trust Fund:","null"
"2026","2026-05-31","58528667","58528676","Total -- Other Retirement","646441696.99"
"2026","2026-05-31","58528550","58528679","Total -- Social Insurance and Retirement Receipts","157280387368.16"
"2026","2026-05-31","null","58528682","Excise Taxes:","null"
"2026","2026-07-31","59083780","59083803","Total -- Federal Hospital Insurance Trust Fund","30597000000.00"
"2026","2026-07-31","59083805","59083808","Rail Pension and Supplemental Annuity","318344849.46"
"2026","2026-07-31","59083805","59083810","Social Security Equivalent Account","302762378.50"
"2026","2026-07-31","59083730","59083811","Total -- Employment and General Retirement","133763107227.96"
"2026","2026-07-31","59083812","59083816","Federal Unemployment Taxes","724730878.41"
"2026","2026-07-31","59083812","59083818","Railroad Unemployment Taxes","8661906.65"
"2026","2026-07-31","59083838","59083850","Black Lung Disability Trust Fund","24083000.00"
"2026","2026-07-31","59083838","59083852","Total -- Excise Taxes","9623758231.84"
"2026","2026-05-31","58528611","58528620","Self-Employment Contributions Act Taxes","547000000.00"
"2026","2025-11-30","57508494","57508502","Total -- Off-Budget","99160000000.00"
"2026","2026-03-31","null","58130161","Excise Taxes:","null"
"2026","2026-05-31","58528611","58528632","Adjustments Attributable to Prior Years-FICA","null"
"2026","2026-05-31","58528611","58528636","Adjustments Attributable to Prior Years-SECA","null"
"2026","2026-05-31","58528553","58528647","Total -- Employment and General Retirement","142093799835.36"
"2026","2026-05-31","58528650","58528652","Deposits by States","14505907714.75"
"2026","2026-05-31","58528650","58528655","Federal Unemployment Taxes","33168501.34"
"2026","2026-03-31","58130200","58130204","Total -- On-Budget","265310176290.02"
"2026","2026-03-31","58130200","58130209","Total -- Off-Budget","119552400745.77"
"2026","2026-05-31","58528650","58528664","Total -- Unemployment Insurance","14540145835.81"
"2026","2026-05-31","58528550","58528667","Other Retirement:","null"
"2026","2026-05-31","58528667","58528670","Federal Employees' Retirement--Employee Share","645178838.64"
"2026","2026-05-31","58528667","58528673","Non-Federal Employees Retirement","1262858.35"
"2026","2026-05-31","58528682","58528697","Total -- Excise Taxes","8702133418.49"
"2026","2026-05-31","null","58528700","Estate and Gift Taxes","3457224962.58"
"2026","2026-05-31","null","58528702","Customs Duties","'-42304566.23"
"2026","2026-05-31","58528704","58528713","Total -- Miscellaneous Receipts","2975202782.89"
"2026","2026-05-31","58528682","58528685","Miscellaneous Excise Taxes","'-1159852290.72"
"2026","2026-05-31","58528682","58528688","Airport and Airway Trust Fund","2711881000.00"
"2026","2026-05-31","58528682","58528691","Highway Trust Fund","7109407709.21"
"2026","2026-05-31","58528682","58528694","Black Lung Disability Trust Fund","40697000.00"
"2026","2026-07-31","59083780","59083796","Adjustments Attributable to Prior Years-FICA","null"
"2026","2026-07-31","59083780","59083799","Adjustments Attributable to Prior Years-SECA","null"
"2026","2025-11-30","57508494","57508497","Total -- On-Budget","236841195709.96"
"2026","2026-03-31","58130126","58130130","Deposits by States","'-1941046483.88"
"2026","2026-03-31","58130126","58130134","Federal Unemployment Taxes","35264360.56"
"2026","2026-03-31","58130126","58130139","Railroad Unemployment Taxes","106792.57"
"2026","2026-03-31","58130126","58130143","Total -- Unemployment Insurance","'-1905675330.75"
"2026","2026-03-31","58130025","58130146","Other Retirement:","null"
"2026","2026-03-31","58130146","58130149","Federal Employees' Retirement--Employee Share","730905958.63"
"2026","2026-03-31","58130146","58130152","Non-Federal Employees Retirement","2167171.06"
"2026","2026-03-31","58130146","58130155","Total -- Other Retirement","733073129.69"
"2026","2026-03-31","58130025","58130158","Total -- Social Insurance and Retirement Receipts","151723375307.77"
"2026","2026-03-31","58130161","58130164","Miscellaneous Excise Taxes","'-415002765.82"
"2026","2026-03-31","58130161","58130167","Airport and Airway Trust Fund","3021297036.03"
"2026","2026-03-31","58130161","58130170","Highway Trust Fund","4667927337.23"
"2026","2026-03-31","58130161","58130173","Black Lung Disability Trust Fund","26017587.38"
"2026","2026-03-31","58130161","58130176","Total -- Excise Taxes","7300239194.82"
"2026","2026-03-31","null","58130178","Estate and Gift Taxes","4995272220.70"
"2026","2026-03-31","null","58130182","Customs Duties","22154874400.70"
"2026","2026-07-31","59083714","59083718","Presidential Election Campaign Fund","null"
"2026","2026-07-31","59083714","59083723","Total -- Individual Income Taxes","173271094383.06"
"2026","2026-07-31","null","59083725","Corporation Income Taxes","13568609811.21"
"2026","2026-07-31","59083730","59083758","Federal Disability Insurance Trust Fund:","null"
"2026","2026-05-31","58528640","58528644","Social Security Equivalent Account","263251210.28"
"2026","2026-03-31","null","58130015","Individual Income Taxes","null"
"2026","2026-03-31","58130015","58130017","Withheld","null"
"2026","2026-03-31","58130015","58130018","Presidential Election Campaign Fund","null"
"2026","2026-03-31","58130027","58130113","Railroad Retirement:","null"
"2026","2026-07-31","59083730","59083736","Federal Old-Age and Survivors Insurance Trust Fund:","null"
"2026","2026-07-31","59083736","59083739","Federal Insurance Contributions Act Taxes","86766000000.00"
"2026","2026-07-31","59083736","59083741","Self-Employment Contributions Act Taxes","894000000.00"
"2026","2026-07-31","59083736","59083750","Adjustments Attributable to Prior Years-FICA","null"
"2026","2026-07-31","59083736","59083753","Adjustments Attrbutable to Prior Years-SECA","null"
"2026","2026-07-31","59083736","59083756","Total -- Federal Old-Age and Survivors Insurance Trust Fund","87660000000.00"
"2026","2026-07-31","59083758","59083761","Federal Insurance Contributions Act Taxes","14734000000.00"
"2026","2026-07-31","59083758","59083763","Self-Employment Contributions Act Taxes","151000000.00"
"2026","2026-07-31","59083758","59083769","Adjustments Attributable to Prior Years-FICA","null"
"2026","2026-07-31","59083758","59083776","Total -- Federal Disability Insurance Trust Fund","14885000000.00"
"2026","2026-07-31","59083730","59083780","Federal Hospital Insurance Trust Fund:","null"
"2026","2026-07-31","59083780","59083785","Federal Insurance Contributions Act Taxes","30077000000.00"
"2026","2026-07-31","59083780","59083790","Receipts from Railroad Retirement Board","null"
"2026","2026-05-31","58528531","58528535","Presidential Election Campaign Fund","null"
"2026","2026-05-31","58528531","58528538","Other","null"
"2026","2026-05-31","58528531","58528543","Total -- Individual Income Taxes","151978539501.66"
"2026","2026-05-31","null","58528546","Corporation Income Taxes","11160999759.87"
"2026","2026-05-31","null","58528550","Social Insurance and Retirement Receipts:","null"
"2026","2026-05-31","58528550","58528553","Employment and General Retirement:","null"
"2026","2026-05-31","58528553","58528556","Federal Old-Age and Survivors Insurance Trust Fund:","null"
"2026","2026-05-31","58528556","58528559","Federal Insurance Contributions Act Taxes","92927000000.00"
"2026","2026-05-31","58528556","58528563","Self-Employment Contributions Act Taxes","1167000000.00"
"2026","2026-05-31","58528556","58528571","Adjustments Attributable to Prior Years-FICA","null"
"2026","2026-03-31","58130027","58130123","Total -- Employment and General Retirement","152895977508.83"
"2026","2026-03-31","58130025","58130126","Unemployment Insurance:","null"
"2026","2026-05-31","58528582","58528587","Federal Insurance Contributions Act Taxes","15780000000.00"
"2026","2026-05-31","58528582","58528590","Self-Employment Contributions Act Taxes","198000000.00"
"2026","2026-05-31","58528582","58528597","Adjustments Attributable to Prior Years-FICA","null"
"2026","2026-05-31","58528556","58528574","Adjustments Attrbutable to Prior Years-SECA","null"
"2026","2026-05-31","58528556","58528579","Total -- Federal Old-Age and Survivors Insurance Trust Fund","94094000000.00"
"2026","2026-03-31","58130015","58130020","Other","null"
"2026","2026-03-31","58130015","58130021","Total -- Individual Income Taxes","188500107484.10"
"2026","2026-03-31","null","58130023","Corporation Income Taxes","6856405558.35"
"2026","2026-05-31","58528553","58528611","Federal Hospital Insurance Trust Fund:","null"
"2026","2026-05-31","58528611","58528615","Federal Insurance Contributions Act Taxes","30885000000.00"
"2026","2026-03-31","null","58130025","Social Insurance and Retirement Receipts:","null"
"2026","2026-03-31","58130025","58130027","Employment and General Retirement:","null"
"2026","2026-03-31","58130027","58130029","Federal Old-Age and Survivors Insurance Trust Fund:","null"
"2026","2026-03-31","58130029","58130033","Federal Insurance Contributions Act Taxes","100616000000.00"
"2026","2026-03-31","58130027","58130054","Federal Disability Insurance Trust Fund:","null"
"2026","2026-05-31","58528611","58528638","Total -- Federal Hospital Insurance Trust Fund","31432000000.00"
"2026","2026-05-31","58528640","58528642","Rail Pension and Supplemental Annuity","326548625.08"
"2026","2026-05-31","58528582","58528602","Adjustments Attributable to Prior Years-SECA","null"
"2026","2026-05-31","58528582","58528606","Total -- Federal Disability Insurance Trust Fund","15978000000.00"
"2026","2026-03-31","58130029","58130042","Adjustments Attributable to Prior Years-FICA","15981016.04"
"2026","2026-03-31","58130029","58130046","Adjustments Attrbutable to Prior Years-SECA","'-625964.91"
"2026","2026-03-31","58130029","58130050","Total -- Federal Old-Age and Survivors Insurance Trust Fund","102197355051.13"
"2026","2026-03-31","58130054","58130057","Federal Insurance Contributions Act Taxes","17086000000.00"
"2026","2026-03-31","58130054","58130062","Self-Employment Contributions Act Taxes","266000000.00"
"2026","2026-03-31","58130054","58130070","Adjustments Attributable to Prior Years-FICA","3172898.81"
"2026","2026-03-31","58130054","58130074","Adjustments Attributable to Prior Years-SECA","'-127204.17"
"2026","2026-06-30","58739448","58739451","Presidential Election Campaign Fund","null"
"2026","2026-06-30","58739448","58739452","Other","null"
"2026","2026-06-30","58739448","58739453","Total -- Individual Income Taxes","283146831936.70"
"2026","2026-03-31","58130029","58130035","Self-Employment Contributions Act Taxes","1566000000.00"
"2026","2026-06-30","null","58739448","Individual Income Taxes","null"
"2026","2026-06-30","58739448","58739449","Withheld","null"
"2026","2026-03-31","58130082","58130106","Adjustments Attributable to Prior Years-SECA","406364.87"
"2026","2026-03-31","58130082","58130110","Total -- Federal Hospital Insurance Trust Fund","32676122111.79"
"2026","2026-03-31","58130113","58130116","Rail Pension and Supplemental Annuity","374917895.40"
"2026","2026-03-31","58130113","58130118","Social Security Equivalent Account","292536755.87"
"2026","2026-06-30","null","58739454","Corporation Income Taxes","69536652912.03"
"2026","2026-06-30","null","58739455","Social Insurance and Retirement Receipts:","null"
"2026","2026-06-30","58739455","58739456","Employment and General Retirement:","null"
"2026","2026-06-30","58739456","58739460","Federal Old-Age and Survivors Insurance Trust Fund:","null"
"2026","2026-06-30","58739460","58739461","Federal Insurance Contributions Act Taxes","101835000000.00"
"2026","2026-06-30","58739460","58739464","Self-Employment Contributions Act Taxes","8529000000.00"
"2026","2026-06-30","58739460","58739471","Adjustments Attributable to Prior Years-FICA","'-5600987471.16"
"2026","2026-06-30","58739460","58739475","Adjustments Attrbutable to Prior Years-SECA","'-1367151621.09"
"2026","2026-06-30","58739460","58739478","Total -- Federal Old-Age and Survivors Insurance Trust Fund","103395860907.75"
"2026","2026-06-30","58739456","58739483","Federal Disability Insurance Trust Fund:","null"
"2026","2026-06-30","58739456","58739505","Federal Hospital Insurance Trust Fund:","null"
"2026","2026-06-30","58739455","58739576","Total -- Social Insurance and Retirement Receipts","155508864667.56"
"2026","2026-06-30","58739455","58739545","Unemployment Insurance:","null"
"2026","2026-06-30","null","58739596","Customs Duties","'-25555668440.83"
"2026","2026-06-30","null","58739599","Miscellaneous Receipts:","null"
"2026","2026-06-30","58739599","58739602","Deposit of Earnings, Federal Reserve System","1349218958.16"
"2026","2026-06-30","58739599","58739604","Universal Service Fund","671458589.77"
"2026","2026-06-30","58739599","58739607","All Other","1194687742.84"
"2026","2026-06-30","58739599","58739609","Total -- Miscellaneous Receipts","3215365290.77"
"2026","2026-06-30","null","58739612","Total -- Receipts","495761481568.70"
"2026","2026-06-30","58739612","58739615","Total -- On-Budget","374809467941.55"
"2026","2026-06-30","58739612","58739618","Total -- Off-Budget","120952013627.15"
"2026","2026-06-30","58739456","58739528","Railroad Retirement:","null"
"2026","2026-06-30","58739545","58739556","Railroad Unemployment Taxes","15859.68"
"2026","2026-06-30","58739545","58739564","Total -- Unemployment Insurance","800628657.83"
"2026","2026-06-30","58739455","58739567","Other Retirement:","null"
"2026","2026-06-30","58739567","58739569","Federal Employees' Retirement--Employee Share","754613541.90"
"2026","2026-06-30","58739567","58739571","Non-Federal Employees Retirement","1702864.35"
"2026","2026-06-30","null","58739595","Estate and Gift Taxes","2203882904.32"
"2026","2026-06-30","58739579","58739592","Total -- Excise Taxes","7705552298.15"
